time,BlkCnt,HashRate
2009-01-03,0,
2009-01-04,0,
2009-01-05,0,
2009-01-06,0,
2009-01-07,0,
2009-01-08,0,
2009-01-09,19,0.000000944495122962963
2009-01-10,61,0.00000303232644740741
2009-01-11,93,0.00000462305507555556
2009-01-12,94,0.00000467276534518519
2009-01-13,123,0.00000611436316444444
2009-01-14,129,0.00000641262478222222
2009-01-15,126,0.00000626349397333333
2009-01-16,108,0.00000536870912
2009-01-17,109,0.00000541841938962963
2009-01-18,107,0.00000531899885037037
2009-01-19,115,0.00000571668100740741
2009-01-20,114,0.00000566697073777778
2009-01-21,102,0.00000507044750222222
2009-01-22,91,0.0000045236345362963
2009-01-23,84,0.00000417566264888889
2009-01-24,201,0.00000999176419555555
2009-01-25,191,0.00000949466149925926
2009-01-26,96,0.00000477218588444444
2009-01-27,97,0.00000482189615407407
2009-01-28,112,0.00000556755019851852
2009-01-29,121,0.00000601494262518518
2009-01-30,117,0.00000581610154666667
2009-01-31,138,0.00000686001720888889
2009-02-01,113,0.00000561726046814815
2009-02-02,128,0.00000636291451259259
2009-02-03,139,0.00000690972747851852
2009-02-04,119,0.00000591552208592593
2009-02-05,126,0.00000626349397333333
2009-02-06,122,0.00000606465289481481
2009-02-07,129,0.00000641262478222222
2009-02-08,132,0.00000656175559111111
2009-02-09,134,0.00000666117613037037
2009-02-10,120,0.00000596523235555556
2009-02-11,133,0.00000661146586074074
2009-02-12,119,0.00000591552208592593
2009-02-13,124,0.00000616407343407407
2009-02-14,136,0.00000676059666962963
2009-02-15,128,0.00000636291451259259
2009-02-16,122,0.00000606465289481481
2009-02-17,117,0.00000581610154666667
2009-02-18,118,0.0000058658118162963
2009-02-19,124,0.00000616407343407407
2009-02-20,122,0.00000606465289481481
2009-02-21,114,0.00000566697073777778
2009-02-22,121,0.00000601494262518518
2009-02-23,108,0.00000536870912
2009-02-24,106,0.00000526928858074074
2009-02-25,105,0.00000521957831111111
2009-02-26,107,0.00000531899885037037
2009-02-27,115,0.00000571668100740741
2009-02-28,99,0.00000492131669333333
2009-03-01,105,0.00000521957831111111
2009-03-02,108,0.00000536870912
2009-03-03,105,0.00000521957831111111
2009-03-04,104,0.00000516986804148148
2009-03-05,112,0.00000556755019851852
2009-03-06,117,0.00000581610154666667
2009-03-07,109,0.00000541841938962963
2009-03-08,115,0.00000571668100740741
2009-03-09,108,0.00000536870912
2009-03-10,107,0.00000531899885037037
2009-03-11,114,0.00000566697073777778
2009-03-12,118,0.0000058658118162963
2009-03-13,113,0.00000561726046814815
2009-03-14,110,0.00000546812965925926
2009-03-15,123,0.00000611436316444444
2009-03-16,121,0.00000601494262518518
2009-03-17,114,0.00000566697073777778
2009-03-18,114,0.00000566697073777778
2009-03-19,122,0.00000606465289481481
2009-03-20,118,0.0000058658118162963
2009-03-21,50,0.00000248551348148148
2009-03-22,119,0.00000591552208592593
2009-03-23,130,0.00000646233505185185
2009-03-24,105,0.00000521957831111111
2009-03-25,117,0.00000581610154666667
2009-03-26,117,0.00000581610154666667
2009-03-27,106,0.00000526928858074074
2009-03-28,119,0.00000591552208592593
2009-03-29,116,0.00000576639127703704
2009-03-30,120,0.00000596523235555556
2009-03-31,110,0.00000546812965925926
2009-04-01,114,0.00000566697073777778
2009-04-02,115,0.00000571668100740741
2009-04-03,116,0.00000576639127703704
2009-04-04,113,0.00000561726046814815
2009-04-05,130,0.00000646233505185185
2009-04-06,109,0.00000541841938962963
2009-04-07,100,0.00000497102696296296
2009-04-08,105,0.00000521957831111111
2009-04-09,99,0.00000492131669333333
2009-04-10,108,0.00000536870912
2009-04-11,120,0.00000596523235555556
2009-04-12,118,0.0000058658118162963
2009-04-13,115,0.00000571668100740741
2009-04-14,124,0.00000616407343407407
2009-04-15,113,0.00000561726046814815
2009-04-16,123,0.00000611436316444444
2009-04-17,112,0.00000556755019851852
2009-04-18,126,0.00000626349397333333
2009-04-19,119,0.00000591552208592593
2009-04-20,119,0.00000591552208592593
2009-04-21,123,0.00000611436316444444
2009-04-22,121,0.00000601494262518518
2009-04-23,75,0.00000372827022222222
2009-04-24,115,0.00000571668100740741
2009-04-25,118,0.0000058658118162963
2009-04-26,112,0.00000556755019851852
2009-04-27,104,0.00000516986804148148
2009-04-28,117,0.00000581610154666667
2009-04-29,128,0.00000636291451259259
2009-04-30,131,0.00000651204532148148
2009-05-01,121,0.00000601494262518518
2009-05-02,126,0.00000626349397333333
2009-05-03,106,0.00000526928858074074
2009-05-04,128,0.00000636291451259259
2009-05-05,135,0.0000067108864
2009-05-06,135,0.0000067108864
2009-05-07,122,0.00000606465289481481
2009-05-08,107,0.00000531899885037037
2009-05-09,78,0.00000387740103111111
2009-05-10,85,0.00000422537291851852
2009-05-11,120,0.00000596523235555556
2009-05-12,130,0.00000646233505185185
2009-05-13,111,0.00000551783992888889
2009-05-14,139,0.00000690972747851852
2009-05-15,136,0.00000676059666962963
2009-05-16,119,0.00000591552208592593
2009-05-17,127,0.00000631320424296296
2009-05-18,118,0.0000058658118162963
2009-05-19,86,0.00000427508318814815
2009-05-20,120,0.00000596523235555556
2009-05-21,82,0.00000407624210962963
2009-05-22,61,0.00000303232644740741
2009-05-23,32,0.00000159072862814815
2009-05-24,100,0.00000497102696296296
2009-05-25,109,0.00000541841938962963
2009-05-26,125,0.0000062137837037037
2009-05-27,119,0.00000591552208592593
2009-05-28,95,0.00000472247561481481
2009-05-29,106,0.00000526928858074074
2009-05-30,109,0.00000541841938962963
2009-05-31,96,0.00000477218588444444
2009-06-01,71,0.0000035294291437037
2009-06-02,111,0.00000551783992888889
2009-06-03,71,0.0000035294291437037
2009-06-04,66,0.00000328087779555556
2009-06-05,30,0.00000149130808888889
2009-06-06,28,0.00000139188754962963
2009-06-07,16,0.000000795364314074074
2009-06-08,82,0.00000407624210962963
2009-06-09,91,0.0000045236345362963
2009-06-10,82,0.00000407624210962963
2009-06-11,89,0.00000442421399703704
2009-06-12,86,0.00000427508318814815
2009-06-13,78,0.00000387740103111111
2009-06-14,72,0.00000357913941333333
2009-06-15,84,0.00000417566264888889
2009-06-16,71,0.0000035294291437037
2009-06-17,79,0.00000392711130074074
2009-06-18,80,0.00000397682157037037
2009-06-19,87,0.00000432479345777778
2009-06-20,78,0.00000387740103111111
2009-06-21,81,0.00000402653184
2009-06-22,76,0.00000377798049185185
2009-06-23,76,0.00000377798049185185
2009-06-24,95,0.00000472247561481481
2009-06-25,68,0.00000338029833481481
2009-06-26,90,0.00000447392426666667
2009-06-27,84,0.00000417566264888889
2009-06-28,46,0.00000228667240296296
2009-06-29,83,0.00000412595237925926
2009-06-30,85,0.00000422537291851852
2009-07-01,74,0.00000367855995259259
2009-07-02,83,0.00000412595237925926
2009-07-03,82,0.00000407624210962963
2009-07-04,89,0.00000442421399703704
2009-07-05,79,0.00000392711130074074
2009-07-06,84,0.00000417566264888889
2009-07-07,69,0.00000343000860444444
2009-07-08,74,0.00000367855995259259
2009-07-09,86,0.00000427508318814815
2009-07-10,81,0.00000402653184
2009-07-11,83,0.00000412595237925926
2009-07-12,77,0.00000382769076148148
2009-07-13,78,0.00000387740103111111
2009-07-14,69,0.00000343000860444444
2009-07-15,45,0.00000223696213333333
2009-07-16,71,0.0000035294291437037
2009-07-17,47,0.00000233638267259259
2009-07-18,4,0.000000198841078518518
2009-07-19,70,0.00000347971887407407
2009-07-20,70,0.00000347971887407407
2009-07-21,82,0.00000407624210962963
2009-07-22,60,0.00000298261617777778
2009-07-23,76,0.00000377798049185185
2009-07-24,73,0.00000362884968296296
2009-07-25,32,0.00000159072862814815
2009-07-26,21,0.00000104391566222222
2009-07-27,74,0.00000367855995259259
2009-07-28,41,0.00000203812105481481
2009-07-29,19,0.000000944495122962963
2009-07-30,15,0.000000745654044444444
2009-07-31,17,0.000000845074583703704
2009-08-01,28,0.00000139188754962963
2009-08-02,23,0.00000114333620148148
2009-08-03,12,0.000000596523235555555
2009-08-04,81,0.00000402653184
2009-08-05,87,0.00000432479345777778
2009-08-06,90,0.00000447392426666667
2009-08-07,80,0.00000397682157037037
2009-08-08,80,0.00000397682157037037
2009-08-09,101,0.00000502073723259259
2009-08-10,75,0.00000372827022222222
2009-08-11,70,0.00000347971887407407
2009-08-12,63,0.00000313174698666667
2009-08-13,85,0.00000422537291851852
2009-08-14,63,0.00000313174698666667
2009-08-15,26,0.00000129246701037037
2009-08-16,19,0.000000944495122962963
2009-08-17,17,0.000000845074583703704
2009-08-18,10,0.000000497102696296296
2009-08-19,18,0.000000894784853333333
2009-08-20,22,0.00000109362593185185
2009-08-21,14,0.000000695943774814815
2009-08-22,7,0.000000347971887407407
2009-08-23,15,0.000000745654044444444
2009-08-24,15,0.000000745654044444444
2009-08-25,50,0.00000248551348148148
2009-08-26,48,0.00000238609294222222
2009-08-27,29,0.00000144159781925926
2009-08-28,75,0.00000372827022222222
2009-08-29,78,0.00000387740103111111
2009-08-30,97,0.00000482189615407407
2009-08-31,86,0.00000427508318814815
2009-09-01,78,0.00000387740103111111
2009-09-02,66,0.00000328087779555556
2009-09-03,61,0.00000303232644740741
2009-09-04,64,0.0000031814572562963
2009-09-05,76,0.00000377798049185185
2009-09-06,68,0.00000338029833481481
2009-09-07,78,0.00000387740103111111
2009-09-08,69,0.00000343000860444444
2009-09-09,54,0.00000268435456
2009-09-10,67,0.00000333058806518519
2009-09-11,67,0.00000333058806518519
2009-09-12,69,0.00000343000860444444
2009-09-13,75,0.00000372827022222222
2009-09-14,74,0.00000367855995259259
2009-09-15,44,0.0000021872518637037
2009-09-16,72,0.00000357913941333333
2009-09-17,84,0.00000417566264888889
2009-09-18,78,0.00000387740103111111
2009-09-19,74,0.00000367855995259259
2009-09-20,78,0.00000387740103111111
2009-09-21,69,0.00000343000860444444
2009-09-22,25,0.00000124275674074074
2009-09-23,36,0.00000178956970666667
2009-09-24,97,0.00000482189615407407
2009-09-25,91,0.0000045236345362963
2009-09-26,100,0.00000497102696296296
2009-09-27,87,0.00000432479345777778
2009-09-28,85,0.00000422537291851852
2009-09-29,88,0.00000437450372740741
2009-09-30,85,0.00000422537291851852
2009-10-01,82,0.00000407624210962963
2009-10-02,72,0.00000357913941333333
2009-10-03,58,0.00000288319563851852
2009-10-04,53,0.00000263464429037037
2009-10-05,55,0.00000273406482962963
2009-10-06,43,0.00000213754159407407
2009-10-07,60,0.00000298261617777778
2009-10-08,70,0.00000347971887407407
2009-10-09,79,0.00000392711130074074
2009-10-10,77,0.00000382769076148148
2009-10-11,74,0.00000367855995259259
2009-10-12,58,0.00000288319563851852
2009-10-13,57,0.00000283348536888889
2009-10-14,69,0.00000343000860444444
2009-10-15,71,0.0000035294291437037
2009-10-16,60,0.00000298261617777778
2009-10-17,57,0.00000283348536888889
2009-10-18,74,0.00000367855995259259
2009-10-19,112,0.00000556755019851852
2009-10-20,95,0.00000472247561481481
2009-10-21,80,0.00000397682157037037
2009-10-22,90,0.00000447392426666667
2009-10-23,89,0.00000442421399703704
2009-10-24,62,0.00000308203671703704
2009-10-25,76,0.00000377798049185185
2009-10-26,71,0.0000035294291437037
2009-10-27,64,0.0000031814572562963
2009-10-28,66,0.00000328087779555556
2009-10-29,46,0.00000228667240296296
2009-10-30,60,0.00000298261617777778
2009-10-31,46,0.00000228667240296296
2009-11-01,25,0.00000124275674074074
2009-11-02,33,0.00000164043889777778
2009-11-03,62,0.00000308203671703704
2009-11-04,63,0.00000313174698666667
2009-11-05,57,0.00000283348536888889
2009-11-06,62,0.00000308203671703704
2009-11-07,69,0.00000343000860444444
2009-11-08,73,0.00000362884968296296
2009-11-09,64,0.0000031814572562963
2009-11-10,78,0.00000387740103111111
2009-11-11,64,0.0000031814572562963
2009-11-12,66,0.00000328087779555556
2009-11-13,80,0.00000397682157037037
2009-11-14,79,0.00000392711130074074
2009-11-15,96,0.00000477218588444444
2009-11-16,97,0.00000482189615407407
2009-11-17,92,0.00000457334480592593
2009-11-18,79,0.00000392711130074074
2009-11-19,70,0.00000347971887407407
2009-11-20,86,0.00000427508318814815
2009-11-21,73,0.00000362884968296296
2009-11-22,106,0.00000526928858074074
2009-11-23,96,0.00000477218588444444
2009-11-24,93,0.00000462305507555556
2009-11-25,90,0.00000447392426666667
2009-11-26,84,0.00000417566264888889
2009-11-27,74,0.00000367855995259259
2009-11-28,71,0.0000035294291437037
2009-11-29,60,0.00000298261617777778
2009-11-30,75,0.00000372827022222222
2009-12-01,73,0.00000362884968296296
2009-12-02,94,0.00000467276534518519
2009-12-03,88,0.00000437450372740741
2009-12-04,36,0.00000178956970666667
2009-12-05,64,0.0000031814572562963
2009-12-06,103,0.00000512015777185185
2009-12-07,112,0.00000556755019851852
2009-12-08,105,0.00000521957831111111
2009-12-09,96,0.00000477218588444444
2009-12-10,104,0.00000516986804148148
2009-12-11,112,0.00000556755019851852
2009-12-12,110,0.00000546812965925926
2009-12-13,114,0.00000566697073777778
2009-12-14,102,0.00000507044750222222
2009-12-15,110,0.00000546812965925926
2009-12-16,136,0.00000676059666962963
2009-12-17,169,0.00000840103556740741
2009-12-18,225,0.0000111848106666667
2009-12-19,198,0.00000984263338666667
2009-12-20,175,0.00000869929718518518
2009-12-21,175,0.00000869929718518518
2009-12-22,162,0.00000805306368
2009-12-23,154,0.00000765538152296296
2009-12-24,154,0.00000765538152296296
2009-12-25,149,0.00000740683017481482
2009-12-26,174,0.00000864958691555555
2009-12-27,167,0.00000830161502814815
2009-12-28,137,0.00000681030693925926
2009-12-29,171,0.00000850045610666667
2009-12-30,141,0.00000792743851952609
2009-12-31,138,0.00000811471116177273
2010-01-01,132,0.000007761897633
2010-01-02,126,0.00000740908410422728
2010-01-03,186,0.0000109372193919545
2010-01-04,181,0.0000106432081179773
2010-01-05,198,0.0000116428464495
2010-01-06,163,0.00000958476753165909
2010-01-07,154,0.0000090555472385
2010-01-08,153,0.00000899674498370455
2010-01-09,151,0.00000887914047411364
2010-01-10,190,0.0000111724284111364
2010-01-11,159,0.00000944672228286733
2010-01-12,159,0.0000103151234807286
2010-01-13,164,0.0000106394984329527
2010-01-14,143,0.00000927712363361122
2010-01-15,141,0.00000914737365272156
2010-01-16,125,0.00000810937380560423
2010-01-17,131,0.00000849862374827323
2010-01-18,125,0.00000810937380560423
2010-01-19,124,0.00000804449881515939
2010-01-20,158,0.0000102502484902837
2010-01-21,175,0.0000113531233278459
2010-01-22,133,0.00000862837372916289
2010-01-23,160,0.0000103799984711734
2010-01-24,154,0.00000999074852850439
2010-01-25,211,0.0000138891428992527
2010-01-26,195,0.0000130302482192822
2010-01-27,164,0.000010958772861345
2010-01-28,177,0.0000118274560759638
2010-01-29,197,0.000013163891790762
2010-01-30,210,0.0000140325750053808
2010-01-31,165,0.0000110255946470849
2010-02-01,184,0.0000122952085761432
2010-02-02,145,0.00000968915893228676
2010-02-03,270,0.0000180418821497754
2010-02-04,229,0.0000158446145715676
2010-02-05,223,0.0000201604285278103
2010-02-06,192,0.0000173578577459174
2010-02-07,217,0.0000196179954732504
2010-02-08,200,0.000018081101818664
2010-02-09,207,0.0000187139403823172
2010-02-10,168,0.0000151881255276777
2010-02-11,169,0.0000152785310367711
2010-02-12,183,0.0000165442081640775
2010-02-13,232,0.0000209740781096502
2010-02-14,208,0.0000190158401261968
2010-02-15,176,0.0000221152004874884
2010-02-16,195,0.0000245026369037513
2010-02-17,239,0.0000300314370256233
2010-02-18,208,0.0000261361460306681
2010-02-19,192,0.0000241256732590782
2010-02-20,208,0.0000261361460306681
2010-02-21,223,0.0000280209642540335
2010-02-22,260,0.0000326701825383349
2010-02-23,250,0.0000314136370560913
2010-02-24,171,0.0000284655236405324
2010-02-25,154,0.0000289463697810303
2010-02-26,172,0.0000323297117034884
2010-02-27,172,0.0000323297117034884
2010-02-28,156,0.0000293222966613034
2010-03-01,195,0.0000366528708266293
2010-03-02,188,0.0000353371267456733
2010-03-03,152,0.0000285704429007572
2010-03-04,185,0.0000347732364252637
2010-03-05,171,0.0000321417482633518
2010-03-06,177,0.0000332695289041712
2010-03-07,179,0.0000336454557844443
2010-03-08,125,0.0000280433283726185
2010-03-09,146,0.0000328852291444467
2010-03-10,162,0.0000364890898726052
2010-03-11,133,0.0000299570923028179
2010-03-12,121,0.0000272541967566989
2010-03-13,153,0.000034461918213016
2010-03-14,125,0.0000281551619387386
2010-03-15,135,0.0000304075748938377
2010-03-16,126,0.0000283804032342485
2010-03-17,136,0.0000306328161893476
2010-03-18,140,0.0000315337813713872
2010-03-19,153,0.000034461918213016
2010-03-20,192,0.0000432463287379025
2010-03-21,183,0.0000412377930986408
2010-03-22,179,0.0000406214507725113
2010-03-23,207,0.0000469756441894405
2010-03-24,171,0.000038805966939103
2010-03-25,187,0.0000424369346059197
2010-03-26,197,0.0000447062893976801
2010-03-27,178,0.0000403945152933353
2010-03-28,186,0.0000422099991267436
2010-03-29,195,0.000044252418439328
2010-03-30,215,0.0000487911280228488
2010-03-31,209,0.0000474295151477926
2010-04-01,168,0.0000447002045237894
2010-04-02,156,0.0000471916688602609
2010-04-03,161,0.0000487042223493718
2010-04-04,171,0.0000517293293275937
2010-04-05,153,0.0000462841367667943
2010-04-06,159,0.0000480992009537274
2010-04-07,193,0.0000583845646796818
2010-04-08,183,0.0000553594577014599
2010-04-09,189,0.000057174521888393
2010-04-10,260,0.0000786527814337682
2010-04-11,223,0.0000674598856143474
2010-04-12,203,0.0000719277209962042
2010-04-13,189,0.0000734688770108426
2010-04-14,180,0.0000699703590579453
2010-04-15,216,0.0000839644308695343
2010-04-16,202,0.0000785222918316941
2010-04-17,221,0.0000859080519544772
2010-04-18,245,0.0000952374331622032
2010-04-19,232,0.0000901840183413516
2010-04-20,205,0.0000796884644826599
2010-04-21,219,0.0000878481537128413
2010-04-22,159,0.0000906131825400019
2010-04-23,150,0.0000854841344716999
2010-04-24,168,0.0000957422306083039
2010-04-25,158,0.0000900432883101906
2010-04-26,164,0.0000934626536890586
2010-04-27,180,0.00010258096136604
2010-04-28,180,0.00010258096136604
2010-04-29,147,0.0000837744517822659
2010-04-30,144,0.0000820647690928319
2010-05-01,183,0.000104290644055474
2010-05-02,155,0.0000883336056207566
2010-05-03,159,0.0000906131825400019
2010-05-04,136,0.0000831506698313147
2010-05-05,137,0.0000875068811554375
2010-05-06,149,0.0000951717174610234
2010-05-07,132,0.0000843131993614435
2010-05-08,154,0.0000983653992550174
2010-05-09,143,0.0000913392993082304
2010-05-10,128,0.0000817582539262482
2010-05-11,111,0.0000708997358266683
2010-05-12,127,0.0000811195175674494
2010-05-13,128,0.0000817582539262482
2010-05-14,123,0.0000785645721322541
2010-05-15,91,0.000058125008650692
2010-05-16,113,0.0000721772085442659
2010-05-17,143,0.0000913392993082304
2010-05-18,168,0.000107307708278201
2010-05-19,164,0.000100913761262523
2010-05-20,203,0.000119542476669434
2010-05-21,176,0.000103642738393204
2010-05-22,195,0.000114831443106106
2010-05-23,211,0.000124253510232761
2010-05-24,188,0.000110709288738195
2010-05-25,210,0.000123664631037345
2010-05-26,223,0.000131320060577752
2010-05-27,192,0.000113064805519859
2010-05-28,223,0.000131320060577752
2010-05-29,184,0.000124012911518638
2010-05-30,149,0.000123094693976881
2010-05-31,142,0.000117311721776625
2010-06-01,135,0.000111528749576369
2010-06-02,147,0.000121442416205379
2010-06-03,152,0.000125573110634133
2010-06-04,125,0.00010326736071886
2010-06-05,145,0.000119790138433877
2010-06-06,148,0.00012226855509113
2010-06-07,157,0.000129703805062888
2010-06-08,160,0.00013218222172014
2010-06-09,168,0.000138791332806147
2010-06-10,160,0.00013218222172014
2010-06-11,168,0.000139018730269074
2010-06-12,135,0.000116645192492224
2010-06-13,172,0.000148614615619722
2010-06-14,161,0.000139110192527763
2010-06-15,184,0.000158983077174587
2010-06-16,142,0.000122693461732561
2010-06-17,146,0.000126149615584183
2010-06-18,150,0.000129605769435804
2010-06-19,150,0.000129605769435804
2010-06-20,185,0.000159847115637492
2010-06-21,154,0.000133061923287426
2010-06-22,156,0.000134790000213236
2010-06-23,187,0.000161575192563303
2010-06-24,169,0.000154169415000617
2010-06-25,150,0.000144692648638788
2010-06-26,159,0.000153374207557116
2010-06-27,178,0.000171701943051362
2010-06-28,152,0.000146621883953972
2010-06-29,169,0.000163020384133035
2010-06-30,182,0.00017556041368173
2010-07-01,211,0.000203534325751895
2010-07-02,167,0.000161091148817851
2010-07-03,212,0.000204498943409487
2010-07-04,166,0.000160126531160259
2010-07-05,179,0.000172666560708954
2010-07-06,169,0.00019539853605246
2010-07-07,156,0.000182247597976984
2010-07-08,151,0.000176406328811055
2010-07-09,199,0.000232482512803973
2010-07-10,198,0.000231314258970787
2010-07-11,179,0.000209117436140257
2010-07-12,659,0.000769879276069431
2010-07-13,692,0.00121856529011074
2010-07-14,578,0.00130404976730999
2010-07-15,624,0.00140783227474296
2010-07-16,505,0.00159960429934736
2010-07-17,173,0.00156124989442647
2010-07-18,172,0.00155222532856273
2010-07-19,174,0.0015702744602902
2010-07-20,181,0.00163344642133636
2010-07-21,207,0.00186808513379352
2010-07-22,176,0.00158832359201768
2010-07-23,194,0.00175076577756494
2010-07-24,189,0.00170564294824626
2010-07-25,231,0.00208467471452321
2010-07-26,243,0.00219296950488805
2010-07-27,166,0.00199030154330266
2010-07-28,159,0.00193024492155981
2010-07-29,180,0.00218518293006771
2010-07-30,182,0.0022094627404018
2010-07-31,203,0.00246440074890969
2010-08-01,239,0.00290143733492324
2010-08-02,242,0.00293785705042437
2010-08-03,227,0.00275575847291872
2010-08-04,243,0.00294999695559141
2010-08-05,218,0.0028343136485242
2010-08-06,147,0.00257338621241248
2010-08-07,155,0.00271343444165942
2010-08-08,199,0.00348369970251758
2010-08-09,190,0.00332614544461478
2010-08-10,191,0.00334365147327064
2010-08-11,233,0.00407890467681707
2010-08-12,217,0.00379880821832319
2010-08-13,215,0.00376379616101146
2010-08-14,281,0.0049191940522987
2010-08-15,207,0.00405220400471671
2010-08-16,147,0.00373973885544902
2010-08-17,129,0.00328181164865935
2010-08-18,133,0.00338357325016816
2010-08-19,135,0.00343445405092257
2010-08-20,193,0.00490999727280041
2010-08-21,173,0.00440118926525633
2010-08-22,212,0.00539336487996729
2010-08-23,213,0.00541880528034449
2010-08-24,215,0.0054696860810989
2010-08-25,216,0.0054951264814761
2010-08-26,210,0.00542016074795354
2010-08-27,171,0.00529907348983421
2010-08-28,170,0.00526808475597553
2010-08-29,162,0.00502017488510609
2010-08-30,149,0.00461732134494326
2010-08-31,184,0.00570192702999705
2010-09-01,157,0.0048652312158127
2010-09-02,156,0.00483424248195401
2010-09-03,164,0.00508215235282345
2010-09-04,181,0.00560896082842101
2010-09-05,165,0.00511314108668213
2010-09-06,158,0.00489621994967138
2010-09-07,160,0.00495819741738873
2010-09-08,165,0.00573599618291432
2010-09-09,135,0.0047840893422885
2010-09-10,177,0.0062724726932227
2010-09-11,160,0.00567003181308267
2010-09-12,177,0.0062724726932227
2010-09-13,171,0.0060598465002321
2010-09-14,203,0.00719385286284863
2010-09-15,169,0.00598897110256856
2010-09-16,219,0.00776085604415689
2010-09-17,208,0.00737104135700746
2010-09-18,237,0.00839873462312869
2010-09-19,209,0.00933199495165843
2010-09-20,203,0.00926199956576555
2010-09-21,172,0.00784760554340728
2010-09-22,174,0.0079388567706562
2010-09-23,234,0.0106763935881238
2010-09-24,228,0.0104026399063771
2010-09-25,207,0.00944450202026339
2010-09-26,205,0.00935325079301447
2010-09-27,229,0.0104482655200015
2010-09-28,212,0.0104098858028698
2010-09-29,164,0.010750436774287
2010-09-30,146,0.00957051078686525
2010-10-01,154,0.0100949223368305
2010-10-02,100,0.00655514437456523
2010-10-03,122,0.00799727613696959
2010-10-04,153,0.0100293708930848
2010-10-05,126,0.0082594819119522
2010-10-06,171,0.0112092968805066
2010-10-07,160,0.0104882309993044
2010-10-08,154,0.0100949223368305
2010-10-09,158,0.0103571281118131
2010-10-10,178,0.0116681569867261
2010-10-11,159,0.0104226795555587
2010-10-12,155,0.0105175094359409
2010-10-13,176,0.0120563786888564
2010-10-14,205,0.014042941086452
2010-10-15,177,0.0121248808404976
2010-10-16,258,0.0176735551234372
2010-10-17,270,0.018495580943132
2010-10-18,249,0.0170570357586661
2010-10-19,256,0.0175365508201548
2010-10-20,264,0.0180845680332846
2010-10-21,186,0.018337040329349
2010-10-22,154,0.0164515818945875
2010-10-23,175,0.0186949794256676
2010-10-24,205,0.0218998330414963
2010-10-25,203,0.0216861761337744
2010-10-26,241,0.0257456573804908
2010-10-27,213,0.022754460672384
2010-10-28,219,0.0233954313955498
2010-10-29,223,0.0238227452109936
2010-10-30,252,0.0276237096817406
2010-10-31,179,0.0275107023258776
2010-11-01,177,0.0272033201769851
2010-11-02,176,0.0270496291025389
2010-11-03,190,0.0292013041447863
2010-11-04,201,0.030891905963695
2010-11-05,219,0.0336583453037274
2010-11-06,218,0.0335046542292811
2010-11-07,241,0.0370395489415447
2010-11-08,275,0.042265045472717
2010-11-09,217,0.0399576940439629
2010-11-10,203,0.0457771834440332
2010-11-11,219,0.0493852373115432
2010-11-12,169,0.0381100689755745
2010-11-13,223,0.0502872507784207
2010-11-14,256,0.0577288618801601
2010-11-15,200,0.0451006733438751
2010-11-16,197,0.044424163243717
2010-11-17,247,0.0556993315796857
2010-11-18,257,0.063399410028978
2010-11-19,150,0.0512033075039661
2010-11-20,116,0.0395972244697338
2010-11-21,140,0.0477897536703684
2010-11-22,163,0.0556409274876431
2010-11-23,140,0.0477897536703684
2010-11-24,177,0.0604199028546799
2010-11-25,181,0.061785324388119
2010-11-26,194,0.066222944371796
2010-11-27,180,0.0614439690047592
2010-11-28,172,0.0587131259378811
2010-11-29,209,0.0713432751221925
2010-11-30,202,0.0722655508954609
2010-12-01,188,0.0754950217057436
2010-12-02,188,0.0754950217057436
2010-12-03,189,0.0758965909701358
2010-12-04,229,0.0919593615458261
2010-12-05,239,0.0959750541897487
2010-12-06,241,0.0967781927185332
2010-12-07,239,0.0959750541897487
2010-12-08,238,0.0955734849253564
2010-12-09,223,0.092247198273048
2010-12-10,147,0.0895303811037848
2010-12-11,175,0.106583787028315
2010-12-12,171,0.104147586181954
2010-12-13,141,0.0858760798342426
2010-12-14,171,0.104147586181954
2010-12-15,196,0.119373841471713
2010-12-16,173,0.105365686605134
2010-12-17,166,0.101102335124002
2010-12-18,161,0.09805708406605
2010-12-19,184,0.112065238932629
2010-12-20,159,0.0968389836428693
2010-12-21,196,0.123479413447296
2010-12-22,157,0.113041823764728
2010-12-23,145,0.104401684368698
2010-12-24,148,0.106561719217705
2010-12-25,168,0.120961951544422
2010-12-26,145,0.104401684368698
2010-12-27,166,0.119521928311751
2010-12-28,169,0.121681963160758
2010-12-29,165,0.118801916695415
2010-12-30,169,0.121681963160758
2010-12-31,162,0.116641881846407
2011-01-01,181,0.130322102556788
2011-01-02,175,0.126002032858773
2011-01-03,156,0.123832415934612
2011-01-04,141,0.114301127146323
2011-01-05,154,0.124839528939956
2011-01-06,141,0.114301127146323
2011-01-07,164,0.132945991858135
2011-01-08,170,0.137809869609042
2011-01-09,163,0.132135345566317
2011-01-10,162,0.131324699274499
2011-01-11,172,0.139431162192678
2011-01-12,167,0.135377930733588
2011-01-13,188,0.152401502861764
2011-01-14,181,0.146726978819039
2011-01-15,157,0.134789940555296
2011-01-16,174,0.159478007688148
2011-01-17,181,0.165893789606637
2011-01-18,141,0.129232178643844
2011-01-19,169,0.154895306317799
2011-01-20,186,0.170476490976986
2011-01-21,174,0.159478007688148
2011-01-22,165,0.151229145221519
2011-01-23,170,0.155811846591869
2011-01-24,188,0.172309571525125
2011-01-25,156,0.142980282754891
2011-01-26,180,0.164977249332567
2011-01-27,160,0.164238856456947
2011-01-28,158,0.1728901430173
2011-01-29,161,0.176172867251806
2011-01-30,156,0.170701660194296
2011-01-31,170,0.186021039955323
2011-02-01,164,0.179455591486312
2011-02-02,158,0.1728901430173
2011-02-03,160,0.175078625840304
2011-02-04,194,0.212282833831369
2011-02-05,179,0.19586921265884
2011-02-06,177,0.193680729835836
2011-02-07,203,0.222131006534886
2011-02-08,168,0.209786304584443
2011-02-09,192,0.248133431243539
2011-02-10,186,0.240379261517178
2011-02-11,186,0.240379261517178
2011-02-12,196,0.253302877727779
2011-02-13,198,0.255887600969899
2011-02-14,196,0.253302877727779
2011-02-15,225,0.290781364738522
2011-02-16,232,0.299827896085942
2011-02-17,231,0.298535534464882
2011-02-18,212,0.361872356546793
2011-02-19,161,0.291801360363519
2011-02-20,198,0.358861300322836
2011-02-21,194,0.351611577083991
2011-02-22,211,0.382422900849083
2011-02-23,243,0.440420686759845
2011-02-24,207,0.375173177610238
2011-02-25,225,0.407796932185041
2011-02-26,276,0.500230903480318
2011-02-27,244,0.548738299564689
2011-02-28,150,0.414505490200174
2011-03-01,130,0.359238091506817
2011-03-02,168,0.464246149024195
2011-03-03,186,0.513986807848217
2011-03-04,221,0.610704755561592
2011-03-05,277,0.765453471902993
2011-03-06,274,0.757163362098989
2011-03-07,211,0.583071056214914
2011-03-08,187,0.516750177782885
2011-03-09,160,0.503590332559942
2011-03-10,110,0.41663112167079
2011-03-11,130,0.492382234701844
2011-03-12,140,0.530257791217371
2011-03-13,117,0.443144011231659
2011-03-14,112,0.424206232973896
2011-03-15,112,0.424206232973896
2011-03-16,136,0.51510756861116
2011-03-17,141,0.534045346868923
2011-03-18,120,0.454506678186317
2011-03-19,115,0.435568899928554
2011-03-20,137,0.518895124262713
2011-03-21,148,0.560558236429792
2011-03-22,119,0.450719122534764
2011-03-23,157,0.594646237293766
2011-03-24,152,0.575708459036003
2011-03-25,173,0.59678695292035
2011-03-26,138,0.473188789594268
2011-03-27,143,0.490333310956379
2011-03-28,168,0.576055917766935
2011-03-29,163,0.558911396404824
2011-03-30,156,0.534909066497868
2011-03-31,201,0.689209758756868
2011-04-01,176,0.603487151946312
2011-04-02,180,0.617202769036001
2011-04-03,175,0.60005824767389
2011-04-04,178,0.610344960491157
2011-04-05,194,0.677833306935831
2011-04-06,148,0.605826777408803
2011-04-07,147,0.601733353237122
2011-04-08,166,0.679508412499063
2011-04-09,156,0.638574170782252
2011-04-10,173,0.708162381700831
2011-04-11,163,0.66722813998402
2011-04-12,163,0.66722813998402
2011-04-13,194,0.794124289306135
2011-04-14,160,0.654947867468977
2011-04-15,136,0.55670568734863
2011-04-16,173,0.708162381700831
2011-04-17,180,0.736816350902599
2011-04-18,148,0.660518719570172
2011-04-19,154,0.706956041464806
2011-04-20,144,0.661049805006052
2011-04-21,147,0.674821675943678
2011-04-22,176,0.807949761674064
2011-04-23,172,0.789587267090563
2011-04-24,162,0.743681030631809
2011-04-25,192,0.88139974000807
2011-04-26,195,0.895171610945696
2011-04-27,183,0.840084127195192
2011-04-28,164,0.75286227792356
2011-04-29,200,0.918124729175073
2011-04-30,189,1.01573848814116
2011-05-01,179,0.97586000943528
2011-05-02,197,1.07399118356844
2011-05-03,196,1.06853945167215
2011-05-04,197,1.07399118356844
2011-05-05,219,1.19392928528674
2011-05-06,218,1.18847755339045
2011-05-07,214,1.16667062580531
2011-05-08,219,1.19392928528674
2011-05-09,239,1.38366223925104
2011-05-10,183,1.43201375569862
2011-05-11,191,1.49461544993681
2011-05-12,169,1.32246079078179
2011-05-13,207,1.6198188384132
2011-05-14,242,1.89370125070529
2011-05-15,220,1.72154659155026
2011-05-16,247,1.93282730960416
2011-05-17,257,2.0110794274019
2011-05-18,288,2.34847408033875
2011-05-19,171,2.07506748741494
2011-05-20,220,2.66967746918881
2011-05-21,220,2.66967746918881
2011-05-22,252,3.05799419197991
2011-05-23,286,3.47058070994546
2011-05-24,299,3.62833437857935
2011-05-25,307,3.72541355927713
2011-05-26,296,4.13245826911418
2011-05-27,167,3.61018181654882
2011-05-28,155,3.35076755428184
2011-05-29,180,3.89121393400471
2011-05-30,154,3.32914969909293
2011-05-31,150,3.24267827833727
2011-06-01,188,4.06415677551603
2011-06-02,190,4.10739248589386
2011-06-03,202,4.36680674816084
2011-06-04,224,4.84239956231696
2011-06-05,208,4.49651387929433
2011-06-06,233,5.64243674096539
2011-06-07,170,4.79385062049806
2011-06-08,185,5.21683743995377
2011-06-09,222,6.26020492794452
2011-06-10,223,6.28840404924157
2011-06-11,252,7.10617856685594
2011-06-12,233,6.57039526221204
2011-06-13,227,6.40120053442976
2011-06-14,247,6.96518296037071
2011-06-15,279,9.62253046711673
2011-06-16,180,7.84685597858517
2011-06-17,186,8.10841784453801
2011-06-18,197,8.58794793211821
2011-06-19,223,9.7213826845805
2011-06-20,234,10.2009127721607
2011-06-21,253,11.0291920143447
2011-06-22,260,11.334347524623
2011-06-23,240,10.4624746381135
2011-06-24,216,11.5883019031324
2011-06-25,143,9.80408293420605
2011-06-26,149,10.2154430573196
2011-06-27,169,11.5866434676981
2011-06-28,160,10.9696032830277
2011-06-29,172,11.7923235292548
2011-06-30,191,13.0949639191144
2011-07-01,173,11.8608835497737
2011-07-02,169,11.5866434676981
2011-07-03,165,11.3124033856224
2011-07-04,170,11.655203488217
2011-07-05,139,9.52984285213036
2011-07-06,157,11.0198018544578
2011-07-07,131,10.1785091494532
2011-07-08,165,12.8202596157235
2011-07-09,149,11.577082925714
2011-07-10,137,10.6447004082068
2011-07-11,157,12.1986712707187
2011-07-12,141,10.9554945807092
2011-07-13,191,14.840421736989
2011-07-14,144,11.188590210086
2011-07-15,162,12.5871639863467
2011-07-16,157,12.1986712707187
2011-07-17,170,13.2087523313515
2011-07-18,170,13.2087523313515
2011-07-19,142,11.2111707323077
2011-07-20,149,12.5241780565162
2011-07-21,152,12.7763427153722
2011-07-22,151,12.6922878290869
2011-07-23,146,12.2720133976602
2011-07-24,166,13.953111123367
2011-07-25,165,13.8690562370817
2011-07-26,176,14.7936599862205
2011-07-27,174,14.6255502136498
2011-07-28,155,13.0285073742283
2011-07-29,164,13.7850013507964
2011-07-30,152,12.7763427153722
2011-07-31,175,14.7096050999351
2011-08-01,165,14.8724516683645
2011-08-02,154,14.4593828449778
2011-08-03,157,14.7410591341657
2011-08-04,129,12.1120804350788
2011-08-05,140,13.1448934954344
2011-08-06,122,11.4548357603071
2011-08-07,126,11.830404145891
2011-08-08,136,12.7693251098506
2011-08-09,146,13.7082460738102
2011-08-10,152,14.2715986521859
2011-08-11,137,12.8632172062465
2011-08-12,131,12.2998646278708
2011-08-13,130,12.2059725314748
2011-08-14,132,12.3937567242667
2011-08-15,129,12.0831688883706
2011-08-16,147,13.1949956893324
2011-08-17,136,12.2076150595184
2011-08-18,144,12.9257100630195
2011-08-19,131,11.7588056823302
2011-08-20,152,13.6438050665206
2011-08-21,160,14.3619000700216
2011-08-22,169,15.1697569489604
2011-08-23,155,13.9130906928335
2011-08-24,134,12.0280913086431
2011-08-25,135,12.1178531840808
2011-08-26,147,13.1949956893324
2011-08-27,122,10.9509488033915
2011-08-28,116,10.4123775507657
2011-08-29,138,12.3871388103937
2011-08-30,146,12.9344819425046
2011-08-31,155,13.69791557035
2011-09-01,129,11.4002007004848
2011-09-02,156,13.786289219191
2011-09-03,145,12.8141790819403
2011-09-04,134,11.8420689446897
2011-09-05,156,13.786289219191
2011-09-06,151,13.3444209749861
2011-09-07,136,12.0188162423716
2011-09-08,129,11.4002007004848
2011-09-09,154,13.609541921509
2011-09-10,133,11.7536952958487
2011-09-11,125,11.046706105121
2011-09-12,133,11.7536952958487
2011-09-13,142,12.4546245929338
2011-09-14,146,12.74034923428
2011-09-15,156,13.6129758941622
2011-09-16,119,10.384257252598
2011-09-17,134,11.6931972424213
2011-09-18,158,13.7875012261386
2011-09-19,127,11.0823585805038
2011-09-20,140,12.2167732383506
2011-09-21,146,12.74034923428
2011-09-22,148,12.9148745662564
2011-09-23,133,11.6059345764331
2011-09-24,129,11.2568839124802
2011-09-25,137,11.954985240386
2011-09-26,134,11.6931972424213
2011-09-27,133,11.5763660012633
2011-09-28,147,12.3446585058284
2011-09-29,125,10.4971585933915
2011-09-30,122,10.2452267871501
2011-10-01,143,12.0087494308399
2011-10-02,121,10.161249518403
2011-10-03,145,12.1767039683341
2011-10-04,112,9.40545409967877
2011-10-05,145,12.1767039683341
2011-10-06,128,10.7490903996329
2011-10-07,138,11.5888630871042
2011-10-08,119,9.99329498090869
2011-10-09,127,10.6651131308857
2011-10-10,123,10.3292040558972
2011-10-11,93,7.80988599348326
2011-10-12,120,10.0772722496558
2011-10-13,97,8.14579506847179
2011-10-14,139,10.166816043685
2011-10-15,134,9.77990833452232
2011-10-16,119,8.68514247618027
2011-10-17,118,8.61215808562414
2011-10-18,120,8.75812686673641
2011-10-19,133,9.70692394396618
2011-10-20,115,8.39320491395573
2011-10-21,121,8.83111125729255
2011-10-22,98,7.15247027450141
2011-10-23,108,7.88231418006277
2011-10-24,127,9.26901760062936
2011-10-25,129,9.41498638174164
2011-10-26,117,8.539173695068
2011-10-27,100,7.29843905561368
2011-10-28,105,7.66336100839436
2011-10-29,113,8.24723613284346
2011-10-30,111,8.10126735173118
2011-10-31,131,7.9817583180385
2011-11-01,150,8.97366252740125
2011-11-02,154,9.21296019479862
2011-11-03,125,7.4780521061677
2011-11-04,147,8.79418927685322
2011-11-05,146,8.73436486000388
2011-11-06,144,8.6147160263052
2011-11-07,132,7.89682302411309
2011-11-08,149,8.91383811055191
2011-11-09,161,9.63173111274402
2011-11-10,141,8.43524277575717
2011-11-11,119,7.11910560507164
2011-11-12,143,8.55489160945586
2011-11-13,144,8.6147160263052
2011-11-14,143,8.49929832916981
2011-11-15,165,9.7810984737963
2011-11-16,135,8.00271693310608
2011-11-17,139,8.23983447186477
2011-11-18,133,7.88415816372673
2011-11-19,123,7.29136431682999
2011-11-20,143,8.47695201062347
2011-11-21,118,6.99496739338162
2011-11-22,140,8.29911385655445
2011-11-23,134,7.94343754841641
2011-11-24,113,6.69857046993325
2011-11-25,135,8.00271693310608
2011-11-26,120,7.11352616276097
2011-11-27,114,6.75784985462292
2011-11-28,127,7.52848185558868
2011-11-29,138,7.86179939603625
2011-11-30,162,8.78360282822736
2011-12-01,182,9.86799823911963
2011-12-02,146,7.91608649951354
2011-12-03,152,8.24140512278123
2011-12-04,136,7.37388879406741
2011-12-05,158,8.5667237460489
2011-12-06,171,9.27158076312888
2011-12-07,138,7.48232833515664
2011-12-08,164,8.89204236931658
2011-12-09,147,7.97030627005816
2011-12-10,144,7.80764695842432
2011-12-11,152,8.24140512278123
2011-12-12,127,6.96904576736711
2011-12-13,132,7.57907924583361
2011-12-14,153,8.78484185312531
2011-12-15,112,6.4307339055558
2011-12-16,118,6.77523750763915
2011-12-17,150,8.61259005208364
2011-12-18,144,8.2680864500003
2011-12-19,159,9.12934545520865
2011-12-20,134,7.69391377986139
2011-12-21,149,8.55517278506975
2011-12-22,148,8.49775551805586
2011-12-23,142,8.15325191597251
2011-12-24,145,8.32550371701418
2011-12-25,174,9.99060446041701
2011-12-26,177,10.1742838905499
2011-12-27,145,8.36075916846583
2011-12-28,155,8.93736324904968
2011-12-29,138,7.95713631205714
2011-12-30,142,8.18777794429067
2011-12-31,151,8.70672161681614
2012-01-01,153,8.82204243293291
2012-01-02,151,8.70672161681614
2012-01-03,159,9.16800488128322
2012-01-04,149,8.59140080069937
2012-01-05,147,8.4760799845826
2012-01-06,171,9.85992977798385
2012-01-07,184,10.6095150827429
2012-01-08,163,9.57473527320661
2012-01-09,164,10.196782731553
2012-01-10,141,8.76674612895719
2012-01-11,153,9.51285218248546
2012-01-12,155,9.63720319140684
2012-01-13,140,8.7045706244965
2012-01-14,150,9.32632566910339
2012-01-15,139,8.64239512003582
2012-01-16,175,10.8807132806206
2012-01-17,157,9.76155420032821
2012-01-18,128,7.95846457096824
2012-01-19,150,9.32632566910339
2012-01-20,145,9.01544814679995
2012-01-21,164,10.196782731553
2012-01-22,136,8.79571160032404
2012-01-23,170,11.0512799993501
2012-01-24,139,9.03604658770391
2012-01-25,148,9.62111435237539
2012-01-26,138,8.97103905829597
2012-01-27,141,9.16606164651979
2012-01-28,145,9.42609176415156
2012-01-29,167,10.8562574111263
2012-01-30,172,11.181295058166
2012-01-31,150,9.75112941119127
2012-02-01,141,9.16606164651979
2012-02-02,159,10.3361971758628
2012-02-03,158,10.2711896464548
2012-02-04,157,10.5243675112882
2012-02-05,142,9.73873575999821
2012-02-06,146,10.0130663447869
2012-02-07,137,9.39582252901235
2012-02-08,145,9.94448369858972
2012-02-09,145,9.94448369858972
2012-02-10,138,9.46440517520953
2012-02-11,150,10.2873969295756
2012-02-12,158,10.8360580991529
2012-02-13,137,9.39582252901235
2012-02-14,138,9.46440517520953
2012-02-15,134,9.19007459042084
2012-02-16,138,9.46440517520953
2012-02-17,152,10.4245622219699
2012-02-18,171,11.7103384053747
2012-02-19,158,10.8097843789034
2012-02-20,140,9.57828995599037
2012-02-21,129,8.82571003087685
2012-02-22,159,10.8782007357319
2012-02-23,166,11.3571152335314
2012-02-24,149,10.1940371674469
2012-02-25,165,11.2886988767029
2012-02-26,150,10.2624535242754
2012-02-27,154,10.5361189515894
2012-02-28,160,10.9466170925604
2012-02-29,179,12.246527872302
2012-03-01,151,10.3308698811039
2012-03-02,134,9.65969774133957
2012-03-03,113,8.40891868350108
2012-03-04,137,10.1948837136252
2012-03-05,145,10.7902053903333
2012-03-06,137,10.1948837136252
2012-03-07,154,11.4599422766298
2012-03-08,156,11.6087726958068
2012-03-09,168,12.5017552108689
2012-03-10,165,12.2785095821034
2012-03-11,134,9.97163808485969
2012-03-12,166,12.3529247916919
2012-03-13,160,11.9064335341608
2012-03-14,137,10.1948837136252
2012-03-15,121,9.00424036020913
2012-03-16,153,11.392852670267
2012-03-17,170,12.6617048492277
2012-03-18,160,11.9168986816261
2012-03-19,143,10.6507281967033
2012-03-20,160,11.9168986816261
2012-03-21,158,11.7679374481057
2012-03-22,158,11.7679374481057
2012-03-23,126,9.38455771178052
2012-03-24,184,13.70443348387
2012-03-25,157,11.6934568313456
2012-03-26,151,11.2465731307846
2012-03-27,156,11.6189762145854
2012-03-28,150,11.1720925140244
2012-03-29,141,11.2031044531912
2012-03-30,154,12.4518874670767
2012-03-31,170,13.7455900610586
2012-04-01,142,11.4816105215902
2012-04-02,116,9.37934380636944
2012-04-03,133,10.7539028124753
2012-04-04,137,11.0773284609708
2012-04-05,117,9.46020021849331
2012-04-06,136,10.9964720488469
2012-04-07,129,10.4304771639798
2012-04-08,150,12.1284618185812
2012-04-09,146,11.8050361700857
2012-04-10,147,11.8858925822095
2012-04-11,141,11.4007541094663
2012-04-12,127,10.1744659550845
2012-04-13,123,9.64793609350192
2012-04-14,139,10.9029521707054
2012-04-15,107,8.39292001629841
2012-04-16,150,11.7657757237828
2012-04-17,135,10.5891981514045
2012-04-18,130,10.1970056272785
2012-04-19,157,12.3148452575594
2012-04-20,154,12.0795297430837
2012-04-21,154,12.0795297430837
2012-04-22,140,10.9813906755306
2012-04-23,135,10.5891981514045
2012-04-24,138,10.8245136658802
2012-04-25,127,9.9616901128028
2012-04-26,155,12.1579682479089
2012-04-27,135,10.2376953938086
2012-04-28,152,11.3988447025059
2012-04-29,179,13.4236394851879
2012-04-30,179,13.4236394851879
2012-05-01,170,12.7487078909606
2012-05-02,150,11.2488599037887
2012-05-03,157,11.7738066992989
2012-05-04,161,12.0737762967332
2012-05-05,167,12.5237306928848
2012-05-06,164,12.298753494809
2012-05-07,170,12.7487078909606
2012-05-08,176,13.1986622871121
2012-05-09,166,13.3085059314025
2012-05-10,129,11.1144094560379
2012-05-11,143,12.320624435763
2012-05-12,128,11.0282512432004
2012-05-13,140,12.0621497972505
2012-05-14,139,11.975991584413
2012-05-15,130,11.2005676688754
2012-05-16,121,10.4251437533379
2012-05-17,116,9.99435268915038
2012-05-18,145,12.492940861438
2012-05-19,149,12.837573712788
2012-05-20,138,11.8898333715755
2012-05-21,126,10.8559348175254
2012-05-22,115,9.90819447631288
2012-05-23,130,11.2005676688754
2012-05-24,125,10.5224859427787
2012-05-25,121,9.57022460788025
2012-05-26,142,11.2311726803223
2012-05-27,159,12.5757496913468
2012-05-28,142,11.2311726803223
2012-05-29,126,9.96568843465216
2012-05-30,131,10.3611522614241
2012-05-31,138,10.9148016189047
2012-06-01,152,12.0221003338661
2012-06-02,160,12.6548424567012
2012-06-03,153,12.1011930992205
2012-06-04,155,12.2593786299292
2012-06-05,147,11.6266365070942
2012-06-06,153,12.1011930992205
2012-06-07,139,10.9793693798666
2012-06-08,141,11.0967278712018
2012-06-09,171,13.4577338012448
2012-06-10,166,13.0642328129043
2012-06-11,140,11.0180276735337
2012-06-12,156,12.2772308362233
2012-06-13,150,11.8050296502147
2012-06-14,156,12.2772308362233
2012-06-15,159,12.5133314292276
2012-06-16,156,12.2772308362233
2012-06-17,164,12.9068324175681
2012-06-18,175,13.7725345919172
2012-06-19,147,11.5689290572104
2012-06-20,145,11.7465395634511
2012-06-21,136,11.6726201299774
2012-06-22,138,11.8442763083594
2012-06-23,164,14.0758066273256
2012-06-24,131,11.2434796840223
2012-06-25,154,13.2175257354155
2012-06-26,149,12.7883852894605
2012-06-27,163,13.9899785381346
2012-06-28,137,11.7584482191684
2012-06-29,146,12.5309010218875
2012-06-30,132,11.3293077732133
2012-07-01,142,12.1875886651234
2012-07-02,152,13.0458695570335
2012-07-03,160,13.7324942705616
2012-07-04,150,12.9793743590605
2012-07-05,144,12.5373999161985
2012-07-06,155,13.4951179653525
2012-07-07,166,14.4528360145065
2012-07-08,153,13.3209874109609
2012-07-09,163,14.1916401829191
2012-07-10,150,13.0597915793734
2012-07-11,134,11.6667471442402
2012-07-12,150,13.0597915793734
2012-07-13,163,14.1916401829191
2012-07-14,161,14.0175096285274
2012-07-15,140,12.1891388074152
2012-07-16,150,13.0597915793734
2012-07-17,172,15.3751753244013
2012-07-18,155,14.3807163259464
2012-07-19,135,12.5251400258242
2012-07-20,148,13.7312646209036
2012-07-21,141,13.0818129158609
2012-07-22,155,14.3807163259464
2012-07-23,141,13.0818129158609
2012-07-24,161,14.937389215983
2012-07-25,160,14.8446104009769
2012-07-26,169,15.6796197360319
2012-07-27,178,16.5146290710868
2012-07-28,153,14.1951586959342
2012-07-29,166,15.4012832910135
2012-07-30,176,17.107819605368
2012-07-31,130,13.1616509655561
2012-08-01,134,13.5666248414194
2012-08-02,165,16.7051723793597
2012-08-03,162,16.4014419724622
2012-08-04,156,15.7939811586673
2012-08-05,139,14.0728421862485
2012-08-06,140,14.1740856552143
2012-08-07,164,16.6039289103939
2012-08-08,166,16.8064158483255
2012-08-09,170,17.2113897241888
2012-08-10,156,15.7939811586673
2012-08-11,168,17.0089027862571
2012-08-12,159,16.7492424416468
2012-08-13,160,17.4253660953909
2012-08-14,157,17.0986404811023
2012-08-15,167,18.1877258620642
2012-08-16,154,16.7719148668137
2012-08-17,138,15.0293782572746
2012-08-18,151,16.4451892525251
2012-08-19,182,19.8213539335071
2012-08-20,174,18.9500856287376
2012-08-21,173,18.8411770906414
2012-08-22,156,16.9897319430061
2012-08-23,165,17.9699087858718
2012-08-24,148,16.1184636382365
2012-08-25,138,16.6683515004119
2012-08-26,179,21.7171753686244
2012-08-27,145,17.5921252986064
2012-08-28,151,18.3200753109625
2012-08-29,168,20.3826003459715
2012-08-30,154,18.6840503171406
2012-08-31,140,16.9855002883096
2012-09-01,161,19.533325331556
2012-09-02,164,19.8973003377341
2012-09-03,157,19.0480253233186
2012-09-04,153,18.5627253150812
2012-09-05,180,21.8385003706838
2012-09-06,171,21.23785242716
2012-09-07,168,22.4988708229396
2012-09-08,145,19.4186682697991
2012-09-09,159,21.2935741717107
2012-09-10,150,20.0882775204818
2012-09-11,145,19.4186682697991
2012-09-12,155,20.7578867711645
2012-09-13,130,17.4098405177509
2012-09-14,162,21.6953397221203
2012-09-15,144,19.2847464196625
2012-09-16,161,21.5614178719838
2012-09-17,168,22.4988708229396
2012-09-18,167,22.3649489728031
2012-09-19,141,19.0351771110027
2012-09-20,152,21.641333928865
2012-09-21,169,24.0617462761722
2012-09-22,157,22.3532199133671
2012-09-23,158,22.4955971102675
2012-09-24,153,21.7837111257654
2012-09-25,139,19.7904303691594
2012-09-26,140,19.9328075660599
2012-09-27,161,22.9227287009688
2012-09-28,158,22.4955971102675
2012-09-29,168,23.9193690792718
2012-09-30,159,22.637974307168
2012-10-01,131,18.651412793956
2012-10-02,146,20.7870707474624
2012-10-03,133,20.1292814841239
2012-10-04,131,19.8918728957344
2012-10-05,136,20.6511046856479
2012-10-06,155,23.5361854873193
2012-10-07,125,18.9807947478382
2012-10-08,178,27.0286517209215
2012-10-09,142,21.5621828335441
2012-10-10,149,22.6251073394231
2012-10-11,138,20.9547974016133
2012-10-12,149,22.6251073394231
2012-10-13,148,22.4732609814404
2012-10-14,127,19.2844874638036
2012-10-15,169,25.6620344990772
2012-10-16,155,23.5467404917795
2012-10-17,142,21.6870837196566
2012-10-18,157,23.9779728449724
2012-10-19,135,20.6180021278425
2012-10-20,158,24.1306987866601
2012-10-21,161,24.5888766117233
2012-10-22,157,23.9779728449724
2012-10-23,130,19.8543724194039
2012-10-24,162,24.741602553411
2012-10-25,143,21.8398096613443
2012-10-26,165,25.1997803784741
2012-10-27,175,26.7270397953514
2012-10-28,166,25.3525063201619
2012-10-29,158,24.1883713144612
2012-10-30,143,23.4892439564555
2012-10-31,144,23.6535044037035
2012-11-01,137,22.5036812729679
2012-11-02,143,23.4892439564555
2012-11-03,146,23.9820252981993
2012-11-04,157,25.7888902179267
2012-11-05,160,26.2816715596705
2012-11-06,135,22.175160378472
2012-11-07,157,25.7888902179267
2012-11-08,154,25.2961088761829
2012-11-09,152,24.967587981687
2012-11-10,144,23.6535044037035
2012-11-11,147,24.1462857454473
2012-11-12,132,21.8104540618236
2012-11-13,140,23.444725202546
2012-11-14,143,23.9471121711719
2012-11-15,136,22.7748759110446
2012-11-16,145,24.2820368169226
2012-11-17,140,23.444725202546
2012-11-18,146,24.4494991397979
2012-11-19,146,24.4494991397979
2012-11-20,147,24.6169614626732
2012-11-21,152,25.4542730770499
2012-11-22,144,24.1145744940473
2012-11-23,163,27.2963586286785
2012-11-24,151,25.2868107541746
2012-11-25,146,24.4494991397979
2012-11-26,157,26.5705261927011
2012-11-27,148,25.3004655629064
2012-11-28,172,29.4032437622967
2012-11-29,166,28.3775492124491
2012-11-30,125,21.3686364551574
2012-12-01,167,28.5484983040904
2012-12-02,143,24.4457201047001
2012-12-03,147,25.1295164712651
2012-12-04,112,19.1462982638211
2012-12-05,122,20.8557891802337
2012-12-06,137,23.4200255548525
2012-12-07,129,22.0524328217225
2012-12-08,138,23.5909746464938
2012-12-09,126,21.5395855467987
2012-12-10,143,24.3124787224669
2012-12-11,144,24.1247010157879
2012-12-12,130,21.7792439725863
2012-12-13,131,21.9467766185293
2012-12-14,106,17.758460469955
2012-12-15,116,19.4337869293847
2012-12-16,111,18.5961236996699
2012-12-17,134,22.4493745563582
2012-12-18,125,20.9415807428715
2012-12-19,142,23.789635723902
2012-12-20,106,17.758460469955
2012-12-21,126,21.1091133888144
2012-12-22,153,25.6324948292747
2012-12-23,122,20.4389828050426
2012-12-24,132,22.1143092644723
2012-12-25,124,20.7740480969285
2012-12-26,154,24.2663130762012
2012-12-27,156,23.1064921817042
2012-12-28,169,25.0320331968462
2012-12-29,144,21.3290697061885
2012-12-30,166,24.5876775779673
2012-12-31,158,23.4027292609568
2013-01-01,162,23.995203419462
2013-01-02,153,22.6621365628253
2013-01-03,162,23.995203419462
2013-01-04,153,22.6621365628253
2013-01-05,141,20.8847140873096
2013-01-06,145,21.4771882458148
2013-01-07,168,24.8839146572199
2013-01-08,133,20.6792393570174
2013-01-09,130,20.9996781825623
2013-01-10,147,23.7457899448973
2013-01-11,117,18.899710364306
2013-01-12,122,19.7073902944046
2013-01-13,133,21.4842861406214
2013-01-14,157,25.3611498050944
2013-01-15,121,19.5458543083849
2013-01-16,131,21.161214168582
2013-01-17,111,17.9304944481878
2013-01-18,121,19.5458543083849
2013-01-19,154,24.8765418470353
2013-01-20,130,20.9996781825623
2013-01-21,132,21.3227501546017
2013-01-22,144,23.2611819868382
2013-01-23,126,19.8929412333321
2013-01-24,156,23.0222650674502
2013-01-25,137,20.2182712451325
2013-01-26,156,23.0222650674502
2013-01-27,151,22.2843719563139
2013-01-28,147,21.694057467405
2013-01-29,158,23.3174223119047
2013-01-30,153,22.5795292007684
2013-01-31,193,28.4826740898582
2013-02-01,147,21.694057467405
2013-02-02,153,22.5795292007684
2013-02-03,186,27.4496237342675
2013-02-04,164,24.2028940452681
2013-02-05,167,25.9415063822749
2013-02-06,146,23.7723372530301
2013-02-07,154,25.0749310751139
2013-02-08,151,24.5864583918325
2013-02-09,143,23.2838645697486
2013-02-10,161,26.2147006694373
2013-02-11,159,25.8890522139163
2013-02-12,139,22.6325676587067
2013-02-13,171,27.8429429470421
2013-02-14,151,24.5864583918325
2013-02-15,179,29.1455367691259
2013-02-16,189,30.7737790467307
2013-02-17,188,30.6109548189702
2013-02-18,161,29.2203363858104
2013-02-19,159,28.857350840645
2013-02-20,193,35.0281051084559
2013-02-21,176,31.9427279745505
2013-02-22,170,30.8537713390544
2013-02-23,164,29.7648147035584
2013-02-24,156,28.312872522897
2013-02-25,204,37.0245256068653
2013-02-26,166,30.1278002487237
2013-02-27,193,35.0281051084559
2013-02-28,168,30.4907857938891
2013-03-01,152,29.2261354044535
2013-03-02,145,31.4836025880449
2013-03-03,161,34.9576552874153
2013-03-04,179,38.8659645742071
2013-03-05,139,30.1808328257809
2013-03-06,155,33.6548855251514
2013-03-07,160,34.7405269937047
2013-03-08,160,34.7405269937047
2013-03-09,169,36.6946816371006
2013-03-10,183,39.7344777490498
2013-03-11,164,35.6090401685473
2013-03-12,135,29.3123196509383
2013-03-13,157,34.0891421125727
2013-03-14,179,41.6325127555959
2013-03-15,172,41.44818968374
2013-03-16,175,42.1711232247355
2013-03-17,209,50.3643700226841
2013-03-18,190,45.7857909297128
2013-03-19,170,40.966233989743
2013-03-20,211,50.8463257166811
2013-03-21,218,52.5331706456705
2013-03-22,229,55.1839269626538
2013-03-23,217,52.292192798672
2013-03-24,189,52.8946917149168
2013-03-25,144,47.9305915057468
2013-03-26,151,50.260550815054
2013-03-27,131,43.6035242170336
2013-03-28,183,60.9117933718867
2013-03-29,174,57.9161314027775
2013-03-30,173,57.5832800728765
2013-03-31,169,56.2518747532724
2013-04-01,198,65.9045633204021
2013-04-02,181,60.2460907120847
2013-04-03,175,58.2489827326785
2013-04-04,154,51.259104804757
2013-04-05,158,55.2621661992767
2013-04-06,163,62.172583868616
2013-04-07,164,62.5540107635155
2013-04-08,155,59.1211687094201
2013-04-09,176,67.1311335023093
2013-04-10,191,72.8525369258016
2013-04-11,160,61.0283031839176
2013-04-12,173,65.9868528176109
2013-04-13,167,63.698291448214
2013-04-14,153,58.3583149196212
2013-04-15,164,62.5540107635155
2013-04-16,177,67.5125603972088
2013-04-17,171,68.652451353857
2013-04-18,147,65.5788571715191
2013-04-19,137,61.1177104251573
2013-04-20,154,68.7016598939724
2013-04-21,176,78.5161827359685
2013-04-22,153,68.2555452193363
2013-04-23,168,74.947265338879
2013-04-24,162,72.2705772910619
2013-04-25,172,76.7317240374237
2013-04-26,171,76.2856093627876
2013-04-27,147,65.5788571715191
2013-04-28,177,78.9622974106047
2013-04-29,174,77.6239533866961
2013-04-30,149,73.2638761425357
2013-05-01,151,75.6351806513814
2013-05-02,134,67.1199616376496
2013-05-03,137,68.6226473459552
2013-05-04,159,79.6423425401963
2013-05-05,165,82.6477139568075
2013-05-06,166,83.1486091929094
2013-05-07,168,84.1503996651131
2013-05-08,165,82.6477139568075
2013-05-09,164,82.1468187207056
2013-05-10,172,86.1539806095206
2013-05-11,182,91.1629329705392
2013-05-12,168,86.304227265133
2013-05-13,174,96.7651557587372
2013-05-14,154,85.6427240623307
2013-05-15,141,78.4131434596665
2013-05-16,148,82.3059945534088
2013-05-17,161,89.535575156073
2013-05-18,149,82.8621161382291
2013-05-19,156,86.7549672319714
2013-05-20,129,71.7396844418226
2013-05-21,151,83.9743593078697
2013-05-22,156,86.7549672319714
2013-05-23,174,96.7651557587372
2013-05-24,169,93.9845478346356
2013-05-25,165,94.161450904981
2013-05-26,163,98.4763478010956
2013-05-27,176,106.330289650263
2013-05-28,158,95.4556009360313
2013-05-29,168,101.49709466616
2013-05-30,179,108.142737769301
2013-05-31,175,105.72614027725
2013-06-01,213,128.683816451739
2013-06-02,199,120.225725229558
2013-06-03,213,128.683816451739
2013-06-04,213,128.683816451739
2013-06-05,184,124.034297282977
2013-06-06,181,140.41259770731
2013-06-07,161,124.897393540757
2013-06-08,181,140.41259770731
2013-06-09,159,123.345873124101
2013-06-10,174,134.982276249017
2013-06-11,180,139.636837498983
2013-06-12,203,157.479322290519
2013-06-13,186,144.291398748949
2013-06-14,180,139.636837498983
2013-06-15,173,134.206516040689
2013-06-16,185,147.598828306875
2013-06-17,145,139.397162757821
2013-06-18,140,134.590364042034
2013-06-19,136,130.744925069405
2013-06-20,154,148.049400446238
2013-06-21,168,161.508436850441
2013-06-22,176,169.1993147957
2013-06-23,165,158.624357620969
2013-06-24,150,144.203961473608
2013-06-25,157,150.93347967571
2013-06-26,174,167.276595309385
2013-06-27,167,160.547077107284
2013-06-28,169,162.469796593598
2013-06-29,169,170.010913293504
2013-06-30,153,162.269499322626
2013-07-01,157,166.511839174198
2013-07-02,153,162.269499322626
2013-07-03,184,195.147633172309
2013-07-04,165,174.996518877342
2013-07-05,186,197.268803098095
2013-07-06,187,198.329388060988
2013-07-07,186,197.268803098095
2013-07-08,192,203.632312875453
2013-07-09,185,196.208218135202
2013-07-10,195,207.534003688854
2013-07-11,174,226.298067177263
2013-07-12,154,200.286795087923
2013-07-13,157,204.188485901324
2013-07-14,172,223.696939968329
2013-07-15,164,213.292431132593
2013-07-16,164,213.292431132593
2013-07-17,184,239.303703221934
2013-07-18,161,209.390740319192
2013-07-19,171,222.396376363862
2013-07-20,186,241.904830430868
2013-07-21,199,258.812157288939
2013-07-22,165,224.215671699358
2013-07-23,141,219.084664326799
2013-07-24,159,247.052919347242
2013-07-25,146,226.8536240547
2013-07-26,164,254.821879075142
2013-07-27,181,281.236342150005
2013-07-28,168,261.037046857463
2013-07-29,178,276.574966313264
2013-07-30,197,306.097013279287
2013-07-31,190,295.220469660226
2013-08-01,177,275.021174367684
2013-08-02,192,298.328053551386
2013-08-03,170,290.070696755868
2013-08-04,179,332.726003144689
2013-08-05,189,351.314048013107
2013-08-06,190,353.172852499949
2013-08-07,186,345.737634552582
2013-08-08,205,381.054919802577
2013-08-09,195,362.466874934158
2013-08-10,210,390.348942236786
2013-08-11,216,401.501769157837
2013-08-12,216,401.501769157837
2013-08-13,183,365.506885446451
2013-08-14,168,424.333669882539
2013-08-15,170,429.385261190664
2013-08-16,168,424.333669882539
2013-08-17,190,479.901174271919
2013-08-18,194,490.00435688817
2013-08-19,177,447.065830769104
2013-08-20,190,479.901174271919
2013-08-21,196,495.055948196296
2013-08-22,216,545.571861277551
2013-08-23,196,495.055948196296
2013-08-24,183,514.206634181364
2013-08-25,151,493.536435944482
2013-08-26,166,542.563234217112
2013-08-27,169,552.368593871638
2013-08-28,178,581.784672835216
2013-08-29,189,617.737658235144
2013-08-30,205,670.03290972595
2013-08-31,223,728.865067653106
2013-09-01,221,722.328161216755
2013-09-02,215,702.717441907703
2013-09-03,194,634.079924326021
2013-09-04,163,667.543223035941
2013-09-05,179,773.542011809099
2013-09-06,185,799.47079432784
2013-09-07,145,626.612244202902
2013-09-08,157,678.469809240383
2013-09-09,203,877.257141884062
2013-09-10,191,825.399576846581
2013-09-11,200,864.292750624692
2013-09-12,213,920.471779415297
2013-09-13,204,881.578605637186
2013-09-14,218,951.020420564436
2013-09-15,181,1013.38198951784
2013-09-16,154,862.21451041849
2013-09-17,179,1002.18439847344
2013-09-18,165,923.801261162668
2013-09-19,190,1063.77114921762
2013-09-20,200,1119.7591044396
2013-09-21,189,1058.17235369542
2013-09-22,203,1136.55549100619
2013-09-23,210,1175.74705966158
2013-09-24,212,1186.94465070597
2013-09-25,206,1297.27563966709
2013-09-26,162,1198.45049283705
2013-09-27,178,1316.81597361108
2013-09-28,177,1309.4181310627
2013-09-29,170,1257.63323322407
2013-09-30,163,1205.84833538543
2013-10-01,187,1383.39655654647
2013-10-02,191,1412.98792673998
2013-10-03,199,1472.17066712699
2013-10-04,180,1331.61165870783
2013-10-05,219,1620.12751809453
2013-10-06,185,1519.45432564095
2013-10-07,156,1467.83862226455
2013-10-08,162,1524.29395389011
2013-10-09,178,1674.8415048916
2013-10-10,192,1806.57061201791
2013-10-11,185,1740.70605845476
2013-10-12,214,2013.57349464497
2013-10-13,221,2079.43804820812
2013-10-14,250,2352.30548439833
2013-10-15,260,2446.39770377427
2013-10-16,210,2315.21665452822
2013-10-17,167,2222.60176420815
2013-10-18,192,2555.32657920937
2013-10-19,223,2967.90534981089
2013-10-20,199,2648.48952740972
2013-10-21,211,2808.1974386103
2013-10-22,245,3260.70318701196
2013-10-23,221,2941.28736461079
2013-10-24,215,2861.4334090105
2013-10-25,235,3127.61326101147
2013-10-26,182,3408.23009035624
2013-10-27,179,3478.53840366574
2013-10-28,175,3400.80570190785
2013-10-29,160,3109.30807031575
2013-10-30,195,3789.46921069732
2013-10-31,211,4100.4000177289
2013-11-01,208,4042.10049141048
2013-11-02,202,3925.50143877364
2013-11-03,192,3731.1696843789
2013-11-04,195,3789.46921069732
2013-11-05,174,3596.12259203618
2013-11-06,163,4139.94817128837
2013-11-07,144,3657.37752555537
2013-11-08,134,3403.39297516958
2013-11-09,148,3758.97134570968
2013-11-10,171,4343.13581159701
2013-11-11,187,4749.51109221428
2013-11-12,201,5105.08946275439
2013-11-13,168,4266.94044648127
2013-11-14,183,4647.91727205996
2013-11-15,166,4216.14353640411
2013-11-16,194,4927.30027748433
2013-11-17,186,5042.5537025376
2013-11-18,156,4726.41754288692
2013-11-19,161,4877.90528464612
2013-11-20,164,4968.79792970164
2013-11-21,150,4544.63225277589
2013-11-22,172,5211.17831651635
2013-11-23,170,5150.58321981267
2013-11-24,168,5089.98812310899
2013-11-25,173,5241.47586486819
2013-11-26,159,4817.31018794244
2013-11-27,173,5241.47586486819
2013-11-28,181,5483.8562516829
2013-11-29,173,5480.00336357551
2013-11-30,176,6189.12034201531
2013-12-01,195,6857.26401530105
2013-12-02,159,5591.30758170701
2013-12-03,200,7033.09129774466
2013-12-04,171,6013.29305957169
2013-12-05,170,5978.12760308297
2013-12-06,208,7314.41494965444
2013-12-07,195,6857.26401530105
2013-12-08,195,6857.26401530105
2013-12-09,176,6189.12034201531
2013-12-10,192,7450.99133192782
2013-12-11,165,7450.47043785842
2013-12-12,163,7360.16170527832
2013-12-13,174,7856.85973446887
2013-12-14,198,8940.56452543008
2013-12-15,177,7992.32283333902
2013-12-16,201,9076.02762430024
2013-12-17,203,9166.33635688034
2013-12-18,199,8985.71889172013
2013-12-19,226,10204.8867815515
2013-12-20,178,8037.47719962908
2013-12-21,161,8611.26774435102
2013-12-22,169,9920.97776573908
2013-12-23,171,10038.3857866354
2013-12-24,169,9920.97776573908
2013-12-25,162,9510.04969260196
2013-12-26,180,10566.7218806688
2013-12-27,184,10801.5379224615
2013-12-28,150,8805.60156722404
2013-12-29,168,9862.27375529092
2013-12-30,173,10155.7938075317
2013-12-31,184,10801.5379224615
2014-01-01,205,12034.3221418728
2014-01-02,134,9425.136247148
2014-01-03,161,11352.6079123221
2014-01-04,141,9942.34605985975
2014-01-05,193,13609.0268762619
2014-01-06,186,13115.4352279001
2014-01-07,177,12480.817394292
2014-01-08,193,13609.0268762619
2014-01-09,207,14596.2101729856
2014-01-10,187,13185.9483205232
2014-01-11,210,14807.7494508549
2014-01-12,207,14596.2101729856
2014-01-13,169,14628.2406711142
2014-01-14,162,14411.3355551816
2014-01-15,184,16368.4305071198
2014-01-16,185,16457.3893685716
2014-01-17,152,13521.7469406642
2014-01-18,174,15478.8418926025
2014-01-19,169,15034.0475853438
2014-01-20,195,17346.977983089
2014-01-21,166,14767.1710009886
2014-01-22,192,17080.1013987337
2014-01-23,177,15745.7184769577
2014-01-24,189,18340.6657996556
2014-01-25,165,17994.3669102041
2014-01-26,152,16576.6289112183
2014-01-27,174,18975.8778325788
2014-01-28,154,16794.7424495238
2014-01-29,152,16576.6289112183
2014-01-30,176,19193.9913708843
2014-01-31,184,20066.4455241063
2014-02-01,189,20611.7293698701
2014-02-02,186,20284.5590624119
2014-02-03,181,19739.2752166481
2014-02-04,172,18757.7642942733
2014-02-05,168,20723.2339086288
2014-02-06,182,23716.5514349681
2014-02-07,155,20198.1619363739
2014-02-08,182,23716.5514349681
2014-02-09,138,17982.8796594812
2014-02-10,156,20328.472658544
2014-02-11,164,21370.9584359053
2014-02-12,178,23195.3085462874
2014-02-13,178,23195.3085462874
2014-02-14,191,24889.3479344994
2014-02-15,187,24368.1050458188
2014-02-16,195,25486.3744356631
2014-02-17,155,24113.6485813296
2014-02-18,163,25358.2239919788
2014-02-19,200,31114.3852662318
2014-02-20,177,27536.2309606151
2014-02-21,152,23646.9328023361
2014-02-22,180,28002.9467396085
2014-02-23,168,26136.0836236346
2014-02-24,191,29714.2379292513
2014-02-25,161,25047.0801393165
2014-02-26,184,28625.2344449332
2014-02-27,188,29247.5221502578
2014-02-28,181,31125.9783969294
2014-03-01,144,27314.0148774629
2014-03-02,140,26555.2922419778
2014-03-03,148,28072.737512948
2014-03-04,149,28262.4181718192
2014-03-05,156,29590.1827839181
2014-03-06,173,32814.7539847296
2014-03-07,166,31486.9893726308
2014-03-08,168,31866.3506903733
2014-03-09,179,33952.8379379573
2014-03-10,149,28262.4181718192
2014-03-11,168,31866.3506903733
2014-03-12,182,34521.8799145711
2014-03-13,162,34076.0838232155
2014-03-14,133,28100.1706779259
2014-03-15,165,34861.1139989306
2014-03-16,171,36128.7908716189
2014-03-17,161,34015.996083805
2014-03-18,146,30846.803902084
2014-03-19,160,33804.7166050236
2014-03-20,177,37396.4677443073
2014-03-21,186,39297.9830533399
2014-03-22,170,35917.5113928376
2014-03-23,214,45213.808459219
2014-03-24,188,40096.6711219624
2014-03-25,157,39076.1052123166
2014-03-26,159,39573.8899920914
2014-03-27,173,43058.3834505145
2014-03-28,174,43307.2758404019
2014-03-29,175,43556.1682302893
2014-03-30,140,34844.9345842314
2014-03-31,180,44800.6301797261
2014-04-01,171,42560.5986707398
2014-04-02,197,49031.8008078114
2014-04-03,204,50774.047537023
2014-04-04,195,48534.0160280367
2014-04-05,171,47539.4746363803
2014-04-06,151,45936.198326456
2014-04-07,151,45936.198326456
2014-04-08,134,40764.5733493053
2014-04-09,161,48978.3306659564
2014-04-10,155,47153.0512622562
2014-04-11,169,51412.0365375568
2014-04-12,161,48978.3306659564
2014-04-13,187,56887.8747486575
2014-04-14,193,58713.1541523577
2014-04-15,182,55366.8085789073
2014-04-16,159,48369.9041980563
2014-04-17,169,53376.5546672988
2014-04-18,160,55507.2239702395
2014-04-19,159,55160.3038204255
2014-04-20,178,61751.7866668914
2014-04-21,171,59323.3456181934
2014-04-22,154,53425.7030713555
2014-04-23,165,57241.8247193095
2014-04-24,151,52384.9426219135
2014-04-25,182,63139.4672661473
2014-04-26,163,56547.9844196815
2014-04-27,177,61404.8665170774
2014-04-28,152,52731.8627717276
2014-04-29,171,59983.8153155768
2014-04-30,137,54488.3950277099
2014-05-01,176,69999.6899626057
2014-05-02,161,64033.8072953381
2014-05-03,142,56477.0225834658
2014-05-04,151,60056.5521838263
2014-05-05,125,49715.6888938959
2014-05-06,194,77158.7491633268
2014-05-07,159,63238.3562730357
2014-05-08,167,66420.1603622451
2014-05-09,170,67613.3368956986
2014-05-10,179,71192.8664960592
2014-05-11,152,60454.2776949775
2014-05-12,164,68363.1186819926
2014-05-13,162,71297.1253229566
2014-05-14,150,66015.8567805154
2014-05-15,171,75258.0767297874
2014-05-16,181,79659.1338484884
2014-05-17,173,76138.2881535276
2014-05-18,172,75698.1824416575
2014-05-19,168,73937.7595941772
2014-05-20,177,77898.711001008
2014-05-21,175,77018.4995772678
2014-05-22,172,75698.1824416575
2014-05-23,165,72617.4424585669
2014-05-24,154,73989.0541480983
2014-05-25,161,83680.823428221
2014-05-26,158,82121.5534264529
2014-05-27,136,70686.9067468202
2014-05-28,169,87838.8767662692
2014-05-29,141,73285.6900831003
2014-05-30,167,86799.3634317572
2014-05-31,147,76404.2300866365
2014-06-01,175,90957.4167698054
2014-06-02,193,100313.036780414
2014-06-03,178,92516.6867715735
2014-06-04,181,94075.9567733416
2014-06-05,152,80296.3073918768
2014-06-06,139,81234.569832861
2014-06-07,155,90585.3116841256
2014-06-08,136,79481.3057357488
2014-06-09,156,91169.7330498296
2014-06-10,167,97598.3680725741
2014-06-11,146,85325.5193927892
2014-06-12,172,100520.474901094
2014-06-13,163,95260.6826097579
2014-06-14,178,104027.003095318
2014-06-15,190,111040.059483767
2014-06-16,188,109871.216752359
2014-06-17,184,107533.531289543
2014-06-18,158,103872.344332371
2014-06-19,167,111761.157396392
2014-06-20,186,124476.49865706
2014-06-21,186,124476.49865706
2014-06-22,180,120461.127732638
2014-06-23,176,117784.213783024
2014-06-24,188,125814.955631867
2014-06-25,187,125145.727144463
2014-06-26,171,114438.071346006
2014-06-27,197,131838.012018499
2014-06-28,182,121799.584707445
2014-06-29,157,121250.583447258
2014-06-30,132,110358.632936103
2014-07-01,133,111194.683185619
2014-07-02,137,114538.884183682
2014-07-03,139,116210.984682714
2014-07-04,166,138784.341419644
2014-07-05,152,127079.637926421
2014-07-06,142,118719.135431262
2014-07-07,150,125407.53742739
2014-07-08,150,125407.53742739
2014-07-09,166,138784.341419644
2014-07-10,149,124571.487177874
2014-07-11,156,130423.838924485
2014-07-12,157,131517.316592705
2014-07-13,160,137886.878621816
2014-07-14,135,116342.053837157
2014-07-15,159,137025.08563043
2014-07-16,144,124098.190759634
2014-07-17,172,148228.394518452
2014-07-18,172,148228.394518452
2014-07-19,177,152537.359475384
2014-07-20,155,133577.913664884
2014-07-21,155,133577.913664884
2014-07-22,142,122374.604776862
2014-07-23,146,125821.776742407
2014-07-24,143,123236.397768248
2014-07-25,163,141655.467292385
2014-07-26,134,124806.737276296
2014-07-27,153,142503.2149498
2014-07-28,150,139709.03426451
2014-07-29,149,138777.640702747
2014-07-30,172,160199.692623305
2014-07-31,154,143434.608511564
2014-08-01,157,146228.789196854
2014-08-02,163,151817.150567434
2014-08-03,154,143434.608511564
2014-08-04,128,119218.375905715
2014-08-05,135,125738.130838059
2014-08-06,164,152748.544129197
2014-08-07,160,149022.969882144
2014-08-08,158,153677.347167073
2014-08-09,182,178499.415531386
2014-08-10,177,173595.585434369
2014-08-11,182,178499.415531386
2014-08-12,174,170653.28737616
2014-08-13,145,142211.072813467
2014-08-14,180,176537.883492579
2014-08-15,165,161826.393201531
2014-08-16,158,154961.031065708
2014-08-17,170,166730.223298547
2014-08-18,198,194191.671841837
2014-08-19,186,189172.925205021
2014-08-20,169,200319.92108908
2014-08-21,165,195578.621181646
2014-08-22,157,186096.021366778
2014-08-23,162,192022.646251071
2014-08-24,146,173057.446621335
2014-08-25,137,162389.521829609
2014-08-26,173,205061.220996514
2014-08-27,169,200319.92108908
2014-08-28,173,205061.220996514
2014-08-29,170,201505.246065938
2014-08-30,182,215729.14578824
2014-08-31,188,224266.372936306
2014-09-01,136,185433.910730305
2014-09-02,147,200432.241745256
2014-09-03,169,230428.903775158
2014-09-04,158,215430.572760207
2014-09-05,145,197705.27246981
2014-09-06,179,244063.750152386
2014-09-07,155,211340.118847038
2014-09-08,144,196341.787832087
2014-09-09,146,199068.757107533
2014-09-10,157,214067.088122484
2014-09-11,170,231792.388412881
2014-09-12,154,209976.634209315
2014-09-13,181,250729.580909984
2014-09-14,158,234289.364098999
2014-09-15,158,234289.364098999
2014-09-16,171,253566.337094486
2014-09-17,186,275808.998243125
2014-09-18,179,265429.089707094
2014-09-19,171,253566.337094486
2014-09-20,176,260980.557477366
2014-09-21,164,243186.428558455
2014-09-22,168,249117.804864759
2014-09-23,150,222426.611486392
2014-09-24,156,231323.675945848
2014-09-25,172,261293.984719224
2014-09-26,134,230885.863009396
2014-09-27,134,230885.863009396
2014-09-28,130,223993.747695683
2014-09-29,137,236054.949494681
2014-09-30,153,263623.410749534
2014-10-01,155,267069.468406391
2014-10-02,138,237777.97832311
2014-10-03,146,251562.208950536
2014-10-04,154,265346.439577962
2014-10-05,169,291191.872004387
2014-10-06,161,277407.641376961
2014-10-07,134,230885.863009396
2014-10-08,144,248116.151293679
2014-10-09,148,255805.104174852
2014-10-10,155,269697.336979929
2014-10-11,144,250557.52596845
2014-10-12,148,257517.457245351
2014-10-13,155,269697.336979929
2014-10-14,132,229677.732137746
2014-10-15,151,262737.405703027
2014-10-16,148,257517.457245351
2014-10-17,142,247077.560329999
2014-10-18,164,285357.182352957
2014-10-19,133,231417.714956971
2014-10-20,137,238377.646233873
2014-10-21,153,266217.371341478
2014-10-22,159,276657.26825683
2014-10-23,151,267771.331001111
2014-10-24,159,284428.084979115
2014-10-25,155,277272.661457628
2014-10-26,125,223606.985046474
2014-10-27,159,284428.084979115
2014-10-28,138,246862.111491307
2014-10-29,155,277272.661457628
2014-10-30,170,304105.499663205
2014-10-31,188,336304.905509897
2014-11-01,159,284428.084979115
2014-11-02,155,277272.661457628
2014-11-03,169,302316.643782833
2014-11-04,162,289794.652620231
2014-11-05,138,268264.624126884
2014-11-06,154,303181.174870355
2014-11-07,150,295306.339159437
2014-11-08,153,301212.465942625
2014-11-09,150,295306.339159437
2014-11-10,147,289400.212376248
2014-11-11,129,253963.451677116
2014-11-12,147,289400.212376248
2014-11-13,145,285462.794520789
2014-11-14,154,303181.174870355
2014-11-15,140,275619.249882141
2014-11-16,150,295306.339159437
2014-11-17,144,283494.085593059
2014-11-18,154,303873.503789399
2014-11-19,141,282468.877689125
2014-11-20,138,276458.90156808
2014-11-21,127,254422.322457581
2014-11-22,154,308512.107546988
2014-11-23,142,284472.203062807
2014-11-24,147,294488.829931216
2014-11-25,132,264438.949325989
2014-11-26,137,274455.576194398
2014-11-27,141,282468.877689125
2014-11-28,148,296492.155304897
2014-11-29,157,314522.083668033
2014-11-30,160,320532.059789078
2014-12-01,130,260432.298578626
2014-12-02,150,300382.460137881
2014-12-03,116,230698.727588578
2014-12-04,146,290362.191620107
2014-12-05,156,310250.01296395
2014-12-06,137,272463.152410648
2014-12-07,126,250586.548932421
2014-12-08,163,324171.48790464
2014-12-09,142,282407.06308257
2014-12-10,143,284395.845216954
2014-12-11,148,294339.755888875
2014-12-12,141,280418.280948185
2014-12-13,146,290362.191620107
2014-12-14,141,280418.280948185
2014-12-15,141,280418.280948185
2014-12-16,143,284395.845216954
2014-12-17,128,251585.071833534
2014-12-18,129,253027.240872936
2014-12-19,137,268718.852710017
2014-12-20,134,262834.498271112
2014-12-21,132,258911.595311842
2014-12-22,164,321678.042660167
2014-12-23,150,294217.721945275
2014-12-24,153,300102.07638418
2014-12-25,158,309909.333782356
2014-12-26,152,298140.624904545
2014-12-27,152,298140.624904545
2014-12-28,169,331485.300058343
2014-12-29,164,321678.042660167
2014-12-30,155,306495.476137719
2014-12-31,152,307081.470445709
2015-01-01,165,333345.017260144
2015-01-02,165,333345.017260144
2015-01-03,162,327284.198764505
2015-01-04,172,347486.927083302
2015-01-05,156,315162.561773228
2015-01-06,158,319203.107436987
2015-01-07,140,282838.196463153
2015-01-08,147,296980.106286311
2015-01-09,140,282838.196463153
2015-01-10,147,296980.106286311
2015-01-11,155,313142.288941348
2015-01-12,142,291349.141441684
2015-01-13,127,277602.083462638
2015-01-14,145,316947.260646319
2015-01-15,151,330062.319707546
2015-01-16,139,303832.201585092
2015-01-17,138,301646.358408221
2015-01-18,153,334434.006061289
2015-01-19,144,314761.417469448
2015-01-20,118,257929.494870797
2015-01-21,149,325690.633353804
2015-01-22,135,295088.828877607
2015-01-23,124,271044.553932025
2015-01-24,126,275416.240285767
2015-01-25,125,273230.397108896
2015-01-26,127,277602.083462638
2015-01-27,149,317507.026636064
2015-01-28,164,336476.453109996
2015-01-29,164,336476.453109996
2015-01-30,138,283132.625177924
2015-01-31,166,340579.824489386
2015-02-01,155,318011.28190274
2015-02-02,159,326218.024661521
2015-02-03,127,260564.082591277
2015-02-04,159,326218.024661521
2015-02-05,159,326218.024661521
2015-02-06,177,363148.367076033
2015-02-07,159,326218.024661521
2015-02-08,132,270822.511039753
2015-02-09,161,340604.722619783
2015-02-10,144,318224.262813905
2015-02-11,158,349162.732809701
2015-02-12,119,262976.994964268
2015-02-13,146,322644.044241876
2015-02-14,160,353582.514237672
2015-02-15,140,309384.699957963
2015-02-16,157,346952.842095716
2015-02-17,149,329273.716383832
2015-02-18,167,369051.74923557
2015-02-19,166,366841.858521585
2015-02-20,158,349162.732809701
2015-02-21,142,313804.481385934
2015-02-22,151,334358.311133104
2015-02-23,142,329538.396656716
2015-02-24,129,299369.388512087
2015-02-25,159,368990.176538154
2015-02-26,150,348103.940130334
2015-02-27,152,352745.325998738
2015-02-28,142,329538.396656716
2015-03-01,140,324897.010788311
2015-03-02,158,366669.483603951
2015-03-03,158,366669.483603951
2015-03-04,140,324897.010788311
2015-03-05,132,306331.467314693
2015-03-06,148,343462.554261929
2015-03-07,140,324897.010788311
2015-03-08,156,363358.067705216
2015-03-09,144,339499.662403796
2015-03-10,152,358360.754759563
2015-03-11,154,363076.027848504
2015-03-12,131,308850.387325676
2015-03-13,146,344214.935492738
2015-03-14,131,308850.387325676
2015-03-15,143,337142.025859325
2015-03-16,139,327711.479681442
2015-03-17,128,301777.477692263
2015-03-18,153,360718.391304033
2015-03-19,137,322996.2065925
2015-03-20,136,320638.57004803
2015-03-21,151,356003.118215092
2015-03-22,142,334537.327428476
2015-03-23,145,336739.588444724
2015-03-24,173,401765.164144395
2015-03-25,162,376219.402262381
2015-03-26,148,343706.614412546
2015-03-27,171,397120.480165847
2015-03-28,148,343706.614412546
2015-03-29,153,355318.324358916
2015-03-30,142,329772.562476902
2015-03-31,150,348351.298391094
2015-04-01,132,306549.142584163
2015-04-02,166,385508.770219477
2015-04-03,146,339061.930433998
2015-04-04,153,355318.324358916
2015-04-05,148,361069.996691013
2015-04-06,126,309707.170078885
2015-04-07,152,373614.998825321
2015-04-08,125,307249.17666556
2015-04-09,133,326913.123972156
2015-04-10,152,373614.998825321
2015-04-11,140,344119.077865427
2015-04-12,128,314623.156905534
2015-04-13,156,383446.972478619
2015-04-14,149,366241.018585348
2015-04-15,122,299875.196425587
2015-04-16,138,339203.091038779
2015-04-17,126,309707.170078885
2015-04-18,146,358867.038345374
2015-04-19,145,351846.074225004
2015-04-20,154,364477.035874265
2015-04-21,153,362110.301875082
2015-04-22,152,359743.567875898
2015-04-23,130,307675.41989386
2015-04-24,124,293475.015898758
2015-04-25,163,385777.641866917
2015-04-26,144,340809.69588243
2015-04-27,137,324242.557888145
2015-04-28,153,362110.301875082
2015-04-29,127,300575.217896309
2015-04-30,134,317142.355890594
2015-05-01,148,350276.631879164
2015-05-02,147,347909.89787998
2015-05-03,141,333776.412541361
2015-05-04,128,303150.868676707
2015-05-05,154,364728.388876663
2015-05-06,161,381306.952007421
2015-05-07,141,333939.628776685
2015-05-08,150,355254.924230516
2015-05-09,129,305519.234838243
2015-05-10,129,305519.234838243
2015-05-11,158,374201.85352281
2015-05-12,150,355254.924230516
2015-05-13,162,383675.318168957
2015-05-14,154,364728.388876663
2015-05-15,147,348149.825745906
2015-05-16,132,312624.333322854
2015-05-17,171,410256.527852824
2015-05-18,144,349377.602526406
2015-05-19,130,315410.335614117
2015-05-20,145,351803.835877284
2015-05-21,155,376066.169386062
2015-05-22,138,334820.202421139
2015-05-23,112,271738.135298316
2015-05-24,146,354230.069228162
2015-05-25,141,342098.902473773
2015-05-26,144,349377.602526406
2015-05-27,138,334820.202421139
2015-05-28,132,320262.802315872
2015-05-29,154,373639.936035185
2015-05-30,136,329967.735719384
2015-05-31,148,356781.94209336
2015-06-01,132,312271.265830991
2015-06-02,150,354853.71117158
2015-06-03,142,335928.179909096
2015-06-04,141,333562.488501286
2015-06-05,138,326465.414277854
2015-06-06,178,421093.070590275
2015-06-07,149,352488.01976377
2015-06-08,157,371413.551026254
2015-06-09,151,357219.402579391
2015-06-10,169,399801.847919981
2015-06-11,135,319368.340054422
2015-06-12,142,335928.179909096
2015-06-13,159,376144.933841875
2015-06-14,148,361934.276712658
2015-06-15,144,355711.957090776
2015-06-16,118,291486.187060497
2015-06-17,158,390295.064030157
2015-06-18,156,385354.620181674
2015-06-19,147,363122.6228635
2015-06-20,134,331009.737848361
2015-06-21,124,306307.518605946
2015-06-22,153,377943.954408949
2015-06-23,140,345831.06939381
2015-06-24,156,385354.620181674
2015-06-25,152,375473.732484708
2015-06-26,154,380414.176333191
2015-06-27,129,318658.628227153
2015-06-28,141,346814.543816443
2015-06-29,140,343810.247546963
2015-06-30,145,356089.184959355
2015-07-01,135,331531.310134572
2015-07-02,154,378191.27230166
2015-07-03,161,395381.784679008
2015-07-04,152,373279.697336703
2015-07-05,142,348721.82251192
2015-07-06,181,444497.534328574
2015-07-07,134,329075.522652093
2015-07-08,161,395381.784679008
2015-07-09,133,326619.735169615
2015-07-10,154,378191.27230166
2015-07-11,148,365703.823777367
2015-07-12,135,342767.691987456
2015-07-13,148,375774.951215878
2015-07-14,144,365618.871453287
2015-07-15,153,388470.050919117
2015-07-16,134,340228.672046808
2015-07-17,147,373235.93127523
2015-07-18,149,378313.971156526
2015-07-19,152,385931.03097847
2015-07-20,156,396087.110741061
2015-07-21,127,322455.532462274
2015-07-22,154,391009.070859765
2015-07-23,140,355462.791690696
2015-07-24,169,429094.369969483
2015-07-25,154,395370.72515724
2015-07-26,144,374222.682670225
2015-07-27,149,387216.525818497
2015-07-28,136,353432.53363299
2015-07-29,152,395012.83170746
2015-07-30,134,348234.996373682
2015-07-31,151,392414.063077805
2015-08-01,155,402809.137596423
2015-08-02,151,392414.063077805
2015-08-03,157,408006.674855731
2015-08-04,136,353432.53363299
2015-08-05,133,345636.227744027
2015-08-06,143,371623.914040571
2015-08-07,137,356031.302262645
2015-08-08,161,420413.404985863
2015-08-09,142,372000.719336283
2015-08-10,167,437493.803726473
2015-08-11,162,424395.186848435
2015-08-12,126,330085.145326561
2015-08-13,147,385099.336214321
2015-08-14,142,372000.719336283
2015-08-15,137,358902.102458245
2015-08-16,138,361521.825833852
2015-08-17,147,385099.336214321
2015-08-18,141,369380.995960675
2015-08-19,156,408676.846594789
2015-08-20,150,392958.506341144
2015-08-21,165,432254.356975258
2015-08-22,158,426143.652201538
2015-08-23,134,361412.970854469
2015-08-24,155,418052.317033154
2015-08-25,135,364110.082577264
2015-08-26,161,434234.987369922
2015-08-27,137,369504.306022853
2015-08-28,155,418052.317033154
2015-08-29,160,431537.875647127
2015-08-30,150,404566.758419182
2015-08-31,157,423446.540478743
2015-09-01,154,415355.20531036
2015-09-02,160,431537.875647127
2015-09-03,146,393778.311528004
2015-09-04,156,434444.799372061
2015-09-05,147,416212.869138725
2015-09-06,144,407718.72895222
2015-09-07,152,430369.769449566
2015-09-08,136,385067.688454875
2015-09-09,149,421875.629263061
2015-09-10,171,484165.990630761
2015-09-11,158,447358.049822575
2015-09-12,135,382236.308392706
2015-09-13,151,427538.389387398
2015-09-14,152,430369.769449566
2015-09-15,160,453020.809946911
2015-09-16,142,402055.968827884
2015-09-17,144,410910.027600594
2015-09-18,147,433587.717335429
2015-09-19,125,368697.038550535
2015-09-20,128,377545.767475748
2015-09-21,132,389344.072709365
2015-09-22,157,463083.480419472
2015-09-23,158,466033.056727876
2015-09-24,140,412940.683176599
2015-09-25,164,483730.514578302
2015-09-26,147,433587.717335429
2015-09-27,149,439486.869952237
2015-09-28,143,421789.412101812
2015-09-29,174,513226.277662345
2015-09-30,148,436537.293643833
2015-10-01,149,444776.382758561
2015-10-02,138,417179.763438577
2015-10-03,145,438341.05578691
2015-10-04,153,462525.389899291
2015-10-05,153,462525.389899291
2015-10-06,142,429271.930494767
2015-10-07,133,402064.554618338
2015-10-08,140,423225.846966672
2015-10-09,126,380903.262270005
2015-10-10,160,483686.682247624
2015-10-11,146,441364.097550958
2015-10-12,142,429271.930494767
2015-10-13,137,414156.721674529
2015-10-14,152,459502.348135244
2015-10-15,166,502137.288713881
2015-10-16,144,435823.398820657
2015-10-17,136,411610.987775065
2015-10-18,145,438849.950201356
2015-10-19,165,499380.977815336
2015-10-20,128,387398.576729473
2015-10-21,144,435823.398820657
2015-10-22,148,447929.604343453
2015-10-23,149,450956.155724152
2015-10-24,145,438849.950201356
2015-10-25,155,469115.464008346
2015-10-26,164,496354.426434637
2015-10-27,147,444903.052962754
2015-10-28,139,420690.641917162
2015-10-29,151,466068.004514329
2015-10-30,171,529187.24527939
2015-10-31,147,454915.351205088
2015-11-01,153,473483.324723664
2015-11-02,153,473483.324723664
2015-11-03,155,479672.649229855
2015-11-04,155,479672.649229855
2015-11-05,146,451820.688951993
2015-11-06,145,448726.026698897
2015-11-07,152,470388.662470568
2015-11-08,139,430158.053180322
2015-11-09,149,461104.67571128
2015-11-10,146,451820.688951993
2015-11-11,168,537055.796106772
2015-11-12,161,527006.857659411
2015-11-13,160,523733.523139787
2015-11-14,142,464813.50178656
2015-11-15,160,523733.523139787
2015-11-16,173,566286.871894895
2015-11-17,149,487726.843423926
2015-11-18,153,500820.181502421
2015-11-19,136,445173.494668818
2015-11-20,167,546646.864777153
2015-11-21,174,569560.206414519
2015-11-22,172,563013.537375271
2015-11-23,163,533553.526698658
2015-11-24,156,560533.42415402
2015-11-25,148,535030.217025699
2015-11-26,176,636252.149976506
2015-11-27,133,480804.181516337
2015-11-28,154,556720.631229443
2015-11-29,149,538645.286059656
2015-11-30,162,585641.183501102
2015-12-01,167,603716.528670889
2015-12-02,161,582026.114467145
2015-12-03,142,513339.802821954
2015-12-04,153,553105.562195486
2015-12-05,175,632637.080942549
2015-12-06,159,577650.161239677
2015-12-07,147,578033.500385697
2015-12-08,175,688135.119506783
2015-12-09,168,660609.714726512
2015-12-10,216,849355.347505516
2015-12-11,160,629152.109263344
2015-12-12,162,637016.510629136
2015-12-13,142,558372.496971217
2015-12-14,195,766779.133164702
2015-12-15,183,719592.724969951
2015-12-16,163,640948.711312032
2015-12-17,155,609491.105848864
2015-12-18,169,684510.337699163
2015-12-19,157,729321.303625075
2015-12-20,165,766484.172599601
2015-12-21,149,692158.434650549
2015-12-22,150,696803.793272365
2015-12-23,157,729321.303625075
2015-12-24,138,641059.489810576
2015-12-25,162,752548.096734154
2015-12-26,171,794356.324330496
2015-12-27,205,952298.517472232
2015-12-28,151,701449.151894181
2015-12-29,159,738612.020868707
2015-12-30,165,766484.172599601
2015-12-31,142,702681.498032921
2016-01-01,135,697129.166405806
2016-01-02,145,748768.363917347
2016-01-03,145,748768.363917347
2016-01-04,181,934669.474958895
2016-01-05,157,810735.400931196
2016-01-06,141,728112.684912731
2016-01-07,147,759096.203419655
2016-01-08,173,893358.116949662
2016-01-09,151,779751.882424272
2016-01-10,175,903685.95645197
2016-01-11,170,877866.357696199
2016-01-12,170,877866.357696199
2016-01-13,148,813710.194014571
2016-01-14,133,749438.083305595
2016-01-15,122,687454.482430696
2016-01-16,142,800151.938566876
2016-01-17,151,850865.793828157
2016-01-18,173,974832.995577956
2016-01-19,133,749438.083305595
2016-01-20,152,856500.666634966
2016-01-21,137,771977.574532831
2016-01-22,176,991737.613998384
2016-01-23,179,1008642.23241881
2016-01-24,171,963563.249964338
2016-01-25,162,912849.394703057
2016-01-26,160,928141.002810171
2016-01-27,155,924867.907889316
2016-01-28,146,871165.900334451
2016-01-29,169,1008404.36408577
2016-01-30,187,1115808.3791955
2016-01-31,181,1080007.04082559
2016-02-01,161,960669.246259225
2016-02-02,180,1074040.15109727
2016-02-03,179,1068073.26136895
2016-02-04,168,1002437.47435745
2016-02-05,188,1121775.26892382
2016-02-06,200,1193377.94566364
2016-02-07,176,1234537.96602865
2016-02-08,148,1060281.98712231
2016-02-09,176,1260875.87657788
2016-02-10,164,1174907.06681121
2016-02-11,192,1375500.95626678
2016-02-12,171,1225055.5391751
2016-02-13,156,1117594.52696676
2016-02-14,166,1189235.20177232
2016-02-15,152,1088938.25704454
2016-02-16,138,988641.312316752
2016-02-17,155,1110430.45948621
2016-02-18,169,1210727.40421399
2016-02-19,145,1106210.05838203
2016-02-20,150,1219082.13715781
2016-02-21,128,1040283.423708
2016-02-22,127,1032156.20946028
2016-02-23,136,1105301.13768975
2016-02-24,118,959011.28123081
2016-02-25,155,1259718.20839641
2016-02-26,140,1137809.99468062
2016-02-27,147,1194700.49441466
2016-02-28,134,1089046.70919431
2016-02-29,133,1080919.49494659
2016-03-01,141,1145937.20892834
2016-03-02,157,1275972.63689184
2016-03-03,135,1097173.92344203
2016-03-04,155,1257200.65607867
2016-03-05,150,1181318.8523918
2016-03-06,148,1165567.93435991
2016-03-07,133,1047436.04912073
2016-03-08,154,1212820.68845558
2016-03-09,168,1323077.11467881
2016-03-10,155,1220696.14747152
2016-03-11,160,1260073.44255125
2016-03-12,144,1134066.09829613
2016-03-13,133,1047436.04912073
2016-03-14,152,1197069.77042369
2016-03-15,161,1267948.9015672
2016-03-16,152,1197069.77042369
2016-03-17,141,1110439.72124829
2016-03-18,136,1099528.52189976
2016-03-19,136,1118857.35233453
2016-03-20,146,1201126.2753003
2016-03-21,139,1143538.02922426
2016-03-22,148,1217580.05989345
2016-03-23,149,1225806.95219003
2016-03-24,147,1209353.16759688
2016-03-25,146,1201126.2753003
2016-03-26,153,1258714.52137634
2016-03-27,141,1159991.81381741
2016-03-28,170,1398571.69041816
2016-03-29,157,1291622.09056265
2016-03-30,147,1209353.16759688
2016-03-31,124,1020134.6447756
2016-04-01,153,1266862.83281171
2016-04-02,139,1152898.4861624
2016-04-03,142,1177781.1873026
2016-04-04,166,1376842.79642417
2016-04-05,155,1285606.22557678
2016-04-06,157,1302194.69300358
2016-04-07,139,1152898.4861624
2016-04-08,144,1194369.6547294
2016-04-09,162,1343665.86157057
2016-04-10,173,1434902.43241796
2016-04-11,153,1269017.75814998
2016-04-12,148,1227546.58958299
2016-04-13,164,1360254.32899737
2016-04-14,164,1425512.68730726
2016-04-15,139,1234618.41233425
2016-04-16,138,1225736.26548292
2016-04-17,158,1403379.20250943
2016-04-18,134,1190207.67807762
2016-04-19,150,1332322.02769883
2016-04-20,165,1465554.23046871
2016-04-21,151,1341204.17455015
2016-04-22,143,1270146.99973955
2016-04-23,144,1279029.14659088
2016-04-24,132,1172443.38437497
2016-04-25,127,1128032.65011834
2016-04-26,151,1341204.17455015
2016-04-27,129,1145796.94382099
2016-04-28,135,1199003.65014719
2016-04-29,158,1403229.58036089
2016-04-30,146,1296655.18185247
2016-05-01,155,1376585.98073378
2016-05-02,157,1394348.38048519
2016-05-03,151,1341061.18123098
2016-05-04,167,1483160.37924221
2016-05-05,155,1376585.98073378
2016-05-06,162,1438754.3798637
2016-05-07,150,1332179.98135528
2016-05-08,168,1492041.57911791
2016-05-09,171,1518685.17874501
2016-05-10,158,1403229.58036089
2016-05-11,133,1263377.10291735
2016-05-12,139,1342247.86954719
2016-05-13,152,1467781.84295808
2016-05-14,144,1390530.16701292
2016-05-15,139,1342247.86954719
2016-05-16,141,1361560.78853348
2016-05-17,141,1361560.78853348
2016-05-18,153,1477438.30245123
2016-05-19,120,1158775.13917743
2016-05-20,149,1438812.46447864
2016-05-21,141,1361560.78853348
2016-05-22,184,1776788.54673873
2016-05-23,180,1738162.70876615
2016-05-24,147,1424527.48797779
2016-05-25,138,1367284.21320355
2016-05-26,135,1337560.6433513
2016-05-27,139,1377192.06982096
2016-05-28,133,1317744.93011646
2016-05-29,147,1456454.9227603
2016-05-30,144,1426731.35290805
2016-05-31,127,1258297.79041196
2016-06-01,143,1416823.49629063
2016-06-02,138,1367284.21320355
2016-06-03,142,1406915.63967322
2016-06-04,119,1179034.93747262
2016-06-05,170,1684335.62496089
2016-06-06,170,1684335.62496089
2016-06-07,140,1387099.92643838
2016-06-08,144,1405239.8337768
2016-06-09,165,1608133.9309215
2016-06-10,144,1403462.33971331
2016-06-11,156,1520417.53468942
2016-06-12,146,1422954.87220933
2016-06-13,161,1569148.86592946
2016-06-14,132,1286507.1447372
2016-06-15,152,1481432.46969738
2016-06-16,149,1452193.67095336
2016-06-17,149,1452193.67095336
2016-06-18,158,1539910.06718544
2016-06-19,177,1725089.12589761
2016-06-20,164,1598387.66467349
2016-06-21,149,1531412.7730782
2016-06-22,129,1343144.51552347
2016-06-23,140,1457676.21839756
2016-06-24,129,1343144.51552347
2016-06-25,162,1686739.62414575
2016-06-26,146,1520148.05632888
2016-06-27,147,1530560.02931744
2016-06-28,148,1540972.00230599
2016-06-29,146,1520148.05632888
2016-06-30,150,1561795.9482831
2016-07-01,155,1613855.81322587
2016-07-02,149,1551383.97529455
2016-07-03,154,1603443.84023732
2016-07-04,151,1573973.22742671
2016-07-05,145,1538177.12694953
2016-07-06,140,1485136.53636507
2016-07-07,137,1453312.18201439
2016-07-08,145,1538177.12694953
2016-07-09,149,1580609.59941711
2016-07-10,156,1654866.42623536
2016-07-11,143,1516960.89071575
2016-07-12,143,1516960.89071575
2016-07-13,129,1368447.23707924
2016-07-14,141,1495744.65448196
2016-07-15,135,1432095.9457806
2016-07-16,157,1665474.54435225
2016-07-17,149,1580609.59941711
2016-07-18,148,1570047.99807086
2016-07-19,128,1358434.53362668
2016-07-20,150,1591915.46909377
2016-07-21,133,1411498.38259648
2016-07-22,129,1369047.30342064
2016-07-23,131,1390272.84300856
2016-07-24,124,1315983.45445085
2016-07-25,131,1390272.84300856
2016-07-26,129,1369047.30342064
2016-07-27,128,1358434.53362668
2016-07-28,136,1443336.69197835
2016-07-29,147,1560077.15971189
2016-07-30,119,1262919.60548106
2016-07-31,154,1634366.5482696
2016-08-01,153,1623753.77847564
2016-08-02,154,1611302.39442715
2016-08-03,166,1666003.54735094
2016-08-04,153,1535533.39002827
2016-08-05,169,1696112.04519463
2016-08-06,166,1666003.54735094
2016-08-07,148,1485352.56028879
2016-08-08,148,1485352.56028879
2016-08-09,124,1244484.57753925
2016-08-10,151,1515461.05813248
2016-08-11,150,1505424.89218458
2016-08-12,149,1495388.72623668
2016-08-13,163,1635895.04950725
2016-08-14,163,1635895.04950725
2016-08-15,146,1480672.78660971
2016-08-16,135,1458782.17092898
2016-08-17,123,1329112.64462418
2016-08-18,154,1664092.25424491
2016-08-19,154,1664092.25424491
2016-08-20,155,1674898.04810365
2016-08-21,163,1761344.39897351
2016-08-22,158,1707315.42967985
2016-08-23,147,1588451.69723378
2016-08-24,152,1642480.66652745
2016-08-25,130,1404753.20163532
2016-08-26,132,1426364.78935278
2016-08-27,144,1556034.31565758
2016-08-28,152,1642480.66652745
2016-08-29,149,1618801.46201982
2016-08-30,164,1799709.0589716
2016-08-31,134,1470493.9872085
2016-09-01,140,1536337.00156112
2016-09-02,153,1678996.8659918
2016-09-03,126,1382703.30140501
2016-09-04,179,1964316.59485315
2016-09-05,140,1536337.00156112
2016-09-06,136,1492441.65865938
2016-09-07,152,1668023.03026636
2016-09-08,144,1580232.34446287
2016-09-09,142,1558284.673012
2016-09-10,155,1700944.53744267
2016-09-11,164,1799709.0589716
2016-09-12,163,1821039.51020144
2016-09-13,165,1852325.13960032
2016-09-14,156,1751289.22289484
2016-09-15,154,1728836.7969603
2016-09-16,139,1560443.60245118
2016-09-17,163,1829872.71366577
2016-09-18,145,1627800.88025482
2016-09-19,133,1493086.32464753
2016-09-20,151,1695158.15805847
2016-09-21,166,1863551.35256759
2016-09-22,141,1582896.02838572
2016-09-23,136,1526764.96354935
2016-09-24,166,1863551.35256759
2016-09-25,185,2162558.09313961
2016-09-26,153,1834694.78231133
2016-09-27,167,2002575.3506274
2016-09-28,148,1774737.43648416
2016-09-29,143,1714780.09065699
2016-09-30,142,1702788.62149156
2016-10-01,157,1882660.65897306
2016-10-02,141,1690797.15232613
2016-10-03,151,1810711.84398046
2016-10-04,158,1894652.1281385
2016-10-05,167,2002575.3506274
2016-10-06,161,1930626.5356348
2016-10-07,143,1714780.09065699
2016-10-08,169,2109095.85982046
2016-10-09,160,2056197.68457302
2016-10-10,124,1593553.20554409
2016-10-11,139,1786321.73847281
2016-10-12,144,1850577.91611572
2016-10-13,128,1644958.14765842
2016-10-14,136,1747768.03188707
2016-10-15,142,1824875.44505855
2016-10-16,130,1670660.61871558
2016-10-17,125,1606404.44107267
2016-10-18,155,1991941.50693011
2016-10-19,125,1606404.44107267
2016-10-20,134,1722065.5608299
2016-10-21,164,2107602.62668734
2016-10-22,149,1906300.95008226
2016-10-23,144,1815470.1249901
2016-10-24,143,1802862.69356655
2016-10-25,139,1752432.96787238
2016-10-26,138,1739825.53644884
2016-10-27,162,2042403.89061386
2016-10-28,152,1916329.57637844
2016-10-29,149,1878507.28210781
2016-10-30,168,2118048.47915512
2016-10-31,147,1853292.41926072
2016-11-01,144,1815470.1249901
2016-11-02,133,1676788.37933113
2016-11-03,155,1954151.87064906
2016-11-04,116,1462462.04513091
2016-11-05,147,1856081.59672813
2016-11-06,153,1936557.43909685
2016-11-07,146,1847956.77194863
2016-11-08,169,2139073.24972136
2016-11-09,147,1860614.01011266
2016-11-10,168,2126416.01155733
2016-11-11,163,2063129.82073717
2016-11-12,168,2126416.01155733
2016-11-13,142,1797327.8192925
2016-11-14,172,2177044.96421346
2016-11-15,156,1974529.15358895
2016-11-16,171,2164387.72604942
2016-11-17,159,2012500.86808104
2016-11-18,148,2011089.71225163
2016-11-19,142,1989192.7397282
2016-11-20,128,1793075.14567049
2016-11-21,139,1947167.54100154
2016-11-22,134,1877125.54312379
2016-11-23,147,2059234.73760595
2016-11-24,162,2269360.73123921
2016-11-25,152,2129276.7354837
2016-11-26,153,2143285.13505925
2016-11-27,144,2017209.5388793
2016-11-28,164,2297377.53039031
2016-11-29,149,2087251.53675705
2016-11-30,142,1989192.7397282
2016-12-01,146,2045226.3380304
2016-12-02,143,2035532.46509142
2016-12-03,172,2451895.01734189
2016-12-04,148,2109770.13120116
2016-12-05,152,2166790.94555795
2016-12-06,150,2138280.53837956
2016-12-07,174,2480405.42452028
2016-12-08,157,2238066.96350393
2016-12-09,135,1924452.4845416
2016-12-10,132,1881686.87377401
2016-12-11,187,2665723.07117984
2016-12-12,156,2223811.75991474
2016-12-13,178,2537426.23887707
2016-12-14,139,1981473.29889839
2016-12-15,127,1952251.49677579
2016-12-16,133,2050571.62856036
2016-12-17,144,2220167.77829091
2016-12-18,141,2173914.28290985
2016-12-19,151,2328092.60084672
2016-12-20,138,2127660.78752879
2016-12-21,159,2451435.25519621
2016-12-22,159,2451435.25519621
2016-12-23,152,2343510.4326404
2016-12-24,137,2112242.9557351
2016-12-25,165,2543942.24595833
2016-12-26,142,2189332.11470354
2016-12-27,156,2405181.75981515
2016-12-28,164,2546127.99373219
2016-12-29,150,2368856.40597071
2016-12-30,157,2479403.03824934
2016-12-31,148,2337271.6538911
2017-01-01,156,2463610.66220954
2017-01-02,159,2510987.79032895
2017-01-03,164,2589949.67052797
2017-01-04,153,2416233.53409012
2017-01-05,140,2210932.64557266
2017-01-06,161,2542572.54240856
2017-01-07,138,2179347.89349305
2017-01-08,167,2637326.79864739
2017-01-09,136,2147763.14141344
2017-01-10,160,2545880.37552233
2017-01-11,153,2562350.134115
2017-01-12,172,2880550.47756719
2017-01-13,150,2512107.97462255
2017-01-14,172,2880550.47756719
2017-01-15,167,2796813.54507977
2017-01-16,169,2830308.31807474
2017-01-17,158,2646087.06660242
2017-01-18,150,2512107.97462255
2017-01-19,174,2914045.25056216
2017-01-20,189,3165256.04802441
2017-01-21,181,3031276.95604454
2017-01-22,174,2950275.25252868
2017-01-23,138,2695734.74214349
2017-01-24,149,2910612.14912595
2017-01-25,149,2910612.14912595
2017-01-26,155,3027818.00748001
2017-01-27,170,3320832.65336517
2017-01-28,152,2969215.07830298
2017-01-29,167,3262229.72418814
2017-01-30,144,2812940.60049756
2017-01-31,145,2832474.91022324
2017-02-01,192,3750587.46733008
2017-02-02,157,3066886.62693136
2017-02-03,149,2910612.14912595
2017-02-04,144,2824555.82436805
2017-02-05,159,3336807.82080876
2017-02-06,125,2623276.58868614
2017-02-07,151,3168918.11913285
2017-02-08,146,3063987.05558541
2017-02-09,169,3546669.94790366
2017-02-10,147,3084973.26829489
2017-02-11,139,2917083.56661898
2017-02-12,140,2938069.77932847
2017-02-13,163,3420752.67164672
2017-02-14,169,3546669.94790366
2017-02-15,139,2917083.56661898
2017-02-16,151,3168918.11913285
2017-02-17,151,3168918.11913285
2017-02-18,151,3254025.02653876
2017-02-19,134,2936112.56385841
2017-02-20,148,3242870.59291824
2017-02-21,138,3023757.71501836
2017-02-22,138,3023757.71501836
2017-02-23,150,3286693.16849821
2017-02-24,163,3571539.90976806
2017-02-25,167,3659185.06092801
2017-02-26,178,3900209.22661788
2017-02-27,144,3155225.44175829
2017-02-28,153,3352427.03186818
2017-03-01,144,3155225.44175829
2017-03-02,157,3440072.18302813
2017-03-03,151,3349345.38703688
2017-03-04,132,3023455.91166441
2017-03-05,147,3367030.44708082
2017-03-06,142,3252505.60194202
2017-03-07,153,3504460.26124739
2017-03-08,142,3252505.60194202
2017-03-09,148,3389935.41610858
2017-03-10,156,3573175.16833067
2017-03-11,149,3412840.38513634
2017-03-12,155,3550270.19930291
2017-03-13,145,3321220.5090253
2017-03-14,156,3573175.16833067
2017-03-15,142,3252505.60194202
2017-03-16,153,3504460.26124739
2017-03-17,154,3600869.26330221
2017-03-18,157,3712647.13922961
2017-03-19,165,3901826.61129226
2017-03-20,136,3216051.02506514
2017-03-21,142,3357935.62911213
2017-03-22,159,3759942.00724527
2017-03-23,148,3499820.23315912
2017-03-24,176,4161948.38537841
2017-03-25,133,3145108.72304164
2017-03-26,166,3925474.04530009
2017-03-27,132,3121461.28903381
2017-03-28,155,3665352.27121395
2017-03-29,138,3263345.8930808
2017-03-30,164,3942417.72740472
2017-03-31,135,3352999.96635802
2017-04-01,132,3278488.85599451
2017-04-02,158,3924251.81247828
2017-04-03,176,4371318.47465935
2017-04-04,125,3104629.59847965
2017-04-05,162,4023599.95962963
2017-04-06,147,3651044.40781207
2017-04-07,162,4023599.95962963
2017-04-08,137,3402674.03993369
2017-04-09,159,3949088.84926612
2017-04-10,147,3651044.40781207
2017-04-11,167,4147785.14356882
2017-04-12,142,3526859.22387288
2017-04-13,127,3274289.42119579
2017-04-14,139,3598646.52693503
2017-04-15,150,3883431.50388672
2017-04-16,146,3779873.33044974
2017-04-17,138,3572756.98357579
2017-04-18,146,3779873.33044974
2017-04-19,143,3702204.70037201
2017-04-20,138,3572756.98357579
2017-04-21,167,4323553.74099389
2017-04-22,145,3753983.7870905
2017-04-23,153,3961100.13396446
2017-04-24,124,3210303.37654636
2017-04-25,148,3831652.41716823
2017-04-26,153,3961100.13396446
2017-04-27,147,3813586.2247299
2017-04-28,136,3528859.19852578
2017-04-29,173,4488916.48047764
2017-04-30,151,3918071.61012788
2017-05-01,150,3892124.11602107
2017-05-02,158,4099704.06887553
2017-05-03,132,3425069.22209855
2017-05-04,168,4359179.0099436
2017-05-05,129,3347226.73977813
2017-05-06,168,4359179.0099436
2017-05-07,167,4333231.5158368
2017-05-08,180,4670548.93922529
2017-05-09,155,4021861.58655511
2017-05-10,148,4093329.66292194
2017-05-11,135,3757901.04949698
2017-05-12,154,4286790.8268336
2017-05-13,158,4398136.04311499
2017-05-14,164,4565153.86753708
2017-05-15,170,4732171.69195917
2017-05-16,132,3674392.13728594
2017-05-17,155,4314627.13090395
2017-05-18,142,3952755.17798942
2017-05-19,164,4565153.86753708
2017-05-20,165,4592990.17160743
2017-05-21,147,4091936.69834116
2017-05-22,146,4064100.39427081
2017-05-23,168,4887381.02634698
2017-05-24,154,4562009.63318436
2017-05-25,163,4828620.58577306
2017-05-26,153,4532386.19400784
2017-05-27,168,4976737.78165567
2017-05-28,165,4887867.46412611
2017-05-29,151,4473139.3156548
2017-05-30,179,5302595.61259742
2017-05-31,164,4858244.02494958
2017-06-01,170,5035984.66000872
2017-06-02,146,4325022.11977219
2017-06-03,192,5687700.3218922
2017-06-04,161,5049391.51326877
2017-06-05,164,5533581.08611424
2017-06-06,151,5094943.56099544
2017-06-07,165,5567322.43420031
2017-06-08,165,5567322.43420031
2017-06-09,151,5094943.56099544
2017-06-10,141,4757530.08013481
2017-06-11,146,4926236.82056512
2017-06-12,147,4959978.16865119
2017-06-13,141,4757530.08013481
2017-06-14,140,4723788.73204875
2017-06-15,153,5162426.25716756
2017-06-16,148,4993719.51673725
2017-06-17,145,4907231.27624732
2017-06-18,145,5129905.64430105
2017-06-19,151,5342177.60199627
2017-06-20,138,4882255.02698997
2017-06-21,140,4953012.34622171
2017-06-22,139,4917633.68660584
2017-06-23,160,5660585.53853909
2017-06-24,146,5165284.30391692
2017-06-25,122,4316196.47313606
2017-06-26,142,5023769.66545344
2017-06-27,131,4634604.40967888
2017-06-28,157,5554449.55969148
2017-06-29,120,4245439.15390432
2017-06-30,154,5448313.58084387
2017-07-01,164,5801798.16405462
2017-07-02,188,6622798.79067703
2017-07-03,170,5988701.03412285
2017-07-04,153,5389830.93071056
2017-07-05,149,5248920.31814296
2017-07-06,142,5002326.74614967
2017-07-07,148,5213692.66500107
2017-07-08,165,5812562.76841335
2017-07-09,138,4861416.13358208
2017-07-10,197,6939847.66895412
2017-07-11,173,6094383.99354854
2017-07-12,177,6235294.60611614
2017-07-13,157,5530741.54327816
2017-07-14,139,5287415.70544483
2017-07-15,127,5079131.87191812
2017-07-16,163,6518885.78836735
2017-07-17,148,5918988.32318017
2017-07-18,165,6598872.11705897
2017-07-19,149,5958981.48752598
2017-07-20,162,6478892.62402153
2017-07-21,154,6158947.30925504
2017-07-22,160,6398906.29532991
2017-07-23,172,6878824.26747965
2017-07-24,178,7118783.25355452
2017-07-25,148,5918988.32318017
2017-07-26,147,5878995.15883436
2017-07-27,154,6416436.63634687
2017-07-28,150,6414280.01814893
2017-07-29,157,6713613.08566255
2017-07-30,147,6285994.41778595
2017-07-31,145,6200470.68421063
2017-08-01,149,6371518.15136127
2017-08-02,152,6499803.75172425
2017-08-03,138,5901137.61669702
2017-08-04,179,7654374.15499106
2017-08-05,177,7568850.42141574
2017-08-06,140,5986661.35027234
2017-08-07,153,6542565.61851191
2017-08-08,164,7012946.15317617
2017-08-09,138,6107869.28310813
2017-08-10,134,6149818.07832045
2017-08-11,144,6608759.7259563
2017-08-12,135,6195712.24308403
2017-08-13,148,6792336.38501064
2017-08-14,130,5966241.41926611
2017-08-15,152,6975913.04406499
2017-08-16,130,5966241.41926611
2017-08-17,179,8215055.49268179
2017-08-18,149,6838230.54977423
2017-08-19,151,6930018.8793014
2017-08-20,130,5966241.41926611
2017-08-21,115,5277828.94781232
2017-08-22,89,4084580.6639591
2017-08-23,159,7297172.19741008
2017-08-24,101,4467992.01920994
2017-08-25,101,4459277.50765201
2017-08-26,105,4635882.55746001
2017-08-27,155,6843445.68006004
2017-08-28,129,5695512.85630802
2017-08-29,149,6578538.10534803
2017-08-30,168,7417412.09193603
2017-08-31,163,7196655.77967604
2017-09-01,174,7682319.66664803
2017-09-02,164,7240807.04212804
2017-09-03,154,6799294.41760804
2017-09-04,175,7726470.92910003
2017-09-05,197,8697798.70304403
2017-09-06,162,7283044.48578657
2017-09-07,176,8072925.27664423
2017-09-08,175,8027056.38302694
2017-09-09,169,7751843.02132316
2017-09-10,138,6329907.31918695
2017-09-11,174,7981187.48940964
2017-09-12,188,8623352.0000518
2017-09-13,190,8715089.78728639
2017-09-14,174,7981187.48940964
2017-09-15,180,8256400.85111342
2017-09-16,169,7751843.02132316
2017-09-17,176,8072925.27664423
2017-09-18,127,6687570.05931123
2017-09-19,156,8556655.83040941
2017-09-20,117,6417491.87280707
2017-09-21,176,9653662.9881542
2017-09-22,139,7624199.74632635
2017-09-23,166,9105159.4092818
2017-09-24,145,7953301.89364978
2017-09-25,125,6856294.73590499
2017-09-26,138,7569349.3884391
2017-09-27,147,8063002.60942426
2017-09-28,177,9708513.34604144
2017-09-29,169,9269710.48294352
2017-09-30,138,7569349.3884391
2017-10-01,130,7133598.09247187
2017-10-02,150,8380132.03962018
2017-10-03,183,10223761.0883366
2017-10-04,134,7486251.28872736
2017-10-05,125,6983443.36635015
2017-10-06,159,8882939.96199739
2017-10-07,158,8827072.41506659
2017-10-08,182,10167893.5414058
2017-10-09,161,8994675.05585899
2017-10-10,160,8938807.50892819
2017-10-11,139,7765589.02338137
2017-10-12,153,8547734.68041258
2017-10-13,136,7597986.38258896
2017-10-14,141,7877324.11724297
2017-10-15,195,11485102.1666364
2017-10-16,174,10351762.4275094
2017-10-17,164,9756833.55236517
2017-10-18,151,8983426.0146777
2017-10-19,178,10589733.9775671
2017-10-20,179,10649226.8650815
2017-10-21,153,9102411.78970654
2017-10-22,182,10827705.5276248
2017-10-23,171,10173283.7649661
2017-10-24,167,9935312.21490844
2017-10-25,185,11006184.190168
2017-10-26,180,11103293.0112987
2017-10-27,104,7510989.9435995
2017-10-28,85,6138789.8577496
2017-10-29,154,11122042.8010992
2017-10-30,147,10616495.4010493
2017-10-31,138,9966505.88669932
2017-11-01,156,11266484.9153992
2017-11-02,150,10833158.5724993
2017-11-03,119,8594305.80084942
2017-11-04,130,9388737.42949936
2017-11-05,141,10183169.0581493
2017-11-06,133,9605400.60094935
2017-11-07,156,11266484.9153992
2017-11-08,144,10399832.2295993
2017-11-09,153,11049821.7439492
2017-11-10,120,8468739.81561046
2017-11-11,80,5426063.16330811
2017-11-12,80,5426063.16330811
2017-11-13,140,9495610.5357892
2017-11-14,128,8681701.06129298
2017-11-15,152,10309520.0102854
2017-11-16,152,10309520.0102854
2017-11-17,167,11326906.8534057
2017-11-18,136,9224307.3776238
2017-11-19,160,10852126.3266162
2017-11-20,175,11869513.1697365
2017-11-21,173,11733861.5906538
2017-11-22,148,10038216.85212
2017-11-23,157,10648648.9579922
2017-11-24,149,10083527.0255049
2017-11-25,156,10445729.4715118
2017-11-26,153,10244850.0585982
2017-11-27,170,11383166.7317757
2017-11-28,156,10445729.4715118
2017-11-29,173,11584046.1446894
2017-11-30,167,11182287.318862
2017-12-01,183,12253644.187735
2017-12-02,161,10780528.4930347
2017-12-03,176,11784925.5576031
2017-12-04,181,12119724.5791259
2017-12-05,178,11918845.1662122
2017-12-06,188,13218896.9761819
2017-12-07,152,12020755.1114562
2017-12-08,156,12337090.772284
2017-12-09,174,13760601.2460091
2017-12-10,164,12969762.0939396
2017-12-11,171,13523349.5003882
2017-12-12,156,12337090.772284
2017-12-13,186,14709608.2284925
2017-12-14,185,14630524.3132855
2017-12-15,169,13365181.6699743
2017-12-16,171,13523349.5003882
2017-12-17,185,14630524.3132855
2017-12-18,182,15613766.2496263
2017-12-19,140,13035760.9505203
2017-12-20,136,12663310.6376483
2017-12-21,132,12290860.3247763
2017-12-22,155,14432449.6237903
2017-12-23,139,12942648.3723023
2017-12-24,152,14153111.8891363
2017-12-25,135,12570198.0594303
2017-12-26,142,13221986.1069563
2017-12-27,156,14525562.2020083
2017-12-28,149,13873774.1544823
2017-12-29,165,15363575.4059704
2017-12-30,147,13687548.9980463
2017-12-31,163,15177350.2495343
2018-01-01,156,14923655.7184224
2018-01-02,171,16415540.6673567
2018-01-03,157,15071578.273538
2018-01-04,168,16127548.7258241
2018-01-05,143,13727615.8797194
2018-01-06,168,16127548.7258241
2018-01-07,162,15551564.842759
2018-01-08,166,15935554.0981357
2018-01-09,164,15743559.4704474
2018-01-10,166,15935554.0981357
2018-01-11,193,18527481.5719289
2018-01-12,178,17087521.864266
2018-01-13,149,15881806.2094572
2018-01-14,155,17165770.5545811
2018-01-15,150,16612036.0205623
2018-01-16,159,17608758.1817961
2018-01-17,167,18494733.4362261
2018-01-18,173,19159214.8770486
2018-01-19,165,18273239.6226186
2018-01-20,178,19712949.4110673
2018-01-21,187,20709671.572301
2018-01-22,167,18494733.4362261
2018-01-23,177,19602202.5042636
2018-01-24,176,19491455.5974598
2018-01-25,158,19419246.3436515
2018-01-26,155,20056949.5413983
2018-01-27,157,20315748.8903196
2018-01-28,158,20445148.5647802
2018-01-29,148,19151151.8201739
2018-01-30,167,21609745.6349259
2018-01-31,117,15139761.9118942
2018-02-01,160,20703947.9137015
2018-02-02,168,21739145.3093865
2018-02-03,158,20445148.5647802
2018-02-04,178,23033142.0539929
2018-02-05,185,23938939.7752173
2018-02-06,170,22105953.9129441
2018-02-07,141,20149017.2119133
2018-02-08,131,18720008.8990117
2018-02-09,135,19291612.2241723
2018-02-10,143,20434818.8744937
2018-02-11,151,21578025.524815
2018-02-12,166,23721537.9941675
2018-02-13,164,23435736.3315871
2018-02-14,179,25579248.8009396
2018-02-15,131,18720008.8990117
2018-02-16,157,22435430.512556
2018-02-17,149,21292223.8622346
2018-02-18,162,23149934.6690068
2018-02-19,162,23149934.6690068
2018-02-20,141,20835108.4972582
2018-02-21,169,25265138.8267234
2018-02-22,149,22275181.569123
2018-02-23,148,22125683.706243
2018-02-24,145,21677190.1176029
2018-02-25,171,25564134.5524835
2018-02-26,141,21079198.6660828
2018-02-27,160,23919658.0608032
2018-02-28,155,23172168.7464031
2018-03-01,165,24667147.3752033
2018-03-02,156,23321666.6092831
2018-03-03,180,26909615.3184037
2018-03-04,148,22125683.706243
2018-03-05,149,24020983.5292903
2018-03-06,156,25517998.1075581
2018-03-07,157,25681575.018504
2018-03-08,162,26499459.5732334
2018-03-09,146,23882228.9980992
2018-03-10,140,22900767.5324239
2018-03-11,153,25027267.3747204
2018-03-12,161,26335882.6622875
2018-03-13,158,25845151.9294498
2018-03-14,144,23555075.1762074
2018-03-15,144,23555075.1762074
2018-03-16,156,25517998.1075581
2018-03-17,149,24372959.7309369
2018-03-18,151,25426608.9713916
2018-03-19,155,26679206.959874
2018-03-20,127,21859737.3155097
2018-03-21,152,26162835.2122636
2018-03-22,143,24613719.9694322
2018-03-23,133,22892480.8107306
2018-03-24,156,26851330.8757442
2018-03-25,135,23236728.6424709
2018-03-26,150,25818587.3805233
2018-03-27,152,26162835.2122636
2018-03-28,135,23236728.6424709
2018-03-29,152,26162835.2122636
2018-03-30,162,27884074.3709651
2018-03-31,128,22031861.2313799
2018-04-01,162,28151789.8209148
2018-04-02,156,27227579.616214
2018-04-03,163,28449329.9836082
2018-04-04,147,25656757.7152785
2018-04-05,156,27227579.616214
2018-04-06,138,24085935.8143431
2018-04-07,180,31416438.0187084
2018-04-08,161,28100258.450067
2018-04-09,147,25656757.7152785
2018-04-10,164,28623865.7503788
2018-04-11,161,28100258.450067
2018-04-12,154,26878508.0826727
2018-04-13,165,28798401.5171494
2018-04-14,137,25934796.2703183
2018-04-15,163,31109116.9538305
2018-04-16,141,26910340.4324546
2018-04-17,162,30918263.4755861
2018-04-18,160,30536556.5190974
2018-04-19,178,33971919.1274958
2018-04-20,137,26146926.5194772
2018-04-21,159,30345703.0408531
2018-04-22,160,30536556.5190974
2018-04-23,153,29200582.1713869
2018-04-24,159,30345703.0408531
2018-04-25,123,23474977.8240562
2018-04-26,141,26910340.4324546
2018-04-27,142,27882432.4329455
2018-04-28,128,25592018.8297845
2018-04-29,158,31590148.2430152
2018-04-30,155,30990335.3016921
2018-05-01,158,31590148.2430152
2018-05-02,140,27991270.5950767
2018-05-03,151,30190584.7132614
2018-05-04,138,27591395.3008614
2018-05-05,161,32189961.1843383
2018-05-06,137,27391457.6537537
2018-05-07,150,29990647.0661537
2018-05-08,139,27791332.9479691
2018-05-09,160,31990023.5372306
2018-05-10,154,30790397.6545844
2018-05-11,127,26155095.4999563
2018-05-12,165,33988897.1882542
2018-05-13,148,30487010.8112825
2018-05-14,132,27191117.7506033
2018-05-15,146,30075024.1786976
2018-05-16,179,36872803.6163485
2018-05-17,132,27191117.7506033
2018-05-18,148,30487010.8112825
2018-05-19,154,31722970.7090372
2018-05-20,144,29663037.5461127
2018-05-21,157,32340950.6579146
2018-05-22,151,31104990.7601599
2018-05-23,162,33370917.2393768
2018-05-24,143,30032592.1199289
2018-05-25,176,37681533.9302757
2018-05-26,162,34684139.1858219
2018-05-27,164,35112338.4350296
2018-05-28,156,33399541.4381989
2018-05-29,139,29759847.8199336
2018-05-30,174,37253334.681068
2018-05-31,170,36396936.1826526
2018-06-01,166,35540537.6842373
2018-06-02,152,32543142.9397835
2018-06-03,163,34898238.8104258
2018-06-04,183,39180231.3025025
2018-06-05,175,38570079.4652277
2018-06-06,147,36103754.4868986
2018-06-07,143,35121339.3988197
2018-06-08,145,35612546.9428592
2018-06-09,143,35121339.3988197
2018-06-10,127,31191679.0465042
2018-06-11,140,34384528.0827606
2018-06-12,145,35612546.9428592
2018-06-13,143,35121339.3988197
2018-06-14,153,37577377.119017
2018-06-15,153,37577377.119017
2018-06-16,166,40770226.1552733
2018-06-17,157,38559792.2070958
2018-06-18,164,40279018.6112339
2018-06-19,155,38748592.0678864
2018-06-20,155,39122596.1405431
2018-06-21,170,42908653.8315634
2018-06-22,151,38112980.756271
2018-06-23,160,40384615.3708832
2018-06-24,171,43161057.6776314
2018-06-25,157,39627403.8326791
2018-06-26,146,36850961.5259309
2018-06-27,121,30540865.3742304
2018-06-28,157,39627403.8326791
2018-06-29,151,38112980.756271
2018-06-30,141,35588942.2955908
2018-07-01,147,37103365.3719989
2018-07-02,141,36328697.2314513
2018-07-03,116,30929068.6931176
2018-07-04,134,35728406.9386013
2018-07-05,137,36528296.646182
2018-07-06,160,42660784.4043001
2018-07-07,156,41594264.7941926
2018-07-08,158,42127524.5992464
2018-07-09,136,36261666.7436551
2018-07-10,149,39727855.4765045
2018-07-11,135,35995036.8411282
2018-07-12,141,37594816.2562895
2018-07-13,143,38128076.0613432
2018-07-14,133,35461777.0360745
2018-07-15,133,35461777.0360745
2018-07-16,120,31995588.3032251
2018-07-17,159,41051426.467194
2018-07-18,174,44793365.5190134
2018-07-19,171,44021066.1135132
2018-07-20,154,39644702.8156786
2018-07-21,137,35268339.5178439
2018-07-22,182,46852830.6003474
2018-07-23,166,42733900.4376795
2018-07-24,159,40931868.4915123
2018-07-25,177,45565664.9245137
2018-07-26,165,42476467.3025127
2018-07-27,167,42991333.5728462
2018-07-28,145,37327804.5991779
2018-07-29,170,47480188.0482407
2018-07-30,134,39630250.2088987
2018-07-31,147,43474975.9754336
2018-08-01,150,44362220.3830956
2018-08-02,153,45249464.7907575
2018-08-03,166,49094190.5572924
2018-08-04,176,52051671.9161655
2018-08-05,160,47319701.7419686
2018-08-06,131,38743005.8012368
2018-08-07,151,44657968.5189829
2018-08-08,157,46432457.3343067
2018-08-09,149,44066472.2472083
2018-08-10,176,52051671.9161655
2018-08-11,170,52485702.5441051
2018-08-12,155,49230273.0794214
2018-08-13,150,47642199.7542788
2018-08-14,136,43195594.4438794
2018-08-15,161,51135961.0695926
2018-08-16,158,50183117.074507
2018-08-17,152,48277429.0843358
2018-08-18,160,50818346.404564
2018-08-19,145,46054126.4291361
2018-08-20,150,47642199.7542788
2018-08-21,148,47006970.4242217
2018-08-22,160,50818346.404564
2018-08-23,149,47324585.0892502
2018-08-24,146,47295605.0753526
2018-08-25,135,45145645.9144945
2018-08-26,173,57853309.2089448
2018-08-27,185,61866255.5124554
2018-08-28,153,51165065.3697604
2018-08-29,139,46483294.6823314
2018-08-30,154,51499477.5617197
2018-08-31,155,51833889.7536789
2018-09-01,151,50496240.985842
2018-09-02,144,48155355.6421275
2018-09-03,144,48155355.6421275
2018-09-04,126,42135936.1868616
2018-09-05,132,44142409.3386169
2018-09-06,150,50161828.7938828
2018-09-07,152,52746513.6394839
2018-09-08,150,52338942.9548858
2018-09-09,163,56874984.6776426
2018-09-10,135,47105048.6593973
2018-09-11,141,49198606.3775927
2018-09-12,168,58619616.1094721
2018-09-13,148,51641090.382154
2018-09-14,132,46058269.8002995
2018-09-15,140,48849680.0912268
2018-09-16,139,48500753.8048609
2018-09-17,135,47105048.6593973
2018-09-18,142,49547532.6639586
2018-09-19,156,54432500.6730812
2018-09-20,154,53860675.976615
2018-09-21,144,51200543.8778614
2018-09-22,155,55111696.535198
2018-09-23,150,53333899.8727723
2018-09-24,148,52622781.207802
2018-09-25,169,60089527.1899902
2018-09-26,139,49422747.2154357
2018-09-27,143,50844984.5453763
2018-09-28,154,54756137.2027129
2018-09-29,152,54045018.5377426
2018-09-30,163,57956171.1950792
2018-10-01,158,56178374.5326535
2018-10-02,137,48711628.5504654
2018-10-03,145,51556103.2103466
2018-10-04,150,54987108.4738221
2018-10-05,130,48176505.2061282
2018-10-06,125,46323562.6982002
2018-10-07,142,52623567.2251554
2018-10-08,135,50029447.7140562
2018-10-09,130,48176505.2061282
2018-10-10,144,53364744.2283266
2018-10-11,159,58923571.7521107
2018-10-12,132,48917682.2092994
2018-10-13,141,52252978.7235698
2018-10-14,114,42247089.1807586
2018-10-15,162,60035337.2568675
2018-10-16,135,50029447.7140562
2018-10-17,138,51141213.218813
2018-10-18,138,50884200.6681646
2018-10-19,142,50702736.5834671
2018-10-20,143,51059798.1087028
2018-10-21,138,49274490.4825244
2018-10-22,155,55344536.411531
2018-10-23,154,54987474.8862954
2018-10-24,113,40347952.3516322
2018-10-25,137,48917428.9572887
2018-10-26,143,51059798.1087028
2018-10-27,136,48560367.432053
2018-10-28,140,49988613.5329958
2018-10-29,146,52130982.6844099
2018-10-30,154,54987474.8862954
2018-10-31,163,58201028.6134165
2018-11-01,154,54989095.6997791
2018-11-02,143,51070835.0767113
2018-11-03,161,57499331.799654
2018-11-04,123,43928060.9401084
2018-11-05,144,51427973.7835415
2018-11-06,128,45713754.4742591
2018-11-07,130,46428031.8879194
2018-11-08,121,43213783.5264481
2018-11-09,127,45356615.767429
2018-11-10,131,46785170.5947495
2018-11-11,146,52142251.1972018
2018-11-12,140,49999418.9562209
2018-11-13,120,42856644.8196179
2018-11-14,135,48213725.4220701
2018-11-15,127,45356615.767429
2018-11-16,126,44814668.5643965
2018-11-17,145,47956936.4976081
2018-11-18,123,40680711.6496951
2018-11-19,126,41672924.128956
2018-11-20,132,43657349.0874777
2018-11-21,105,34727436.77413
2018-11-22,122,40349974.1566082
2018-11-23,125,41342186.635869
2018-11-24,143,47295461.5114342
2018-11-25,127,42003661.622043
2018-11-26,111,36711861.7326517
2018-11-27,131,43326611.5943908
2018-11-28,118,39027024.1842604
2018-11-29,105,34727436.77413
2018-11-30,101,33404486.8017821
2018-12-01,124,41011449.1427821
2018-12-02,114,37704074.2119126
2018-12-03,114,34851039.8061178
2018-12-04,138,38734427.5898648
2018-12-05,130,36488953.5266842
2018-12-06,135,37892374.8161721
2018-12-07,114,31998005.4003231
2018-12-08,127,35646900.7529915
2018-12-09,128,35927585.0108891
2018-12-10,124,34804847.9792988
2018-12-11,125,35085532.2371964
2018-12-12,120,33682110.9477085
2018-12-13,131,36769637.7845818
2018-12-14,146,40979901.6530454
2018-12-15,149,41821954.4267381
2018-12-16,115,32278689.6582207
2018-12-17,160,44909481.2636114
2018-12-18,128,35632316.4387212
2018-12-19,149,37822407.4037366
2018-12-20,135,34268624.1577479
2018-12-21,140,35537832.4598867
2018-12-22,175,44422290.5748584
2018-12-23,176,44676132.2352862
2018-12-24,152,38583932.3850198
2018-12-25,159,40360824.0080142
2018-12-26,157,39853140.6871587
2018-12-27,174,44168448.9144307
2018-12-28,167,42391557.2914363
2018-12-29,138,35030149.1390311
2018-12-30,176,44676132.2352862
2018-12-31,155,40567549.5659183
2019-01-01,149,41615985.2733756
2019-01-02,151,42174589.1025484
2019-01-03,155,43291796.7608941
2019-01-04,149,41615985.2733756
2019-01-05,163,45526212.0775854
2019-01-06,141,39381569.9566843
2019-01-07,141,39381569.9566843
2019-01-08,169,47202023.5651039
2019-01-09,164,45805513.9921718
2019-01-10,156,43571098.6754805
2019-01-11,148,41336683.3587892
2019-01-12,138,38543664.212925
2019-01-13,137,38264362.2983386
2019-01-14,149,43489353.9009638
2019-01-15,132,38609293.9848548
2019-01-16,133,38901788.6362552
2019-01-17,127,37146820.7278527
2019-01-18,138,40364261.8932572
2019-01-19,133,38901788.6362552
2019-01-20,157,45921660.2698651
2019-01-21,150,43874197.7100622
2019-01-22,130,38024304.6820539
2019-01-23,146,42704219.1044605
2019-01-24,162,47384133.5268671
2019-01-25,138,40364261.8932572
2019-01-26,150,43874197.7100622
2019-01-27,137,40071767.2418568
2019-01-28,145,42053315.6218028
2019-01-29,146,42201068.2451955
2019-01-30,136,39310584.1188122
2019-01-31,155,44802503.9589404
2019-02-01,158,45669649.1968553
2019-02-02,144,41622971.4199188
2019-02-03,138,39888680.9440889
2019-02-04,147,42490116.6578338
2019-02-05,147,42490116.6578338
2019-02-06,164,47403939.6726853
2019-02-07,174,50294423.7990685
2019-02-08,163,47114891.260047
2019-02-09,150,43357261.8957488
2019-02-10,140,41080343.9102215
2019-02-11,145,43691361.6410391
2019-02-12,128,38568926.1382966
2019-02-13,153,46101919.5246827
2019-02-14,141,42486082.6992174
2019-02-15,127,38267606.4028412
2019-02-16,150,45197960.3183164
2019-02-17,159,47909837.9374153
2019-02-18,155,46704558.9955936
2019-02-19,156,47005878.731049
2019-02-20,130,39171565.6092075
2019-02-21,119,35857048.5191977
2019-02-22,162,48813797.1437817
2019-02-23,143,43088722.1701283
2019-02-24,137,41300825.1419887
2019-02-25,143,43162133.9136362
2019-02-26,161,48595129.7908771
2019-02-27,141,42558467.7050539
2019-02-28,150,45274965.6436743
2019-03-01,162,48896962.8951683
2019-03-02,132,39841969.7664334
2019-03-03,146,44067633.2265097
2019-03-04,137,41351135.2878892
2019-03-05,149,44973132.5393832
2019-03-06,128,38634637.3492687
2019-03-07,142,42860300.809345
2019-03-08,146,44067633.2265097
2019-03-09,138,41652968.3921804
2019-03-10,136,41044308.6239489
2019-03-11,142,42839445.3543402
2019-03-12,143,43141131.5892299
2019-03-13,135,40727641.7101121
2019-03-14,155,46761366.4079065
2019-03-15,153,46157993.938127
2019-03-16,163,49174856.2870242
2019-03-17,146,44046190.293899
2019-03-18,161,48571483.8172448
2019-03-19,174,52493404.8708111
2019-03-20,161,48571483.8172448
2019-03-21,143,43141131.5892299
2019-03-22,161,48571483.8172448
2019-03-23,145,43744504.0590093
2019-03-24,150,47567250.8442935
2019-03-25,148,46933020.8330363
2019-03-26,134,42493410.7542356
2019-03-27,149,47250135.8386649
2019-03-28,146,46298790.821779
2019-03-29,147,46615905.8274077
2019-03-30,139,44078985.7823787
2019-03-31,139,44078985.7823787
2019-04-01,136,43127640.7654928
2019-04-02,157,49787055.8836939
2019-04-03,142,45030330.7992646
2019-04-04,140,44396100.7880073
2019-04-05,158,50104170.8893225
2019-04-06,139,44084457.1991955
2019-04-07,141,44809649.5150318
2019-04-08,148,47034242.0441469
2019-04-09,132,41949459.1204553
2019-04-10,148,47034242.0441469
2019-04-11,157,49894432.4387234
2019-04-12,151,47987638.842339
2019-04-13,135,42902855.9186475
2019-04-14,122,38771469.7931481
2019-04-15,145,46080845.2459547
2019-04-16,145,46080845.2459547
2019-04-17,138,43856252.7168397
2019-04-18,149,47352040.9768776
2019-04-19,152,48305437.7750698
2019-04-20,131,41631660.1877246
2019-04-21,162,51189192.6714095
2019-04-22,134,42318655.5416624
2019-04-23,116,36634060.0211406
2019-04-24,163,51477170.5469476
2019-04-25,143,45160953.3019233
2019-04-26,151,47687440.199933
2019-04-27,137,43266088.128416
2019-04-28,163,51477170.5469476
2019-04-29,163,51477170.5469476
2019-04-30,140,44213520.7151697
2019-05-01,171,54003657.4449573
2019-05-02,184,58109198.654223
2019-05-03,152,48003251.0621842
2019-05-04,132,43092854.4112328
2019-05-05,129,42978500.6950409
2019-05-06,151,50308167.4802416
2019-05-07,127,42312167.3509317
2019-05-08,152,50641334.1522962
2019-05-09,150,49975000.808187
2019-05-10,125,41645834.0068226
2019-05-11,130,43311667.3670955
2019-05-12,158,52640334.1846237
2019-05-13,167,55638834.2331149
2019-05-14,152,50641334.1522962
2019-05-15,149,49641834.1361325
2019-05-16,146,48642334.1199687
2019-05-17,151,50308167.4802416
2019-05-18,153,50987355.5821806
2019-05-19,163,54326123.0260991
2019-05-20,161,53659544.8294598
2019-05-21,153,50993232.0429028
2019-05-22,167,55659279.4193776
2019-05-23,158,52659677.5345009
2019-05-24,153,50993232.0429028
2019-05-25,140,46660473.7647477
2019-05-26,165,54992701.2227383
2019-05-27,167,55659279.4193776
2019-05-28,164,54659412.1244187
2019-05-29,174,57992303.107615
2019-05-30,160,53851726.7142329
2019-05-31,117,43386260.5763855
2019-06-01,151,55994233.7353351
2019-06-02,131,48577778.935953
2019-06-03,119,44127906.0563237
2019-06-04,154,57106701.9552424
2019-06-05,160,59331638.395057
2019-06-06,157,58219170.1751497
2019-06-07,158,58589992.9151188
2019-06-08,124,45982019.7561692
2019-06-09,147,54510942.7754586
2019-06-10,157,58219170.1751497
2019-06-11,143,53027651.8155822
2019-06-12,131,48577778.935953
2019-06-13,151,55994233.7353351
2019-06-14,169,62251625.6357354
2019-06-15,146,53775192.2320143
2019-06-16,130,47882020.4805607
2019-06-17,133,48986990.1839583
2019-06-18,163,60036687.2179338
2019-06-19,177,65193212.5004558
2019-06-20,144,53038545.7630826
2019-06-21,133,48986990.1839583
2019-06-22,141,51933576.0596851
2019-06-23,181,66666505.4383192
2019-06-24,177,65193212.5004558
2019-06-25,146,53775192.2320143
2019-06-26,165,60773333.6868655
2019-06-27,142,55670540.6800857
2019-06-28,163,64293187.5738047
2019-06-29,174,68631991.6432025
2019-06-30,152,59954383.5044069
2019-07-01,143,56404452.9021723
2019-07-02,158,62321003.9058966
2019-07-03,172,67843118.1760393
2019-07-04,167,65870934.5081312
2019-07-05,189,74548542.6469268
2019-07-06,178,70209738.577529
2019-07-07,153,60348820.2379885
2019-07-08,178,70209738.577529
2019-07-09,154,66020895.9353463
2019-07-10,129,58125055.93338185
2019-07-11,129,58125055.93338185
2019-07-12,164,73895419.94631507
2019-07-13,141,63532037.880673245
2019-07-14,145,65334365.19643704
2019-07-15,146,65784947.02537798
2019-07-16,162,72994256.28843316
2019-07-17,133,59927383.24914565
2019-07-18,121,54520401.301854275
2019-07-19,118,53168655.81503144
2019-07-20,177,79752983.72254743
2019-07-21,149,67136692.51220085
2019-07-22,158,71191928.97266938
2019-07-23,143,64200324.93722811
2019-07-24,139,62282811.34553916
2019-07-25,150,67211666.91964662
2019-07-26,166,74380911.39107564
2019-07-27,152,68107822.47857523
2019-07-28,175,78413611.40625447
2019-07-29,168,75277066.95000428
2019-07-30,142,63627044.68393211
2019-07-31,171,76621300.28839722
2019-08-01,142,63627044.68393211
2019-08-02,169,75725144.72946858
2019-08-03,173,77517455.84732585
2019-08-04,167,74828989.17053996
2019-08-05,143,70546861.81990622
2019-08-06,161,79916269.03403816
2019-08-07,153,75945274.29942758
2019-08-08,142,70485156.53933802
2019-08-09,147,72967028.24846964
2019-08-10,151,74952525.61577493
2019-08-11,153,75945274.29942758
2019-08-12,133,66017787.46290111
2019-08-13,157,77930771.66673285
2019-08-14,152,75448899.95760125
2019-08-15,157,77930771.66673285
2019-08-16,147,72967028.24846964
2019-08-17,128,63535915.753769495
2019-08-18,126,62789407.41868819
2019-08-19,163,82514504.79037575
2019-08-20,153,77452265.23268399
2019-08-21,136,68846457.984608
2019-08-22,141,71377577.76345386
2019-08-23,153,77452265.23268399
2019-08-24,160,80995832.92306823
2019-08-25,155,78464713.14422233
2019-08-26,137,69352681.94037716
2019-08-27,135,68340234.02883881
2019-08-28,151,76439817.32114564
2019-08-29,165,83526952.7019141
2019-08-30,160,80995832.92306823
2019-08-31,166,84033176.65768328
2019-09-01,143,76105398.3346369
2019-09-02,149,79786349.93155265
2019-09-03,164,87818532.81056806
2019-09-04,136,72825124.76973927
2019-09-05,165,88354011.66916907
2019-09-06,158,84605659.65896188
2019-09-07,150,80321828.79015365
2019-09-08,177,94779757.97238144
2019-09-09,146,78179913.35574953
2019-09-10,182,97457152.26538657
2019-09-11,184,98528109.9825886
2019-09-12,158,84605659.65896188
2019-09-13,150,81990003.47587636
2019-09-14,155,91618125.62606
2019-09-15,147,86889448.17439239
2019-09-16,163,96346803.07772762
2019-09-17,148,87480532.85585083
2019-09-18,174,102848734.57377057
2019-09-19,148,87480532.85585083
2019-09-20,151,89253786.90022619
2019-09-21,166,98120057.12210296
2019-09-22,166,98120057.12210296
2019-09-23,114,67383653.68626347
2019-09-24,157,92800294.9889769
2019-09-25,156,92209210.30751845
2019-09-26,171,102371761.97619785
2019-09-27,132,83726816.31844728
2019-09-28,159,100852756.01994783
2019-09-29,136,86263992.57052143
2019-09-30,130,82458228.1924102
2019-10-01,143,90704051.0116512
2019-10-02,148,93875521.32674389
2019-10-03,147,93241227.26372536
2019-10-04,147,93241227.26372536
2019-10-05,158,100218461.9569293
2019-10-06,149,94509815.38976245
2019-10-07,155,98315579.76787366
2019-10-08,162,102755638.20900345
2019-10-09,138,87532580.6965585
2019-10-10,162,103742972.6980896
2019-10-11,156,100875176.08460964
2019-10-12,133,86002553.969571
2019-10-13,142,91822275.66676003
2019-10-14,135,87295825.4578352
2019-10-15,153,98935268.85221331
2019-10-16,143,92468911.41089214
2019-10-17,150,96995361.61981696
2019-10-18,160,103461719.06113812
2019-10-19,142,91822275.66676003
2019-10-20,146,94408818.6432885
2019-10-21,159,102815083.317006
2019-10-22,169,109281440.75832719
2019-10-23,168,109314233.41859664
2019-10-24,133,90520752.85884188
2019-10-25,138,93923788.68060285
2019-10-26,140,95285003.00930724
2019-10-27,115,78269823.90050235
2019-10-28,134,91201360.02319407
2019-10-29,133,90520752.85884188
2019-10-30,134,91201360.02319407
2019-10-31,132,89840145.69448967
2019-11-01,130,88478931.36578529
2019-11-02,134,91201360.02319407
2019-11-03,138,93923788.68060285
2019-11-04,132,89840145.69448967
2019-11-05,144,98007431.66671602
2019-11-06,132,89840145.69448967
2019-11-07,135,91495629.00498703
2019-11-08,128,80936306.11613324
2019-11-09,144,91053344.3806499
2019-11-10,166,104964271.99436028
2019-11-11,151,95479548.62137593
2019-11-12,135,85362510.35685928
2019-11-13,135,85362510.35685928
2019-11-14,169,106861216.66895717
2019-11-15,158,99905752.86210199
2019-11-16,148,93582603.94677904
2019-11-17,154,97376493.29597281
2019-11-18,140,88524084.81452073
2019-11-19,147,92950289.05524676
2019-11-20,142,89788714.59758532
2019-11-21,137,87206195.79641934
2019-11-22,132,85127203.65307556
2019-11-23,173,111568229.03016719
2019-11-24,131,84482300.59509772
2019-11-25,125,80612882.24723066
2019-11-26,122,78678173.07329711
2019-11-27,139,89641525.05892047
2019-11-28,163,105119198.45038874
2019-11-29,136,87706815.88498695
2019-11-30,126,81257785.3052085
2019-12-01,139,89641525.05892047
2019-12-02,145,93510943.40678756
2019-12-03,158,101894683.16049953
2019-12-04,167,107698810.68230015
2019-12-05,145,93362398.66941905
2019-12-06,145,92816137.37716064
2019-12-07,155,99217250.29972345
2019-12-08,148,94736471.25392947
2019-12-09,148,94736471.25392947
2019-12-10,148,94736471.25392947
2019-12-11,132,84494690.57782899
2019-12-12,133,85134801.87008528
2019-12-13,152,97296916.4229546
2019-12-14,151,96656805.13069834
2019-12-15,124,79373800.23977876
2019-12-16,157,100497472.884236
2019-12-17,141,90255692.20813552
2019-12-18,134,85774913.16234156
2019-12-19,157,100640144.00517273
2019-12-20,156,100413778.96363248
2019-12-21,176,113287340.36922646
2019-12-22,169,108781593.87726857
2019-12-23,143,92045964.0499964
2019-12-24,125,80459758.78496182
2019-12-25,128,82390792.9958009
2019-12-26,167,107494237.73670918
2019-12-27,145,93333320.1905558
2019-12-28,149,95908032.4716746
2019-12-29,155,99770100.89335278
2019-12-30,166,106850559.66642946
2019-12-31,145,93333320.1905558
2020-01-01,174,112929774.50430365
2020-01-02,141,96717718.31238091
2020-01-03,169,115924073.72193182
2020-01-04,168,115238132.457305
2020-01-05,163,111808426.13417092
2020-01-06,135,92602070.72462001
2020-01-07,176,120725662.57431954
2020-01-08,142,97403659.57700774
2020-01-09,157,107692778.54641
2020-01-10,149,102205248.42939548
2020-01-11,163,111808426.13417092
2020-01-12,151,103577130.9586491
2020-01-13,143,98089600.84163456
2020-01-14,145,99850250.9686384
2020-01-15,151,110915119.36618419
2020-01-16,159,116791417.08094886
2020-01-17,159,116791417.08094886
2020-01-18,132,96958912.29361789
2020-01-19,150,110180582.1518386
2020-01-20,152,111649656.58052978
2020-01-21,153,112384193.79487537
2020-01-22,156,114587805.43791209
2020-01-23,159,116791417.08094886
2020-01-24,152,111649656.58052978
2020-01-25,164,120464103.15267676
2020-01-26,143,105038821.65141945
2020-01-27,129,94755300.65058112
2020-01-28,142,107492950.68599442
2020-01-29,160,123011831.71279211
2020-01-30,156,119936535.91997233
2020-01-31,144,110710648.54151301
2020-02-01,151,116092416.17894764
2020-02-02,143,109941824.59330806
2020-02-03,148,113785944.3343328
2020-02-04,132,101484761.16305356
2020-02-05,159,122243007.76458718
2020-02-06,135,103791233.00766842
2020-02-07,139,106866528.80048823
2020-02-08,139,106866528.80048823
2020-02-09,153,117630064.07535753
2020-02-10,122,93796521.681004
2020-02-11,148,114210895.7545908
2020-02-12,142,109742275.1892226
2020-02-13,141,108969442.26535484
2020-02-14,135,104332444.72214827
2020-02-15,142,109742275.1892226
2020-02-16,142,109742275.1892226
2020-02-17,157,121334769.04723918
2020-02-18,150,115924938.58016479
2020-02-19,141,108969442.26535484
2020-02-20,126,97376948.40733843
2020-02-21,154,119016270.27563587
2020-02-22,148,114379272.73242924
2020-02-23,142,109742275.1892226
2020-02-24,141,108969442.26535484
2020-02-25,144,111005384.3400511
2020-02-26,136,104700775.42728595
2020-02-27,147,113169220.49861053
2020-02-28,158,121637665.56993525
2020-02-29,139,107010351.35582903
2020-03-01,177,136264979.78404152
2020-03-02,149,114708937.78430595
2020-03-03,153,117788372.35569674
2020-03-04,167,128566393.35556455
2020-03-05,163,125486958.78417374
2020-03-06,155,119328089.64139213
2020-03-07,157,120867806.92708752
2020-03-08,158,121637665.56993525
2020-03-09,150,120142063.4511651
2020-03-10,132,108616241.39191228
2020-03-11,119,97919187.31543607
2020-03-12,151,124250397.34983888
2020-03-13,125,102856289.19688664
2020-03-14,128,105324840.13761191
2020-03-15,119,97919187.31543607
2020-03-16,119,97919187.31543607
2020-03-17,123,101210588.56973645
2020-03-18,100,82285031.35750929
2020-03-19,107,88044983.55253497
2020-03-20,109,89690684.17968515
2020-03-21,124,102033438.88331154
2020-03-22,127,104501989.82403682
2020-03-23,112,92159235.12041043
2020-03-24,132,108616241.39191228
2020-03-25,92,75702228.84890854
2020-03-26,160,111836546.3991491
2020-03-27,155,107197274.86378047
2020-03-28,135,93365368.42974424
2020-03-29,151,104430893.57697324
2020-03-30,147,101664512.29016598
2020-03-31,159,109963656.15058772
2020-04-01,153,105814084.22037683
2020-04-02,153,105814084.22037683
2020-04-03,132,91290582.4646388
2020-04-04,157,108580465.50718409
2020-04-05,175,121029181.2978167
2020-04-06,128,88524201.17783155
2020-04-07,168,116188014.04590404
2020-04-08,144,103260704.52088556
2020-04-09,154,112650577.82639459
2020-04-10,163,119234053.15391117
2020-04-11,159,116308064.11945938
2020-04-12,153,111919080.56778164
2020-04-13,171,125086031.2228148
2020-04-14,168,122891539.44697595
2020-04-15,169,123623036.70558889
2020-04-16,154,112650577.82639459
2020-04-17,127,92900151.8438449
2020-04-18,158,115576566.86084642
2020-04-19,152,111187583.3091687
2020-04-20,161,117771058.63668527
2020-04-21,149,116039619.81187667
2020-04-22,131,103923467.23346883
2020-04-23,142,112649865.24543951
2020-04-24,144,114236483.06579782
2020-04-25,136,107890011.7843646
2020-04-26,137,108683320.69454375
2020-04-27,141,111856556.33526036
2020-04-28,154,122169572.16758937
2020-04-29,145,115029791.97597697
2020-04-30,135,107096702.87418543
2020-05-01,141,111856556.33526036
2020-05-02,148,117409718.70651443
2020-05-03,168,133275896.91009754
2020-05-04,158,125342807.80830598
2020-05-05,158,126330903.87563805
2020-05-06,154,123288445.65559772
2020-05-07,147,117684425.39852506
2020-05-08,137,109678682.17413558
2020-05-09,136,108878107.85169664
2020-05-10,170,136097634.81462088
2020-05-11,157,125690168.62291455
2020-05-12,146,116883851.07608612
2020-05-13,119,95268344.37023449
2020-05-14,114,91265472.75803976
2020-05-15,125,100071790.3048682
2020-05-16,126,100872364.62730715
2020-05-17,102,81658580.88877237
2020-05-18,128,102473513.27218504
2020-05-19,115,92066047.08047871
2020-05-20,115,86731596.76375672
2020-05-21,131,98579623.70355071
2020-05-22,111,83529299.47400093
2020-05-23,119,89549429.16582084
2020-05-24,116,87291880.53138837
2020-05-25,125,94064526.43468578
2020-05-26,124,93312010.2232083
2020-05-27,138,103847237.18389316
2020-05-28,131,98579623.70355071
2020-05-29,127,95569558.85764076
2020-05-30,156,117392528.99048796
2020-05-31,150,112877431.72162303
2020-06-01,134,100837172.33798319
2020-06-02,129,97074591.28059575
2020-06-03,139,104599753.39537065
2020-06-04,151,108319274.22458893
2020-06-05,179,122192367.72521374
2020-06-06,196,133797229.46448
2020-06-07,159,108539589.20842996
2020-06-08,162,110587505.98594747
2020-06-09,160,109222228.13426913
2020-06-10,164,111952783.83762586
2020-06-11,185,126288201.28024888
2020-06-12,163,111270144.91178666
2020-06-13,158,107856950.28259078
2020-06-14,170,116048617.392661
2020-06-15,138,94204171.7658072
2020-06-16,150,106884937.53919552
2020-06-17,138,108283617.57348618
2020-06-18,123,96513659.14158547
2020-06-19,143,112206937.0507864
2020-06-20,137,107498953.67802612
2020-06-21,146,114560928.73716654
2020-06-22,143,112206937.0507864
2020-06-23,158,123976895.48268713
2020-06-24,139,109068281.46894622
2020-06-25,141,110637609.25986633
2020-06-26,164,128684878.8554474
2020-06-27,138,108283617.57348618
2020-06-28,150,117699584.31900674
2020-06-29,145,113776264.8417065
2020-06-30,147,115344545.21897343
2020-07-01,162,127111309.03923196
2020-07-02,164,128680584.45946935
2020-07-03,163,127895946.74935065
2020-07-04,157,123188120.4886384
2020-07-05,163,127895946.74935065
2020-07-06,154,120834207.3582823
2020-07-07,161,126326671.32911325
2020-07-08,151,118480294.22792618
2020-07-09,164,128680584.45946935
2020-07-10,161,126326671.32911325
2020-07-11,156,122403482.7785197
2020-07-12,152,119264931.93804488
2020-07-13,147,121474836.12740125
2020-07-14,144,124167138.54257391
2020-07-15,138,118993507.76996668
2020-07-16,136,117268964.1790976
2020-07-17,118,101748071.86127587
2020-07-18,130,112095333.40649036
2020-07-19,131,112957605.20192489
2020-07-20,141,121580323.1562703
2020-07-21,125,107783974.42931765
2020-07-22,144,124167138.54257391
2020-07-23,136,117268964.1790976
2020-07-24,161,138825759.0649611
2020-07-25,142,122442594.95170484
2020-07-26,158,136238943.6786575
2020-07-27,149,128082098.07778554
2020-07-28,145,121437040.3952344
2020-07-29,148,123949530.88617033
2020-07-30,135,113062072.09211469
2020-07-31,153,128137015.03773022
2020-08-01,137,114737065.75273862
2020-08-02,141,118087053.07398653
2020-08-03,162,135674486.51053798
2020-08-04,145,121437040.3952344
2020-08-05,129,108037091.11024292
2020-08-06,156,130649505.52866612
2020-08-07,152,127299518.20741823
2020-08-08,142,118924549.9042985
2020-08-09,156,130649505.52866612
2020-08-10,137,114926419.49958968
2020-08-11,154,129741892.84212302
2020-08-12,157,132269332.31307347
2020-08-13,147,123844534.076572
2020-08-14,167,140694130.54957497
2020-08-15,156,131426852.48942332
2020-08-16,152,128056933.19482274
2020-08-17,125,105309977.95626877
2020-08-18,140,117947175.31102097
2020-08-19,138,116262215.6637207
2020-08-20,146,123002054.25292186
2020-08-21,155,130584372.66577318
2020-08-22,136,114577256.0164204
2020-08-23,157,132269332.31307347
2020-08-24,149,128593100.89647324
2020-08-25,128,111720008.69546545
2020-08-26,142,123939384.64653216
2020-08-27,129,112592821.26339878
2020-08-28,163,142268448.5731322
2020-08-29,146,127430634.91826549
2020-08-30,127,110847196.12753214
2020-08-31,150,130921885.18999885
2020-09-01,154,134413135.46173215
2020-09-02,144,125685009.78239882
2020-09-03,129,112592821.26339878
2020-09-04,135,117829696.6709988
2020-09-05,141,123066572.07859881
2020-09-06,150,130921885.18999885
2020-09-07,175,151709442.06778005
2020-09-08,155,133652505.32879294
2020-09-09,149,128478859.9612268
2020-09-10,158,136239328.01257607
2020-09-11,138,118993843.45402217
2020-09-12,170,146586618.7477084
2020-09-13,162,139688424.92428684
2020-09-14,176,151760264.11527455
2020-09-15,156,134514779.55672064
2020-09-16,155,133652505.32879294
2020-09-17,178,153484812.57112998
2020-09-18,165,142275247.6080699
2020-09-19,149,128478859.9612268
2020-09-20,142,135654384.57842135
2020-09-21,145,139219832.7594406
2020-09-22,129,123857644.31701958
2020-09-23,142,136339422.42648664
2020-09-24,137,131538738.53823009
2020-09-25,169,162263115.42307213
2020-09-26,150,144020516.64769718
2020-09-27,152,145940790.2029998
2020-09-28,129,123857644.31701958
2020-09-29,141,135379285.64883533
2020-09-30,156,149781337.31360504
2020-10-01,124,119056960.428763
2020-10-02,136,130578601.76057877
2020-10-03,151,144980653.4253485
2020-10-04,158,151587945.74942547
2020-10-05,140,134303836.4311297
2020-10-06,130,124710705.25747761
2020-10-07,151,144856280.72214702
2020-10-08,162,155408725.0131643
2020-10-09,142,136222462.66586015
2020-10-10,143,137181775.7832253
2020-10-11,140,134303836.4311297
2020-10-12,149,142937654.4874166
2020-10-13,166,159245977.48262516
2020-10-14,149,142937654.4874166
2020-10-15,151,144856280.72214702
2020-10-16,155,148693533.19160783
2020-10-17,157,152593470.69353917
2020-10-18,120,119288755.69898535
2020-10-19,125,124259120.51977639
2020-10-20,144,143146506.83878234
2020-10-21,130,129229485.34056745
2020-10-22,137,136187996.0896749
2020-10-23,131,130223558.30472566
2020-10-24,152,151099090.55204803
2020-10-25,117,116306536.80651072
2020-10-26,110,109348026.05740325
2020-10-27,99,98413223.45166297
2020-10-28,100,99407296.41582118
2020-10-29,108,107359880.12908687
2020-10-30,111,110342099.02156149
2020-10-31,113,112330244.9498779
2020-11-01,125,124259120.51977639
2020-11-02,95,94436931.59503014
2020-11-03,140,123534519.48211516
2020-11-04,159,132689483.09191571
2020-11-05,147,122675182.48120517
2020-11-06,153,127682332.786560301594257560297699025
2020-11-07,146,121840657.43031262
2020-11-08,138,115164457.02317227
2020-11-09,185,154387134.41512182
2020-11-10,147,122675182.48120517
2020-11-11,147,122675182.48120517
2020-11-12,160,133524008.14280823
2020-11-13,139,115998982.341112604008503904519886168433096
2020-11-14,142,118502557.093218232552515851680993803283452
2020-11-15,150,125178757.6338828
2020-11-16,160,135735925.23468184
2020-11-17,157,137334451.150486295540826120288331810171956
2020-11-18,169,147831351.5740522
2020-11-19,137,119839616.504722658545603407843570361335978
2020-11-20,168,146956610.268637700109096471548569496507934
2020-11-21,169,147831351.5740522
2020-11-22,174,152205060.20050347
2020-11-23,147,128587033.61766668
2020-11-24,136,118964874.63947392
2020-11-25,155,135584967.559947123399508130212617886335978
2020-11-26,150,131211259.213413235255191749179521971507934
2020-11-27,154,134710225.69469845
2020-11-28,154,134710225.69469845
2020-11-29,150,135787629.27682322
2020-11-30,113,107610727.91731204
2020-12-01,152,144750713.6586849
2020-12-02,131,124752259.7979457
2020-12-03,157,149512250.29219425
2020-12-04,144,137132255.04506996
2020-12-05,144,137132255.04506996
2020-12-06,136,129513796.43145503
2020-12-07,150,142846099.0052812
2020-12-08,144,137132255.04506996
2020-12-09,139,132370718.716298855792566057019677772096088
2020-12-10,130,123799952.47124383
2020-12-11,138,131418411.08485878
2020-12-12,132,125704567.12464757
2020-12-13,156,148342069.0427936
2020-12-14,145,134574370.800974739387185866461403088406192
2020-12-15,140,129933875.82961448
2020-12-16,143,132718173.762804250021973325005810511593808
2020-12-17,129,119724785.58585908
2020-12-18,157,145711560.75178188
2020-12-19,158,146639659.567859257174437068197530581703096
2020-12-20,151,140142965.924874375939508331965568690851548
2020-12-21,136,126221478.783356645968149641728052663406192
2020-12-22,143,132718173.762804250021973325005810511593808
2020-12-23,154,142927263.4125759
2020-12-24,126,116940488.24665305
2020-12-25,144,133646272.28188917
2020-12-26,137,127149578.49040844
2020-12-27,148,137344635.42361856
2020-12-28,160,147934525.66917643
2020-12-29,152,140537799.38571763
2020-12-30,172,159029615.0943647
2020-12-31,166,153482070.677639541788407976074272574926684
2021-01-01,149,137764026.733551449125853441822306987573316
2021-01-02,151,139613208.60028526
2021-01-03,158,146085344.09831175
2021-01-04,173,159954206.027731482583992964579016162463342
2021-01-05,157,145160753.608748370619429078420084587426684
2021-01-06,177,163652569.02152643
2021-01-07,168,155331252.396438772161801885223716974890026
2021-01-08,148,136839436.2439882
2021-01-09,139,134307072.19635198
2021-01-10,159,162879650.92477036
2021-01-11,154,157757649.32336253
2021-01-12,148,151611247.729481136121225611494754763502772
2021-01-13,152,155708849.338415536817576001913262127005544
2021-01-14,147,150586847.08139154
2021-01-15,155,158782049.807548106737105117602766544251386
2021-01-16,147,150586846.589679305344404336765751817245842
2021-01-17,133,136245242.433545364112645324549728255748614
2021-01-18,145,148538046.4408284
2021-01-19,149,152635647.7219547
2021-01-20,141,144440445.15970212
2021-01-21,129,132147640.824610963416294934131220892245842
2021-01-22,141,144440445.15970212
2021-01-23,156,160859266.69140872
2021-01-24,139,143884925.71895775357160619164473073640886
2021-01-25,140,144920068.40457904590282799279455657609114
2021-01-26,161,166658079.04619855
2021-01-27,142,146990355.43205088
2021-01-28,145,150095785.47638997
2021-01-29,152,157341788.91318125
2021-01-30,136,140779494.68088103401239963233012615218228
2021-01-31,144,149060642.12827694
2021-02-01,119,123182058.42545108
2021-02-02,153,158376932.26129428
2021-02-03,150,155271502.21695518
2021-02-04,160,165622935.53246268407219921718414516304557
2021-02-05,169,174939225.66548000018427773926283185054557
2021-02-06,159,169173097.2862372960022462332331304270290579958
2021-02-07,156,166219497.492111666232010240405779750775382
2021-02-08,162,172612555.619077670684249620988308575
2021-02-09,143,152367873.851852731506527191600295578132824
2021-02-10,143,152367873.851852731506527191600295578132824
2021-02-11,129,137450738.222265387784635303574394988275382
2021-02-12,142,151302363.396858150235253202906542458591794
2021-02-13,157,167285007.947106247503284229099532870316412
2021-02-14,148,157695421.523824154687492583489071282816412
2021-02-15,152,161957460.275134824322318837210757165632824
2021-02-16,121,128926662.253977876240117646657686520316412
2021-02-17,138,147040324.645547480600426949184856575775382
2021-02-18,137,145974815.724886727054287811017766753908206
2021-02-19,153,163253417.20803393928241613130762864675875
2021-02-20,146,157667240.26214834789478134694387211940943
2021-02-21,141,152267677.59096139701672296839661192072829
2021-02-22,133,143628376.07300295655055966049507144309057
2021-02-23,127,137148899.93453412620093717956891608486228
2021-02-24,159,171706104.45129373923900303339267279572829
2021-02-25,156,168466365.60452224965089810403839251677171
2021-02-26,139,150107852.21147178690018214142122680131886
2021-02-27,157,169546279.07180412912246220641728767631886
2021-02-28,131,141468550.69351334643401883351968632368114
2021-03-01,130,140388638.78130561578904210892319636381886
2021-03-02,143,154427502.97045100713326379537199704013772
2021-03-03,152,164146716.40061717824440382787002747763772
2021-03-04,128,138228813.40181600567250128194781124440943
2021-03-05,149,160906977.55384568865629889851574719868114
2021-03-06,152,162185767.0079193946306464748757271137928677544
2021-03-07,146,155665152.077238134768946957578905821252066
2021-03-08,155,165260949.112579338106384834868084533752066
2021-03-09,140,149267953.541901490659124194722766557495868
2021-03-10,149,158863750.577242693996562072011945269995868
2021-03-11,132,140738357.030113490833953044904641238756198
2021-03-12,150,159929951.100795897508828799482998663756198
2021-03-13,143,152466553.577233575541331843145866372508264
2021-03-14,157,167393348.624358219476325755820130955004132
2021-03-15,148,157797551.589017016138887878530952242504132
2021-03-16,149,158863750.577242693996562072011945269995868
2021-03-17,136,145003154.518343727919242352818673714991736
2021-03-18,152,162062350.612574778878769720435045085008264
2021-03-19,148,158461331.2834583132369334608941909286726987988
2021-03-20,154,167389188.348342386212765234740081974401632
2021-03-21,156,169563074.094253047157850528690583205801224
2021-03-22,151,164128360.512075200715070760450358618600408
2021-03-23,161,174997789.241628505440497230202864775598368
2021-03-24,152,165215304.167629337107546874061637725598368
2021-03-25,154,167389188.348342386212765234740081974401632
2021-03-26,136,147824218.200344049546864522457627874401632
2021-03-27,159,172823903.495717844495411936252363544198776
2021-03-28,159,172823903.495717844495411936252363544198776
2021-03-29,151,164128360.512075200715070760450358618600408
2021-03-30,146,158693646.929897354272290992210134031399592
2021-03-31,157,170650017.749807183550326642301862312799184
2021-04-01,145,157606703.274343217879814878598854924401632
2021-04-02,140,160833893.9076464270123722632374965643044138836
2021-04-03,131,150672055.363055477090210694170840412180816
2021-04-04,146,167924581.380530492786483934160696718909592
2021-04-05,156,179426264.288018873465437242719770143271224
2021-04-06,144,165624244.4677843277151246170186328
2021-04-07,157,180576433.572513178340038539866425187819184
2021-04-08,134,154122561.560295947036171308459559375638368
2021-04-09,152,174825592.118768988000561885586888475638368
2021-04-10,157,180576433.572513178340038539866425187819184
2021-04-11,145,166774412.096036187911882637014041674361632
2021-04-12,144,165624244.4677843277151246170186328
2021-04-13,142,163323907.555038162643765299876568881090408
2021-04-14,135,155272729.18854780723292932845496825
2021-04-15,172,198624496.428595815684773409083874840759648
2021-04-16,103,120743465.939566941708485133981051120868368
2021-04-17,91,106676264.942605521480733375000101808263264
2021-04-18,124,145361065.152153450221673222032595014565816
2021-04-19,97,113709865.441086231594609254490576464565816
2021-04-20,128,150050132.151140590297590475026244785434184
2021-04-21,101,118398932.440073371670526507484226235434184
2021-04-22,143,167634132.553310373287154343697392291736736
2021-04-23,135,158255998.55533609313531983771009275
2021-04-24,145,169978664.364739958734861310084138908263264
2021-04-25,141,165289599.053816803249195717200567406302552
2021-04-26,114,133638399.342749584622131749658548856302552
2021-04-27,142,166461864.959531595973049200393940714565816
2021-04-28,142,166461864.959531595973049200393940714565816
2021-04-29,122,143016531.652659880183714595535770129131632
2021-04-30,145,169978664.364739958734861310084138908263264
2021-05-01,139,158215613.4606975571700096090946130479128646672
2021-05-02,185,189527186.172450416513650610724305295026904
2021-05-03,177,181331416.764988251083722153359704969959644
2021-05-04,181,185429300.731100013365159449995750765053808
2021-05-05,157,160841991.033474876208320213809441054973096
2021-05-06,170,174160117.980244366007389554130988909946192
2021-05-07,172,176209059.225680926714581270402757440053808
2021-05-08,171,175184588.602962646360985412266873175
2021-05-09,186,190551658.270407337734300332952698294959644
2021-05-10,180,184404830.1083817330115635918598665
2021-05-11,172,176209059.225680926714581270402757440053808
2021-05-12,172,176209059.225680926714581270402757440053808
2021-05-13,161,186999513.8623470761756284909683058526229940704
2021-05-14,134,166839066.08152365773492973282359566919772
2021-05-15,123,153143321.71715250538470230898402284564829
2021-05-16,132,164348930.57955641021810431273055328314829
2021-05-17,121,150653186.21518525786787688889098045959886
2021-05-18,100,124506764.34097786793352236458619570580228
2021-05-19,125,155633457.21911975290152772907706523169772
2021-05-20,112,139447577.35278135303447488514445002209886
2021-05-21,110,136957441.85081410551764946505140763604943
2021-05-22,116,144427848.35671584806812572533053479419772
2021-05-23,119,148163050.71321801035105146879793807354943
2021-05-24,126,156878524.073654667667628052451426125
2021-05-25,123,153143321.71715250538470230898402284564829
2021-05-26,122,151898253.06972017263397721226534135290114
2021-05-27,117,145672915.2112507628342260487048956875
2021-05-28,119,148163050.71321801035105146879793807354943
2021-05-29,116,144427848.35671584806812572533053479419772
2021-05-30,144,150864303.39569444771333606867138225046
2021-05-31,141,147526659.522837919178026072824073271218776
2021-06-01,142,148572947.215061732882241159496868626260408
2021-06-02,166,173683868.401640913461509388398865247479184
2021-06-03,147,153804388.689491283526608619907192328781224
2021-06-04,131,137063775.067323576827645138480252402520816
2021-06-05,131,137063775.067323576827645138480252402520816
2021-06-06,150,156943254.779473206762545906971925321218776
2021-06-07,133,139156351.958426445297721325349016576260408
2021-06-08,149,155896965.580594151996684806775956502520816
2021-06-09,126,131832333.5928940261832776780699287
2021-06-10,118,123462026.028482552302972930594872005041632
2021-06-11,105,109860278.496296768839946736232665071218776
2021-06-12,132,138110064.266202631593506238676221221218776
2021-06-13,132,136447345.8977942082160963087674519697200550404
2021-06-14,135,133766696.2188995272262347279607885625
2021-06-15,131,129803238.236077742789547412225690286963316
2021-06-16,123,121876323.697278933584434404501997500805026
2021-06-17,130,128812374.453794676514506395165167600536684
2021-06-18,124,122867187.479561999859475421562520187231658
2021-06-19,103,102059035.210014771069259449573009888036684
2021-06-20,105,104040764.201425663287603107440559025805026
2021-06-21,105,104040764.201425663287603107440559025805026
2021-06-22,91,90168661.261549417759197502367715061426632
2021-06-23,101,100077306.218603878850915791705460750268342
2021-06-24,105,104040764.201425663287603107440559025805026
2021-06-25,110,108995085.966530513999331440236179987768342
2021-06-26,89,88186933.696983285209115468246669688573368
2021-06-27,58,57470136.470381595327181206919413700536684
2021-06-28,88,87196068.487855459265812827439643237231658
2021-06-29,90,89177797.479266351484156485307192375
2021-06-30,88,87196068.487855459265812827439643237231658
2021-07-01,96,95122984.453499028139187458909839788305026
2021-07-02,90,89177797.479266351484156485307192375
2021-07-03,127,97321703.034328668290662755134097082016996676
2021-07-04,115,82108835.963278493429054506440431082062934
2021-07-05,132,94246664.362125814721295670012959766311198
2021-07-06,142,101386562.694521585599344649232935969562934
2021-07-07,123,87820755.451711450664532289082124803811198
2021-07-08,139,99244593.400431939469189605283371298374132
2021-07-09,131,93532673.911998982233711822641677576625868
2021-07-10,161,114952370.965477146200455258465888084248264
2021-07-11,125,89248735.323819689973401734742548234248264
2021-07-12,126,89962724.745801096794687333031689475
2021-07-13,136,97102623.078196867672736312251665678251736
2021-07-14,170,121378279.875891510257218639396723046748264
2021-07-15,128,91390704.617909336103556778692112905437066
2021-07-16,150,107098482.182954542834822431874629691311198
2021-07-17,143,101825980.8946450943181403577774199388304998824
2021-07-18,144,97872242.0886893838238468474572396
2021-07-19,170,115543619.567468265186216456354116072032176
2021-07-20,122,82919538.218756856653671615042723888983912
2021-07-21,145,98551910.001539761928448522458595552967824
2021-07-22,153,103989257.219232470312837275423317075
2021-07-23,135,91755226.958146297334856419491162125
2021-07-24,154,104668925.132082848417438950424673027967824
2021-07-25,153,103989257.219232470312837275423317075
2021-07-26,150,101950252.501958915112138412180780741524132
2021-07-27,170,115543619.567468265186216456354116072032176
2021-07-28,157,106707930.828078824505031651905677836016088
2021-07-29,160,108746935.545352379705730515148214169491956
2021-07-30,166,112824945.958621910994022079871755311016088
2021-07-31,158,112670630.5738044685448287752859684526690718828
2021-08-01,154,110975800.329985340810898558089373893071464
2021-08-02,143,103048958.338725644700867042430587344428536
2021-08-03,169,121785131.921778434897288312478084017017866
2021-08-04,136,98004602.834911947749579430785133818071464
2021-08-05,160,115299533.174241738366628748825963979517866
2021-08-06,159,114578911.552380238576942772822630723946402
2021-08-07,167,120343887.640359635712044915565887321535732
2021-08-08,158,113858288.892822939181385351913767284035732
2021-08-09,152,109534557.086262341231526606082707381928536
2021-08-10,165,118902643.358940836526801518653690626053598
2021-08-11,147,105931445.863867443465482391349450551053598
2021-08-12,151,108813934.426705041835969185173843942017866
2021-08-13,142,108438697.1558966416855852989382883802767143422
2021-08-14,164,126820808.670615753950681822557954299479592
2021-08-15,182,140740165.706249817642211228749408399479592
2021-08-16,161,124500916.202526264285668619966829447918368
2021-08-17,172,133007188.956703914007625394575071402081632
2021-08-18,135,104395177.76725547768647054643590575
2021-08-19,154,119087831.921069850316095988383617302081632
2021-08-20,160,123727617.970797392496847488888219500520408
2021-08-21,170,131460594.720343296131433323062556497918368
2021-08-22,164,126820808.670615753950681822557954299479592
2021-08-23,197,152339630.273794391668727432349737647918368
2021-08-24,154,119087831.921069850316095988383617302081632
2021-08-25,160,131199199.2676680467706990093393593032910744412
2021-08-26,146,127844614.260042230027876419548593407756386
2021-08-27,146,127844614.260042230027876419548593407756386
2021-08-28,141,123466374.330662667026334375654238710769158
2021-08-29,156,136601094.118801356030960507337302801730842
2021-08-30,135,118212485.6588472832078613104507006875
2021-08-31,144,126093318.0361037687550520644807474
2021-09-01,137,119963781.882785744480685665518546695256386
2021-09-02,149,130471557.965483331756594108375102096987228
2021-09-03,148,129595910.483980691300700774616439415512772
2021-09-04,155,135725446.637298715575067173578640120256386
2021-09-05,164,143606279.014555201122257927608686832756386
2021-09-06,172,150611462.649375865852517660329550218974456
2021-09-07,153,134093473.52179763372185685540829189861
2021-09-08,142,129989982.271837367560067178186024999161658
2021-09-09,137,125412870.507789970425842094994583863338342
2021-09-10,136,124497447.364055527552409192980576596646632
2021-09-11,148,135482517.179619207567725163391473401676684
2021-09-12,147,134567094.035884764694292261377466134984974
2021-09-13,159,145552163.851448444709608231788362940015026
2021-09-14,168,153790965.554017068515605305116769677515026
2021-09-15,142,129989982.271837367560067178186024999161658
2021-09-16,136,124497447.364055527552409192980576596646632
2021-09-17,147,134567094.035884764694292261377466134984974
2021-09-18,155,141890473.912927218037836241651397338338342
2021-09-19,160,146467585.676974615172061324842838474161658
2021-09-20,164,150129275.615495841843833314979804075838342
2021-09-21,123,114073685.1540919547931140980722439940662910244
2021-09-22,134,126546634.444452166098505004984865948121632
2021-09-23,165,155822347.185566572195176715599308813908776
2021-09-24,148,139767924.244943075283879594832827024060816
2021-09-25,144,135990412.4848302084171148308273672
2021-09-26,139,131268523.464641187257809917906116574060816
2021-09-27,155,146378569.145188529876566889756807562030408
2021-09-28,152,143545436.005055942150644358838286848121632
2021-09-29,130,122769122.684339299231740240979406124060816
2021-09-30,171,161488614.82573587249532386160749855
2021-10-01,140,132212900.724717341550350066821907375939184
2021-10-02,188,177543039.126263494254923066545128648121632
2021-10-03,150,141656680.124999508717261976835556936091224
2021-10-04,156,147634521.7847933453101409407827980837563836624
2021-10-05,164,162177735.989744449111912959095302936981386
2021-10-06,131,129544410.622149644008527017587245213537228
2021-10-07,141,139433297.744450932687468985220493273444158
2021-10-08,120,118666635.499618042307398370417892639055842
2021-10-09,150,148333295.442522276652809238863196235944158
2021-10-10,159,157233293.140593620618149492505899198444158
2021-10-11,146,144377740.593601761181232451809897011981386
2021-10-12,134,132511077.470839846457917125104439922925544
2021-10-13,169,167122178.838895277605676425684706675518614
2021-10-14,137,135477742.895530417215892198167194049481386
2021-10-15,141,139433297.744450932687468985220493273444158
2021-10-16,133,131522188.046609901744315411113894825518614
2021-10-17,160,158222181.140823933640336172042003713018614
2021-10-18,148,146581499.0140110231828506172014655685797944064
2021-10-19,155,154737198.888861373855770807257927233273452
2021-10-20,149,148747371.362095881562186255468610958453096
2021-10-21,148,147749067.493080878556108248638984316546904
2021-10-22,158,157732111.933464874293043664683992633453096
2021-10-23,145,144754153.010918886699796554275733441906192
2021-10-24,153,152740589.713272876424575956661488475
2021-10-25,182,181691420.602968352048343034904072258273452
2021-10-26,150,149745676.668669375987303099235423074820356
2021-10-27,157,156733808.064449871286965657854365991546904
2021-10-28,153,152740589.713272876424575956661488475
2021-10-29,171,170710070.856010861886290775092251825
2021-10-30,155,154737198.888861373855770807257927233273452
2021-10-31,139,140567236.2917176276573400792309509995833215044
2021-11-01,148,159350397.350624119718577580557621460348368
2021-11-02,158,170117315.378168532718389249650505439651632
2021-11-03,161,173347392.026780892773787441905775170696736
2021-11-04,143,153966938.336851913218671746011179470696736
2021-11-05,155,166887240.279992467857309421804491380174184
2021-11-06,154,165810547.546976249440737236249649579303264
2021-11-07,153,164733856.36439632621848341510406345
2021-11-08,135,145353402.67446734666336771920946775
2021-11-09,152,163657165.181816402996229593958477320696736
2021-11-10,149,160427088.533204042940831401703207589651632
2021-11-11,158,170117315.378168532718389249650505439651632
2021-11-12,142,152890245.603835694802099560456337669825816
2021-11-13,153,164733856.36439632621848341510406345
2021-11-14,157,175346393.038994035726881601008308321654622954
2021-11-15,151,170197841.188036708235029180664074652743044
2021-11-16,150,169070703.887097898195017620951178966770868
2021-11-17,149,167943564.963080336032718245357435130486088
2021-11-18,144,162307875.2122287815880848150312604
2021-11-19,137,154417909.236420854941140449398446147256956
2021-11-20,145,163435012.513167591628096374744156085972176
2021-11-21,132,148782219.485569300496507019072271416770868
2021-11-22,141,158926461.686333599345762320011725191770868
2021-11-23,132,148782219.485569300496507019072271416770868
2021-11-24,157,176960669.862905824841961986583993219513912
2021-11-25,130,146527943.260612928294196083765631894513912
2021-11-26,132,148782219.485569300496507019072271416770868
2021-11-27,143,161180737.911289971548073255318364714027824
2021-11-28,139,155140985.0878091609463689929649828338426864956
2021-11-29,143,158774565.890453517457979935969097778892176
2021-11-30,134,148781761.088924240645790549508114053892176
2021-12-01,137,152112695.489817743501625581678341350973044
2021-12-02,155,172098305.092876297126004354600308800973044
2021-12-03,168,186532356.828162756575763310588463477919132
2021-12-04,155,172098305.092876297126004354600308800973044
2021-12-05,166,184311733.361284165256978525824878001946088
2021-12-06,172,190973602.163071170968648590165332596107824
2021-12-07,154,170987992.560012617344269817243365146107824
2021-12-08,168,186532356.828162756575763310588463477919132
2021-12-09,163,180980797.361541894156459203704348871107824
2021-12-10,156,173208616.026891208663054602006950622080868
2021-12-11,151,176623989.8605637378971029555855210345214826544
2021-12-12,140,168385593.155278493501047224570724274612772
2021-12-13,141,169588348.357054455517419723646779300580842
2021-12-14,148,178007627.841621769694021953277780925387228
2021-12-15,141,169588348.357054455517419723646779300580842
2021-12-16,115,138316737.358404912874753171324191074806386
2021-12-17,149,179210381.311431626725893136378490062112772
2021-12-18,128,153952542.857729684196086447485485187693614
2021-12-19,149,179210381.311431626725893136378490062112772
2021-12-20,144,173196610.4984501315975345889242526
2021-12-21,161,193643433.340946541015355229439075038274456
2021-12-22,148,178007627.841621769694021953277780925387228
2021-12-23,152,182818645.184793407790509317631309250774456
2021-12-24,151,181615889.983017445774136818555254224806386
2021-12-25,147,177168715.8496908335034219185514242838069339864
2021-12-26,134,161682279.298921805382590082867371696355648
2021-12-27,148,178574457.266351521804577134566197548177824
2021-12-28,134,161682279.298921805382590082867371696355648
2021-12-29,145,174954703.603701438229826015700168603644352
2021-12-30,119,143583516.198114993743000841245605274088912
2021-12-31,149,179781040.662247414944123873586345351822176
2022-01-01,172,207532476.142664977934253380077672503644352
2022-01-02,158,190640298.175235261512266328378846651822176
2022-01-03,140,168921783.149259568375981418793844051822176
2022-01-04,147,177367872.132974426586974944643256977733264
2022-01-05,150,180987625.795624510161726063509285922266736
2022-01-06,146,176161288.737078533447428205623109174088912
2022-01-07,140,168921783.149259568375981418793844051822176
2022-01-08,144,174267690.69443853603418003639002870972
2022-01-09,141,170826077.224204716514254831394151225620842
2022-01-10,142,172037608.907282589458551691316197795626386
2022-01-11,158,191422128.048775737830456737000674566252772
2022-01-12,139,168403012.113442230445210356274096421247228
2022-01-13,179,216864310.839478471465198348123269179994456
2022-01-14,159,192633661.476460350955204352198682800620842
2022-01-15,166,201114388.491825682106634637480893783747228
2022-01-16,175,212018180.617953499327109397883159571247228
2022-01-17,161,195056726.587222837024248827318737604994456
2022-01-18,136,164768413.574995131251418265956033382505544
2022-01-19,173,209595115.507191013258064922763104766873614
2022-01-20,169,204748985.285666041119975972522995158126386
2022-01-21,134,176007153.4708341912550020954162233736105510072
2022-01-22,134,177474950.515511319160807368723464988228264
2022-01-23,141,186746029.763862785076470818942199822421198
2022-01-24,150,198665989.069913739677774217253222284921198
2022-01-25,152,201314869.127613228363414165345509913228264
2022-01-26,130,172177190.400112341789527472538889731614132
2022-01-27,131,173501629.475365341648271078480761680885868
2022-01-28,154,203963747.278119228080901377229253811771736
2022-01-29,149,197341548.087467250850877875102806605885868
2022-01-30,146,193368228.954514762306494321068647028307066
2022-01-31,143,189394909.821562273762110767034487450728264
2022-02-01,154,203963747.278119228080901377229253811771736
2022-02-02,153,202639308.2028662282221577712873818625
2022-02-03,147,194692668.029767762165237927010518977578802
2022-02-04,130,172457231.3989618048740106045722878652166815396
2022-02-05,119,157888392.03489855561109544353922525007
2022-02-06,156,206979739.90370578247047611179426174979
2022-02-07,136,180443875.51955136619870324486084899972
2022-02-08,154,204326153.27423211880585280424372399972
2022-02-09,140,185751048.77849869352794985996192449986
2022-02-10,147,195038601.02636540616690133210282424979
2022-02-11,142,188404635.40797235719257316751246224993
2022-02-12,187,248110329.79467423871044706596964974993
2022-02-13,158,209633326.53317944613509941934479949986
2022-02-14,153,202999360.9147863971607712547544375
2022-02-15,175,232188811.92841447709716742923838800014
2022-02-16,156,206979739.90370578247047611179426174979
2022-02-17,157,213573837.4035231126135171240543052043107708752
2022-02-18,134,186294129.77324113791574963177924378260228
2022-02-19,149,207147948.83600090124603697167614760869886
2022-02-20,144,200196675.815080980135941191710513
2022-02-21,123,171001327.92603725658305303503920049320171
2022-02-22,152,211318714.25012626043274228074305790760228
2022-02-23,150,208538204.64136494035854200848492168070171
2022-02-24,132,183513620.16447981784154935952110755570171
2022-02-25,134,186294129.77324113791574963177924378260228
2022-02-26,125,173781837.53479857665725330729733672010228
2022-02-27,136,189074637.38003569983914010267796809239772
2022-02-28,154,214099221.85692082235613275164178221739772
2022-03-01,162,225221260.291966102652933840674327125
2022-03-02,136,189074637.38003569983914010267796809239772
2022-03-03,148,204804563.2149038421569933621981374638146212032
2022-03-04,139,190365287.083752002729550144611808080786904
2022-03-05,123,168452736.322100420955852477637148708680356
2022-03-06,131,179409010.716861417707732189958392169213096
2022-03-07,148,202691097.010439116744126222430814755786904
2022-03-08,148,202691097.010439116744126222430814755786904
2022-03-09,138,188995751.551825885466853779114044866319644
2022-03-10,145,198582492.386790353225975368269697563426192
2022-03-11,138,188995751.551825885466853779114044866319644
2022-03-12,156,213647371.405200113496005934752058216319644
2022-03-13,151,206799699.661958291992338834259759497106548
2022-03-14,153,209538768.753680938247793322923113475
2022-03-15,139,190365287.083752002729550144611808080786904
2022-03-16,155,212277837.845403584503247811586467452893452
2022-03-17,159,217498770.491950183559860014288935428959948
2022-03-18,143,195149455.610025794062493793758482067692176
2022-03-19,155,211525632.974835705408362333015467373173044
2022-03-20,154,210160950.381435751406214371600230857307824
2022-03-21,153,208796269.753177159786910267002973325
2022-03-22,149,203337543.309860068544006134977985228653912
2022-03-23,145,197878816.866542977301102002952997132307824
2022-03-24,143,195149455.610025794062493793758482067692176
2022-03-25,156,212890313.603094297027666437612724905480868
2022-03-26,161,219713722.639811342272718531052949517692176
2022-03-27,131,178773276.280074520333781397683517778653912
2022-03-28,159,216984359.418152796651266465040455469519132
2022-03-29,151,206066906.531518614165458200990479276826956
2022-03-30,135,184232002.723391611576685529708505875
2022-03-31,138,194529355.776195289176825308703553702474583781
2022-04-01,141,200371606.966793695980759144690724912344132
2022-04-02,135,191845154.953414713331655476128037125
2022-04-03,139,197529456.295667368431057921836495649896088
2022-04-04,158,224529884.601845000898584125645186025103912
2022-04-05,145,206055906.262698031577071314861525025207824
2022-04-06,150,213161283.963688010202869509765927387344132
2022-04-07,138,196108379.936930044904662172640551812655868
2022-04-08,134,190424080.641025709308350002469751699792176
2022-04-09,153,217424508.947203341775876206278442075
2022-04-10,140,198950530.608056372454363395494781075103912
2022-04-11,137,194687305.624541040881356698982266387448044
2022-04-12,153,217424508.947203341775876206278442075
2022-04-13,140,198950530.608056372454363395494781075103912
2022-04-14,138,194402491.2641441222765764743843317872849001256
2022-04-15,158,221692722.384036701102676226303871929201632
2022-04-16,134,188017879.756392289845491365702461141596736
2022-04-17,165,231514551.652140540925879328526175093802448
2022-04-18,134,188017879.756392289845491365702461141596736
2022-04-19,124,173986693.644464919756422494982956464600816
2022-04-20,160,224498959.606422175120490000447772864600816
2022-04-21,169,237127026.096911488961506876813976964600816
2022-04-22,135,189420997.3573397076152531454930615
2022-04-23,163,228708314.429755066908065554382274158403264
2022-04-24,171,239933263.3192969629793206509578779
2022-04-25,162,227305196.8288076491383037745916738
2022-04-26,140,196436589.403058073420642473571463729201632
2022-04-27,170,243520196.0268335056185837938099346669502524096
2022-04-28,132,195503621.293934088506453487084478838195382
2022-04-29,150,222163205.918890247393856566641805663195382
2022-04-30,150,222163205.918890247393856566641805663195382
2022-05-01,167,247341701.324256191900574635672477462036412
2022-05-02,160,236974085.318191771221750405954877737268206
2022-05-03,150,222163205.918890247393856566641805663195382
2022-05-04,146,216238853.306062929864101946519678287731794
2022-05-05,157,232530821.924954668072680796359405387963588
2022-05-06,142,210314500.693235612334347326397550912268206
2022-05-07,143,211795589.912825826715032336924205938427176
2022-05-08,155,229568645.618541009307803486298341700231794
2022-05-09,155,229568645.618541009307803486298341700231794
2022-05-10,153,227185770.43526814922330786354409864212875
2022-05-11,145,225257596.897055601713899934258330748125544
2022-05-12,135,209722591.1401721693868046864305493125
2022-05-13,152,236132103.611323170937070375888877739374456
2022-05-14,141,219043595.936526812080163719202768167030842
2022-05-15,122,189527081.866590929632111685487033455312772
2022-05-16,164,254774110.966991484161951967974065459843614
2022-05-17,147,228364598.495840482611686278515737032969158
2022-05-18,134,208169091.459300215018829751031471164374456
2022-05-19,122,189527081.866590929632111685487033455312772
2022-05-20,128,198848086.662945572325470718259252309843614
2022-05-21,135,209722591.1401721693868046864305493125
2022-05-22,122,189527081.866590929632111685487033455312772
2022-05-23,160,248560107.769421722366379279459252890156386
2022-05-24,120,186420080.267806048734325341229627170469158
2022-05-25,144,219464677.386246814534244900615187825
2022-05-26,141,209555370.570558320892599058853251017314158
2022-05-27,138,205096744.253220093388404477069978320185842
2022-05-28,148,219958828.410780939273109734360426786542772
2022-05-29,149,221445035.756467050122797255493333475957228
2022-05-30,154,228876076.765177499326366879542419551914456
2022-05-31,146,216986411.579268770096168682902337093271386
2022-06-01,136,202124327.421707924211463425611888626914456
2022-06-02,125,185776038.058600914954636656380809785585544
2022-06-03,143,212527787.402070490069540110311340710585544
2022-06-04,139,206582953.739046151715658007395161324042772
2022-06-05,146,216986411.579268770096168682902337093271386
2022-06-06,150,222931245.242293108450050785818516479814158
2022-06-07,162,240765744.091226176034131085374778325
2022-06-08,178,266501680.4499476831151756862318733101440286134
2022-06-09,146,219787040.620419673599904014470225151120978
2022-06-10,147,221292430.344500847029207611469150359137066
2022-06-11,154,231830164.916356831169174891352110420516088
2022-06-12,127,191184616.353014068038609368819195383016088
2022-06-13,133,200216961.200788878749273051703230236379022
2022-06-14,146,219787040.620419673599904014470225151120978
2022-06-15,165,248389462.720062689116251293157760384137066
2022-06-16,119,179141492.057076910469338491937310113620978
2022-06-17,108,162582194.25337105252226209013166015
2022-06-18,156,234840946.532281768072729452313455371637066
2022-06-19,133,200216961.200788878749273051703230236379022
2022-06-20,132,198711571.476707705319969454704305028362934
2022-06-21,150,225808603.852269547407013136392915053362934
2022-06-22,129,193096459.392676623821901245433077469746145528
2022-06-23,152,223431041.438622166975544224109439213013368
2022-06-24,129,189622395.506427806086794532015183752739974
2022-06-25,151,221961099.206762349281577155159400434246658
2022-06-26,138,202851865.009590562802292780166934240239974
2022-06-27,136,199911982.662586047920399716746576386986632
2022-06-28,146,214611394.397608622329865033848365653253342
2022-06-29,151,221961099.206762349281577155159400434246658
2022-06-30,171,251359920.5600923775944667148832592625
2022-07-01,134,196972102.432296653544547727805938238013368
2022-07-02,138,202851865.009590562802292780166934240239974
2022-07-03,155,227840863.900771379045363282000116140753342
2022-07-04,143,210201571.935459410260045975957688725513368
2022-07-05,118,173453043.656260534489403220443075411986632
2022-07-06,127,186599522.8930837792248892064809912294171400904
2022-07-07,157,227523378.270895744686926673361098877652772
2022-07-08,148,214480636.867937881927462826372427165152772
2022-07-09,134,194191928.482634234184576406948763505305544
2022-07-10,153,221726603.8502836669108853988074191125
2022-07-11,123,178250799.869370332537091922683251910229158
2022-07-12,151,218828216.639977628022864761530579229923614
2022-07-13,110,159411284.045800392001586801140900432576386
2022-07-14,124,179699992.431104039744473220564564092423614
2022-07-15,142,205785475.237019765263400914541907517423614
2022-07-16,148,214480636.867937881927462826372427165152772
2022-07-17,124,179699992.431104039744473220564564092423614
2022-07-18,131,189844346.623755863615916430276395922347228
2022-07-19,138,199988700.816407687487359639988227752270842
2022-07-20,126,182598379.641410078632493857841403975
2022-07-21,139,198824710.5667849855518345928284406539042870024
2022-07-22,132,181711863.299495812612750097460872883925356
2022-07-23,154,211997172.197485757393129025667518404766192
2022-07-24,157,216126988.578997608470617979329851847616904
2022-07-25,142,195477912.618372039441459127950784488691548
2022-07-26,160,220256802.978198230762011627347985338691548
2022-07-27,165,227139827.637636344176366142592941141074644
2022-07-28,141,194101308.479408908273026347159473308925356
2022-07-29,146,200984333.138847021687380862404429111308452
2022-07-30,129,177582046.917983961535261143798539441074644
2022-07-31,152,209243963.919559495056263464084896045233808
2022-08-01,136,187218281.837659566072576526270317554766192
2022-08-02,155,213373778.318760117347657112103029536308452
2022-08-03,145,199607727.017572661732852775968917979766192
2022-08-04,132,183293576.20328617825526917592050951053
2022-08-05,150,210085555.711822375866592718272695287134644
2022-08-06,161,225491829.972147198556380619263070557846192
2022-08-07,159,222690689.014195291850994950218969862134644
2022-08-08,144,201682132.8379666557504357111403932
2022-08-09,143,200281563.367401366587576155370521407846192
2022-08-10,148,207284414.753870469161207049228594591423096
2022-08-11,140,196079850.922062842339664373052191808576904
2022-08-12,154,215687835.610904860897697498856539567153808
2022-08-13,139,194679281.451497553176804817282320016423096
2022-08-14,133,186275858.577641833060647810150017929288452
2022-08-15,145,203082702.308531944913295266910264992153808
2022-08-16,148,207284414.753870469161207049228594591423096
2022-08-17,129,180673576.661738019649876472061816537865356
2022-08-18,144,202447354.27677863782509104045972625972
2022-08-19,178,250867150.56061098055822775426602407018057
2022-08-20,149,209995535.88119569474590861104691057786114
2022-08-21,146,205767438.51073447984784565049332167981943
2022-08-22,145,204358071.36758936652228255873524121822228
2022-08-23,172,242410953.79020148822278867579852003072228
2022-08-24,146,205767438.51073447984784565049332167981943
2022-08-25,159,224089197.16521151530497374182608397695829
2022-08-26,176,248048418.30380781644641472811018939036114
2022-08-27,145,204358071.36758936652228255873524121822228
2022-08-28,161,226907929.42201467941678676798191865677772
2022-08-29,157,221270464.90840835119316071567024929713886
2022-08-30,162,228317294.535672730203036702379672875
2022-08-31,146,220515247.0319977402651533206270269110264352344
2022-09-01,138,212503107.418256587557341120537057886577908
2022-09-02,129,198644209.060165424514588741222893661577908
2022-09-03,147,226362005.776347750600093499851222111577908
2022-09-04,168,258699436.756842955896239776144525763422092
2022-09-05,153,235601272.087549771726790448340791825
2022-09-06,142,218662618.292391268308472419530104362192636
2022-09-07,146,224822129.166525949059603718523150837807364
2022-09-08,127,195564453.623098084139023091726370423770544
2022-09-09,147,226362005.776347750600093499851222111577908
2022-09-10,157,241760782.961684452477921747333838300614728
2022-09-11,183,281797599.208712402771103017107879011577908
2022-09-12,153,235601272.087549771726790448340791825
2022-09-13,137,212237771.6665517973233018969651269040076934512
2022-09-14,127,202308898.955436121609999761474942395527824
2022-09-15,147,234168568.497706474146399763918996027895868
2022-09-16,128,203901883.694192543017582491792483332368044
2022-09-17,170,270807189.962349902213252084233239279472176
2022-09-18,154,245319452.493416669230295383812049820527824
2022-09-19,130,207087850.877809197140452079345132014736088
2022-09-20,152,242133487.603696203799721669341834329472176
2022-09-21,141,224610669.240752700470086874343483172104132
2022-09-22,128,203901883.694192543017582491792483332368044
2022-09-23,135,215052767.689902738101478111685537125
2022-09-24,146,232575586.052846241431112906683888282368044
2022-09-25,147,234168568.497706474146399763918996027895868
2022-09-26,150,238947520.420079549676852081789185647104132
2022-09-27,129,205494866.139052775732869349027591077895868
2022-09-28,150,234113533.8337632507431068206796288906815696
2022-09-29,143,222928607.672785200381349673286910315496736
2022-09-30,169,263461080.366552658756704623218048508625816
2022-10-01,181,282168375.283301064175727842995812284503264
2022-10-02,157,244753785.449804253337681403440284732748368
2022-10-03,154,240076960.036960542129304716638918734503264
2022-10-04,163,254107431.785740716144779092091216584503264
2022-10-05,175,272814728.947364601368630154344880432748368
2022-10-06,159,247871668.310074900874989913815895374122552
2022-10-07,171,266578963.22682330629401313359365915
2022-10-08,175,272814728.947364601368630154344880432748368
2022-10-09,158,246312725.757501837203921737390140017251632
2022-10-10,168,282818946.6660148926680360856754048163932704762
2022-10-11,157,277924882.769347563359229710760581711671632
2022-10-12,137,242520438.893388897945386198529636080835816
2022-10-13,143,253141772.820912479172358572315385073343264
2022-10-14,156,276154659.173533663816702114935514707492552
2022-10-15,152,269073772.437637881674784932799899723343264
2022-10-16,144,254911993.8676064400388217677522344
2022-10-17,150,265533327.795130021265794141537983392507448
2022-10-18,142,251371549.225098579629830976490318069164184
2022-10-19,151,267303548.841823982132257336974832719164184
2022-10-20,145,256682214.914300400905284963189083726656736
2022-10-21,156,276154659.173533663816702114935514707492552
2022-10-22,136,240750215.297574998402858602704569076656736
2022-10-23,155,274810664.8495724948255838127748401938062437902
2022-10-24,136,249031191.577437549926407181883568400853264
2022-10-25,122,223395628.203901484093666250244790050426632
2022-10-26,155,283822315.558780094475017512089628374786684
2022-10-27,135,247200081.037956772826156648257514625
2022-10-28,159,291146762.990304931685764133551851974360052
2022-10-29,143,261848975.901006447247649891181961824146736
2022-10-30,135,247200081.037956772826156648257514625
2022-10-31,173,316782326.363840997518505065190630324786684
2022-11-01,144,263680086.4404872243479004248080156
2022-11-02,122,223395628.203901484093666250244790050426632
2022-11-03,164,300302320.9613105737152076611639949283052
2022-11-04,129,236213409.8906695388129608944925727150844
2022-11-05,151,276497868.1272552827855232914368675716948
2022-11-06,137,250862304.7537192145865735795124924283052
2022-11-07,144,263168681.00773701886494925962854203704
2022-11-08,163,297875785.7478075892991138835197655454584
2022-11-09,149,272291362.9163776173788418109888796477292
2022-11-10,147,268636444.9930960936417398646904563465938
2022-11-11,134,244879482.4390772307097395410878207045416
2022-11-12,167,305185621.5943706367733177761166121477292
2022-11-13,129,235742186.3151030742472638995627238465938
2022-11-14,123,224777435.1767991972753996122255311534062
2022-11-15,155,283256116.6862221885901476498841495511354
2022-11-16,150,274118823.1937887263671135599171299034062
2022-11-17,138,252189315.6540995839445018821265900965938
2022-11-18,139,254016775.9315106929327736310548403522708
2022-11-19,147,268636444.9930960936417398646904563465938
2022-11-20,149,272422405.8222945713855884064755202056052700348
2022-11-21,129,236949653.0891524680537008558082510660498
2022-11-22,126,231439196.9017366316868208607869275
2022-11-23,141,258991483.1288545998466295601637364339502
2022-11-24,129,236949653.0891524680537008558082510660498
2022-11-25,123,225928740.7143207953199408657656039339502
2022-11-26,109,200213272.3346683082281907106842043380664
2022-11-27,136,249807385.9564690150182237522814030880664
2022-11-28,139,255317844.7889042445478081094378222059668
2022-11-29,131,240623291.4291028233525223065341652940332
2022-11-30,138,253481024.2964193703170452030073173160498
2022-12-01,153,281033310.52353733847685390238412625
2022-12-02,125,229602379.0542711506187623164915181619336
2022-12-03,131,240623291.4291028233525223065341652940332
2022-12-04,140,257154662.6363697256158666537332315440332
2022-12-05,146,268175577.6562207915123310059109742279834
2022-12-06,135,230616963.69146737546043375038982555555625
2022-12-07,172,292794731.6482504811800555073709927057072
2022-12-08,167,284283257.4040976800479745987444288528536
2022-12-09,152,258748834.6716392766517318728647372942928
2022-12-10,154,262153422.4082566057449562084690077057072
2022-12-11,147,250237357.9761817363201409294302295292804
2022-12-12,143,243428180.0516423389341822234137447942928
2022-12-13,165,280878667.2161756117552402283322145292804
2022-12-14,148,251939654.2957951400662631320403086471464
2022-12-15,139,236618999.6757982023487134825893161471464
2022-12-16,130,221298345.0558012646311638331383236471464
2022-12-17,138,234916703.3561847986025912799792370292804
2022-12-18,145,246832767.7882596680274065590180152057072
2022-12-19,136,234239565.5288072179007454855810081498819986928
2022-12-20,140,246114014.5930936689806051841306771858624
2022-12-21,143,251387888.0340677726764869766767856282752
2022-12-22,135,237324228.9000814182886268122143
2022-12-23,132,232050357.9905657561936134814135442212064
2022-12-24,89,156458196.4740352053610362517910656282752
2022-12-25,141,247871973.2505711840795219355611642212064
2022-12-26,129,226776484.5495916524977316888674357787936
2022-12-27,115,202165083.5965739739198448628034385929312
2022-12-28,168,295336819.0305874677372472980040242212064
2022-12-29,141,247871973.2505711840795219355611642212064
2022-12-30,158,277757245.1131045247524220924259171858624
2022-12-31,156,274241330.3296079361554570513102957787936
2023-01-01,155,272483374.2035888626574087616251614070688
2023-01-02,156,274241330.3296079361554570513102957787936
2023-01-03,154,261567697.3308510654836788860386682320194880712
2023-01-04,143,242356483.0955473509369902509710763697664
2023-01-05,157,266083690.5822478791261816717590181848832
2023-01-06,180,305064103.2304720077003927289968
2023-01-07,154,260999287.2347314617686577518736436302336
2023-01-08,153,259304487.74590120654533381964728
2023-01-09,152,257609688.2570709513220098874209163697664
2023-01-10,169,286421296.6507750710249491664910909075584
2023-01-11,147,249135683.4913811976740620414796727226752
2023-01-12,151,255914886.3277278702549098935914109075584
2023-01-13,159,269473292.0004212154166055978148872773248
2023-01-14,171,289810898.06894840731537309254696
2023-01-15,163,281119760.74708688527620001985071331248687596
2023-01-16,147,274688842.3501408043391038114701072066602
2023-01-17,156,291506526.6305745165408733091577284566602
2023-01-18,140,261608421.5421178598343268635223039711068
2023-01-19,145,270951578.8777300366421112617302891922136
2023-01-20,132,246659370.3433042739157506168461515433398
2023-01-21,138,257871158.0697070921373343137824859566602
2023-01-22,151,282163369.2949623397330889109497432355534
2023-01-23,158,295243790.1029852842378658588975464711068
2023-01-24,129,241053473.7892733799355648160948647066602
2023-01-25,175,327010528.2730620672276055555444397788932
2023-01-26,155,289637896.2397838751270740104293792644466
2023-01-27,154,287769263.1581637488438807594179104422136
2023-01-28,168,313930107.4650391227228286075966365433398
2023-01-29,161,311438925.8972278325737578794594421772955804808
2023-01-30,138,269948141.5759667566959963340700892061614
2023-01-31,115,224956785.1161139943740551785959951520538
2023-02-01,137,267991996.8676471508404116756692698479462
2023-02-02,145,283641162.9847545459781371465523993582152
2023-02-03,133,260167412.4006683618893742396149426520538
2023-02-04,136,266035849.3424773622204776160429256082152
2023-02-05,152,297334187.2103925180246273602602343917848
2023-02-06,148,289509602.7434137290735899242059071958924
2023-02-07,142,277772726.0429455456470337701244164020538
2023-02-08,138,269948141.5759667566959963340700892061614
2023-02-09,162,316895645.5609893076378715491705275
2023-02-10,147,287553455.2182439404536558645795629561614
2023-02-11,148,289509602.7434137290735899242059071958924
2023-02-12,162,315851203.9583589728746767969558474999975
2023-02-13,156,303650130.9946970477872412446051726873182
2023-02-14,154,299757180.2739147952186419409635277497576
2023-02-15,163,317275457.1159727844126996718263114997576
2023-02-16,179,348419062.8822308049614941009594710002424
2023-02-17,165,321168407.8367550369812989754679564373182
2023-02-18,168,327007835.3193905631988370664550423126818
2023-02-19,162,315328983.1570438054930391555301075
2023-02-20,147,286131854.1526390585931835137423889373182
2023-02-21,167,325061358.5575372895498982791096013748788
2023-02-22,140,272506528.0313633219677250865212501248788
2023-02-23,171,332847259.99910179468709688639289125
2023-02-24,135,262774152.63086983791086596294175625
2023-02-25,107,228809606.1413121257381283928689104725702512288
2023-02-26,168,359556659.210642265735299389680280680159
2023-02-27,140,299630547.801244781612731513963287879894
2023-02-28,137,293209894.218132777706756223836924810053
2023-03-01,170,363837095.960021672672628234722486740212
2023-03-02,144,308191421.3000035954873892040477
2023-03-03,168,359556659.210642265735299389680280680159
2023-03-04,152,325313168.297521223236704584216524240212
2023-03-05,155,331733821.880633227142679874342887310053
2023-03-06,132,282508803.885641366863452088668355680159
2023-03-07,165,353136002.545616048829288144680025569841
2023-03-08,133,284649020.719373963832098533752512689947
2023-03-09,135,288929457.46875337076942737879471875
2023-03-10,136,291688415.564575746214885572299433178615167756
2023-03-11,165,357219694.8827461302481322620081860579786
2023-03-12,161,348559825.8912208977132899905727381726952
2023-03-13,157,339899953.7821419553143252446397797113476
2023-03-14,146,316085307.0409517186492334305728992306738
2023-03-15,147,318250273.5094445993169133798073835579786
2023-03-16,134,290105693.8312686013164616672715344226952
2023-03-17,147,318250273.5094445993169133798073835579786
2023-03-18,162,350724792.3597137783809699398072225
2023-03-19,148,320415243.0954911898487158035393784613476
2023-03-20,154,333405048.1415558935830404479413055773048
2023-03-21,145,313920337.4549051281174310068409043273048
2023-03-22,159,344229889.8366814265138076176062589420214
2023-03-23,183,398970829.725713246580338489200332205684261779
2023-03-24,162,377232885.4931152521081537852925875
2023-03-25,145,337646717.006621387901781095791399783412
2023-03-26,144,335318120.4383246685405811424823
2023-03-27,148,344632513.417873954751874326530321983294
2023-03-28,134,312032141.342632657395594867768056466588
2023-03-29,147,342303913.496396031007427687815410775059
2023-03-30,155,360932699.455494603430014055911454741647
2023-03-31,141,328332327.380253306073734597149189224941
2023-04-01,140,326003727.458775382329287958434278016706
2023-04-02,149,346961109.986170674113074279839421766706
2023-04-03,131,305046344.931380090545501637029134266706
2023-04-04,162,377232885.4931152521081537852925875
2023-04-05,139,323675130.890478662968088005125178233294
2023-04-06,160,375586794.880830196025935708554172300163475
2023-04-07,142,338032941.785607291839724838359735158175
2023-04-08,147,349935509.409986910908070119021861724525
2023-04-09,146,347554997.256286865178189376925264841825
2023-04-10,123,292803183.441788861296224457807825775475
2023-04-11,154,366599104.7697063166456476689667531327
2023-04-12,160,380882187.975725676653344476815047658175
2023-04-13,142,338032941.785607291839724838359735158175
2023-04-14,140,333271914.05026750517049256907697031635
2023-04-15,158,376121160.24038588998411220753228281635
2023-04-16,124,295183695.595488907026105199904422658175
2023-04-17,155,368979620.351346057584999196152921091825
2023-04-18,166,395165271.18174503666104128466334218365
2023-04-19,139,330891401.89656745944061182698037343365
2023-04-20,133,319518832.8346639519776090104577360376608289056
2023-04-21,145,351118489.4146720294917770660647361666472
2023-04-22,149,360804517.5265041861968442246362574583236
2023-04-23,147,355961503.4705881078443106453504968124854
2023-04-24,141,341432464.7898097140886990171582631875146
2023-04-25,125,302688355.8294509285704194925372263333528
2023-04-26,130,314795889.2257562038007588859191037916764
2023-04-27,130,314795889.2257562038007588859191037916764
2023-04-28,147,355961503.4705881078443106453504968124854
2023-04-29,137,331746436.6779775573836318585867418958382
2023-04-30,148,358383012.2420310676715719898259012916764
2023-05-01,182,440714244.2186647170606646183537356458382
2023-05-02,129,312374380.4543132439734975414436993124854
2023-05-03,141,341432464.7898097140886990171582631875146
2023-05-04,146,351712781.6347697333482339604177883325993651446
2023-05-05,119,283977798.8604690195495221913475520454972
2023-05-06,149,355568839.3482854956454037054762484090056
2023-05-07,139,331705160.3311366697458134764187115909944
2023-05-08,137,326932423.8404329048864732652159870454972
2023-05-09,151,360341575.8389892605047439166789729545028
2023-05-10,170,405682570.7824900274699205096268131819888
2023-05-11,151,360341575.8389892605047439166789729545028
2023-05-12,141,336477896.8218404346051536876214361364916
2023-05-13,145,346023366.3668779659267232830707993180112
2023-05-14,174,415228040.3275275587914901050761763635084
2023-05-15,147,350796102.8575817307860634942735238635084
2023-05-16,153,365114312.3296930253640841278816975
2023-05-17,160,381818888.3289712031732194536131904545028
2023-05-18,141,345151895.572956714581863407846060348588242829
2023-05-19,150,369469366.9436956997508905042279278253496
2023-05-20,131,322669911.9767492099769627422975431164336
2023-05-21,151,371932494.4723690306977067962891690582168
2023-05-22,144,354690591.13093798014185334760488
2023-05-23,154,379321880.6052949348475354738914262328672
2023-05-24,141,347301204.9980120759920246700026228253496
2023-05-25,151,371932494.4723690306977067962891690582168
2023-05-26,153,376858753.076621603900719181830185
2023-05-27,145,357153718.6596113110886696396661212328672
2023-05-28,160,394100656.4180526544565726305144740582168
2023-05-29,162,399026915.02230522765958501605549
2023-05-30,154,379321880.6052949348475354738914262328672
2023-05-31,141,350148490.6078393528842917051306640404079569346
2023-06-01,132,336187210.7165765855898123502292888590158
2023-06-02,164,417687139.4758991424465900814970462863386
2023-06-03,130,331093464.7106818219307033211500750726772
2023-06-04,148,376937175.0962378640182012158631675726772
2023-06-05,138,351468445.0667640457226560704670986409842
2023-06-06,151,384577792.2713315940846230759820724636614
2023-06-07,135,343827827.89167031565623421034819375
2023-06-08,154,392218409.4464253241510449361009773546456
2023-06-09,169,430421502.6568876361721209706951649636614
2023-06-10,154,392218409.4464253241510449361009773546456
2023-06-11,163,415140264.6392033451947938834575236046456
2023-06-12,157,399859030.2890158850619501632197138226772
2023-06-13,147,374390300.2595420667664050178236448909842
2023-06-14,121,312665624.100299149749103440924649910148393618
2023-06-15,148,385148460.9959121443502377006756421770556
2023-06-16,153,398160232.46596813308430111902970875
2023-06-17,140,364329623.6459102238084467586743978229444
2023-06-18,151,392955523.1284676529488533835293976614722
2023-06-19,142,369534332.9834107039438944941747089114722
2023-06-20,136,353920204.9709092635375512876737756458888
2023-06-21,121,314884890.5607412973353610326115759270556
2023-06-22,137,356522561.5133547152098310758206423385278
2023-06-23,125,325294309.2357422576062565036121981041112
2023-06-24,146,379943751.6584116642147899651753310885278
2023-06-25,153,398160232.46596813308430111902970875
2023-06-26,146,379943751.6584116642147899651753310885278
2023-06-27,140,364329623.6459102238084467586743978229444
2023-06-28,108,280122385.025966247894244313793272314815
2023-06-29,146,367574940.7040656698072666511695170695866
2023-06-30,158,397786578.4244694675091232996232783608268
2023-07-01,133,334845664.3921468306094004420471166804134
2023-07-02,171,430515854.73638830670698950874567875
2023-07-03,137,344916211.5074136536647935191302708195866
2023-07-04,141,354986758.6226804767201865962134249587598
2023-07-05,156,392751304.8668360559814267610817012912402
2023-07-06,139,349951485.0650470651924900576718478891732
2023-07-07,175,440586401.8516551297623825858288328891732
2023-07-08,178,448139310.3754069113217661022433479304134
2023-07-09,169,425480581.1787548951792929702041016804134
2023-07-10,154,387716031.3092026444537302225401242216536
2023-07-11,135,339880937.94978024213709698058869375
2023-07-12,144,383801277.42337140405192222983801824074
2023-07-13,120,321592672.2254732170584846883240086690102
2023-07-14,138,369831573.2522498037243637382361261690102
2023-07-15,138,369831573.2522498037243637382361261690102
2023-07-16,155,415390537.0482552831941948112732700269966
2023-07-17,136,364471694.9315955071901408512158548920136
2023-07-18,162,434150109.2409892799929114492090575
2023-07-19,148,396630964.8555212863954781733374825539932
2023-07-20,128,343032185.5080904031953762364050937769966
2023-07-21,112,300153162.8019681130637200735132475539932
2023-07-22,134,359111820.4700532927980448974659076079864
2023-07-23,147,393951023.7656380970573032631921849190102
2023-07-24,150,401990843.1761755829297010603577538309898
2023-07-25,138,369831573.2522498037243637382361261690102
2023-07-26,144,380796719.35454817533322514416903421296
2023-07-27,138,358973120.0187305909472741539034810298752
2023-07-28,140,364175629.4388056989655893329481340199168
2023-07-29,132,343365595.5043117496818877667917189701248
2023-07-30,168,437010757.5740507284324426895510789701248
2023-07-31,141,366776886.0217464943695264974815589701248
2023-08-01,139,361574376.6016713863512113184369059800832
2023-08-02,154,400593191.6335249723042364362385080398336
2023-08-03,151,392789429.3763155516715432426826270099584
2023-08-04,121,314751795.5668018969759338570572259800832
2023-08-05,154,400593191.6335249723042364362385080398336
2023-08-06,164,426605738.7339005123958123314617729900416
2023-08-07,146,379783157.6990310230205348700820929900416
2023-08-08,125,325156814.4069521130125642151465319601664
2023-08-09,162,421665740.3548995181943284920381066666675
2023-08-10,127,330756211.7722731833419307640005506114944
2023-08-11,151,393261324.2234606638116744950302826528736
2023-08-12,167,434931397.9408167601031318534226653057472
2023-08-13,135,351591250.5061045675202171366379
2023-08-14,171,445348917.30773245219227503974134
2023-08-15,171,445348917.30773245219227503974134
2023-08-16,163,424513878.5739010680139886671039906114944
2023-08-17,156,406283221.5569519428905457844874679586208
2023-08-18,139,362008769.8730202596093603229565746942528
2023-08-19,140,364613147.8395958465990884260950853057472
2023-08-20,162,421909500.60732548102426056396548
2023-08-21,165,429722638.2573589140585602602633279586208
2023-08-22,143,381739775.6965673855948179025138816129272394328
2023-08-23,142,392623891.4787874377768299064921066403182
2023-08-24,139,384329021.8498855114096691472995454693636
2023-08-25,135,373269193.02365757030744541285651875
2023-08-26,137,378799107.4367715408585572800780321096818
2023-08-27,116,320735012.0713819384504037991712684387272
2023-08-28,118,326264922.5029578500825015831133640612728
2023-08-29,158,436863202.8021611432667107609847957806364
2023-08-30,126,348384580.1554137322869490519994175
2023-08-31,144,398153805.89190140832794177371362
2023-09-01,151,417508504.3470312757973262673492078903182
2023-09-02,152,420273463.5443572905323892425996734387272
2023-09-03,158,436863202.8021611432667107609847957806364
2023-09-04,149,411978589.9339173052462144001276945306364
2023-09-05,124,342854665.7422997617358371847779041403182
2023-09-06,135,364053703.25462377303346901494843458333125
2023-09-07,146,393005454.3704644839183454851959686152
2023-09-08,133,358011817.1993768007531872875590313848
2023-09-09,151,406464544.3974310771836087567690313848
2023-09-10,147,395697270.8253705322336612937370941544
2023-09-11,159,427999091.5415521670835036828329058456
2023-09-12,141,379546364.3434978906530822136229058456
2023-09-13,147,395697270.8253705322336612937370941544
2023-09-14,162,436074544.78248848787379322289
2023-09-15,188,506061819.1246638542041096181638744608
2023-09-16,155,417231817.9694916221335562198009686152
2023-09-17,149,401080907.6114008047086350252530627696
2023-09-18,156,419923634.4243976704488720283420941544
2023-09-19,139,386415687.7514349884088870851610161325050163336
2023-09-20,146,414558854.2037332146633968826240464595294
2023-09-21,138,391843298.7563836014022976064337006214118
2023-09-22,129,366288300.9225151131930399774601718714118
2023-09-23,156,442953294.4241205778208128643807581214118
2023-09-24,146,414558854.2037332146633968826240464595294
2023-09-25,145,411719407.7284146862962804163596429118824
2023-09-26,136,386164409.8945461980870227873861141618824
2023-09-27,157,445792740.8994391061879293306451616690588
2023-09-28,146,414558854.2037332146633968826240464595294
2023-09-29,147,417398296.5902520896115552354072293714118
2023-09-30,138,391843298.7563836014022976064337006214118
2023-10-01,141,400361634.0935395330846888917456906285882
2023-10-02,157,445792740.8994391061879293306451616690588
2023-10-03,164,466801496.998177441742618220368742974138783514
2023-10-04,131,373280258.5727723831330695194168125989008
2023-10-05,141,401774937.1488809925521791126590936016488
2023-10-06,160,455914820.2886372703970341094080137994504
2023-10-07,171,487258964.670740047407570251837385
2023-10-08,148,421721210.1005403257950714177915524010992
2023-10-09,156,444516948.8581938266293902721111013983512
2023-10-10,162,461613756.00385899228085602805647
2023-10-11,160,455914820.2886372703970341094080137994504
2023-10-12,165,470162157.5250748817561044958920163983512
2023-10-13,138,393226531.5244317163759618245492713983512
2023-10-14,146,416022274.3853186039112494991430962005496
2023-10-15,167,475861093.2402966036399264145404725989008
2023-10-16,141,417078811.4760414001636294489395050353391144208
2023-10-17,162,491483968.4443416691185597126183075
2023-10-18,145,439908488.3325913717148919141591134038536
2023-10-19,140,424739231.0181047146568458373371848269268
2023-10-20,134,406536123.9882192806559609242390828461464
2023-10-21,150,455077750.0158244149448639387015727596098
2023-10-22,153,464179303.53076713194530639525062375
2023-10-23,157,476314711.1298550120605136357963789230732
2023-10-24,126,382265308.7900435204255464431475725
2023-10-25,144,436874638.61719259477205307788294
2023-10-26,150,455077750.0158244149448639387015727596098
2023-10-27,154,467213153.2461659088881452315267971538536
2023-10-28,160,485416264.6447977290609560923454299134634
2023-10-29,137,415637677.5031619976564033807881338365366
2023-10-30,156,482896145.8175682584947442800369394531942897436
2023-10-31,155,481286783.3729944261437130197749565524202
2023-11-01,149,462656325.7712218496300614686430356451596
2023-11-02,144,447130946.67206610256234902217818
2023-11-03,136,422290336.5363693338774802873356187903192
2023-11-04,168,521652772.6078469418962942010823734072606
2023-11-05,163,506127389.0373817281079207289940275403192
2023-11-06,127,394344652.3693652024673334734494825403192
2023-11-07,133,412975109.9711377789809850245814034475798
2023-11-08,149,462656325.7712218496300614686430356451596
2023-11-09,143,444025872.6407587398370709431346049596808
2023-11-10,154,478181704.8703775966977739151078912903192
2023-11-11,160,496812162.4721501732114254662398121975798
2023-11-12,161,506634196.2470559791792008924898323237368226248
2023-11-13,121,389037995.7448951760320783379502562077828
2023-11-14,138,443696223.8353264851865508337358800633258
2023-11-15,148,475848126.7972334224462756625131799577828
2023-11-16,148,475848126.7972334224462756625131799577828
2023-11-17,150,482278507.3896148098982206282686399366742
2023-11-18,149,479063314.7784872881098949076789812922172
2023-11-19,170,546582308.6835550282929638103993824155656
2023-11-20,166,533721547.4987922533890738788884624577828
2023-11-21,152,488708887.9819961973501655940240999155656
2023-11-22,142,456556985.0200892600904407652468000211086
2023-11-23,147,472632934.1861059006579499419235213133258
2023-11-24,168,540151928.0911736408410188446439224366742
2023-11-25,159,511704247.8625201970113497014173088852289769392
2023-11-26,146,493217212.1025501505185275206720188156312
2023-11-27,130,439166011.3759894905483993655174476312624
2023-11-28,147,496595410.0196941418756740451355185531064
2023-11-29,136,459435208.6080696667643595876523247374752
2023-11-30,134,452678812.7737816840500665387253252625248
2023-12-01,169,570915812.8429430920983029601019061843688
2023-12-02,127,429031407.8953412884038787167730697374752
2023-12-03,165,557403011.4451508985966357868940285531064
2023-12-04,155,523621012.8152785288790083915512738156312
2023-12-05,138,466191609.3069657635151931742562635531064
2023-12-06,136,459435208.6080696667643595876523247374752
2023-12-07,115,388493008.5665728219354177348263761843688
2023-12-08,135,456057010.690925675407213063188825
2023-12-09,157,530377413.5141746256298419781552126312624
2023-12-10,140,469156589.9817664505753286574497042857522578836
2023-12-11,158,528635574.1324890051587120509471918363428
2023-12-12,144,481794448.28640911515509779864574
2023-12-13,149,498523421.1145884354615184385318330863428
2023-12-14,146,488486038.3812697398504842849103728318286
2023-12-15,163,545364546.9606683254651326908332849226856
2023-12-16,152,508560808.6658516139366437437042713273144
2023-12-17,150,501869218.5709909892412572574396384954858
2023-12-18,168,562093524.6067921286356444822703559954858
2023-12-19,162,542018754.3222102545494850234764575
2023-12-20,145,485140240.9248671860707454660025674226856
2023-12-21,146,488486038.3812697398504842849103728318286
2023-12-22,168,562093524.6067921286356444822703559954858
2023-12-23,160,561495983.98860679725598927330028794489362
2023-12-24,171,612085087.5512701439732247044677125
2023-12-25,139,497542850.090606889056635555511368087308
2023-12-26,139,497542850.090606889056635555511368087308
2023-12-27,129,461748397.662649161099042793971854119038
2023-12-28,121,433112840.874683716006822428725293087308
2023-12-29,151,540496187.849755425331893025373734706346
2023-12-30,145,519019516.392980788557337368450026325384
2023-12-31,156,558393411.486533920673762484150966619038
2024-01-01,155,554813968.820938516514930129989540293654
2024-01-02,131,468907288.148240706690561346279756912692
2024-01-03,158,565552301.972125466265281036458869412692
2024-01-04,170,608505644.885674739814392350306286174616
2024-01-05,138,493963402.270610747623949357364891619038
2024-01-06,140,509355148.2310429362348335079628106586492842328
2024-01-07,118,429363545.3243671591927403106666664265136
2024-01-08,123,447556920.0629499252261970065193339301148
2024-01-09,152,553078470.4920906637273689312729085734864
2024-01-10,133,483943659.0607339552508936204101703566284
2024-01-11,173,629490625.5312515773918968537880146433716
2024-01-12,168,611297256.0323595623795485468425964301148
2024-01-13,159,578549188.8384776349488782387779439301148
2024-01-14,128,465750289.5618419402385453134647521433716
2024-01-15,114,414808852.8690679977955266984546814301148
2024-01-16,125,454834268.9104448814353580070789510734864
2024-01-17,121,440279571.2154549690170360059597167867432
2024-01-18,142,516691726.2546158826815639284748228566284
2024-01-19,132,480304987.2568318526568673145839864301148
2024-01-20,143,512668948.5237080866914850560781402442046584952
2024-01-21,140,489551346.644566084273265583516833933136
2024-01-22,160,559487254.027416280781179498063916966568
2024-01-23,154,538506480.301945634444165778205967866272
2024-01-24,150,524519302.853683828168288449946749100296
2024-01-25,181,632919954.513485606037529790097617866272
2024-01-26,152,531512894.095507376947293023232732133728
2024-01-27,171,597952003.33975315342463874198045
2024-01-28,160,559487254.027416280781179498063916966568
2024-01-29,156,545500071.543769183223170351491950899704
2024-01-30,144,503538529.1282131818312747300888
2024-01-31,131,458080188.574052760408810912886283933136
2024-02-01,153,535009687.19872650569572940071935
2024-02-02,188,677399664.6757449547888024093449866627810282112
2024-02-03,151,566738184.0279739097121332881503811658472
2024-02-04,155,581751117.2721473126715235446668488341528
2024-02-05,156,585504347.8808628956463799973050084975416
2024-02-06,170,638049614.2354698060042458951126453366112
2024-02-07,160,600517281.1250362986057702538214761658472
2024-02-08,138,517946153.6867381178591060659628184975416
2024-02-09,166,623036680.9912964030448556385961776683056
2024-02-10,152,570491420.0413450282169719637704553366112
2024-02-11,137,514192923.0780225348842496133246588341528
2024-02-12,179,671828711.3325321948978828607837403366112
2024-02-13,135,506686456.455935833404554485066425
2024-02-14,139,521699389.7001092363639447415828926683056
2024-02-15,157,606890743.6292629063911383400823966831385148384
2024-02-16,134,544386619.0220116051744016963873593791312
2024-02-17,150,609388005.4074551824324963297389482843484
2024-02-18,121,491572990.7556746882799590926828746895656
2024-02-19,136,552511787.2013328232893895260586156208688
2024-02-20,141,572824725.2000103681503699556574157843484
2024-02-21,138,560636961.2307788745955476408700917156516
2024-02-22,135,548449203.1116722142318956112229875
2024-02-23,159,645951285.6148999967146227038204807843484
2024-02-24,137,556574377.1411182655380537260344635947828
2024-02-25,164,666264217.7634527083844328482790610947828
2024-02-26,133,540324029.0822261629257374964115114052172
2024-02-27,129,524073681.0233340603134212667885592156516
2024-02-28,149,605325415.4676697401838321297631003104344
2024-02-29,133,540324029.0822261629257374964115114052172
2024-03-01,154,607463923.1349978537559082197444682959608
2024-03-02,127,500960507.5972892304082261361365645459608
2024-03-03,155,611408497.2364956705527445442538598010098
2024-03-04,129,508849650.1201027019907722066123030969706
2024-03-05,167,658743346.6931943380368943885652466479804
2024-03-06,140,552239931.1554857146892123049573428979804
2024-03-07,180,710022770.251390822317880557386025
2024-03-08,154,607463923.1349978537559082197444682959608
2024-03-09,163,642965061.6475673948718022476137695459608
2024-03-10,143,564073647.7797970030685946999424729540392
2024-03-11,170,670577063.3175056264162767835503767040392
2024-03-12,141,556184505.2569835314860486294667344030294
2024-03-13,160,631131350.7034382685035464311716839489902
2024-03-14,141,580862770.2919040783501760379359935474755711584
2024-03-15,127,529980319.013691159231371043012766231812
2024-03-16,144,600922569.4689919007045058790923
2024-03-17,146,609268716.934864087624281683751366254547
2024-03-18,144,600922569.4689919007045058790923
2024-03-19,157,655172524.992548268338089105853701259094
2024-03-20,149,621787935.129059520658985887217436240906
2024-03-21,120,500768805.887751352357115230228563736359
2024-03-22,135,563364908.87717990691047426164903125
2024-03-23,156,650999448.254999327533241700001638736359
2024-03-24,170,709422480.516104635971672332615102518188
2024-03-25,132,550845690.682984473875770058182961263641
2024-03-26,134,559191838.148856660795545862842027518188
2024-03-27,136,567537979.605503153025402660456034981812
2024-03-28,152,630471212.2216164994001553629338836766502331384
2024-03-29,144,595046224.98347443089059270665026
2024-03-30,155,640501145.6086523110097067949533689796114
2024-03-31,137,566120367.4857180071483827066220864796114
2024-04-01,150,619839819.6746066154559488390626631888342
2024-04-02,148,611575288.1108958872674967949251954592228
2024-04-03,142,586781693.4197637027021406625127922703886
2024-04-04,138,570252630.2923422463252365742378568111658
2024-04-05,148,611575288.1108958872674967949251954592228
2024-04-06,155,640501145.6086523110097067949533689796114
2024-04-07,170,702485129.3612516475057249715314134184456
2024-04-08,158,652897939.9789872783750127067066070407772
2024-04-09,146,603310756.5471851590790447507877277296114
2024-04-10,151,627214744.594020326129670643997958127434745818
2024-04-11,132,566860611.5965838744936191876818119440644
2024-04-12,136,584038201.0151990835001740133994440745808
2024-04-13,164,704281364.0491090797638985485767039813548
2024-04-14,157,674220574.8366150612487107795804654627096
2024-04-15,141,605510198.6103524586135710991330194440644
2024-04-16,165,708575759.8577794014647938902080355559356
2024-04-17,137,588332603.0078033274040428142230814813548
2024-04-18,145,622687788.0289676676201259248506515745808
2024-04-19,151,648454181.4327913644344183522155585186452
2024-04-20,130,558271813.7953093088888550452268429627096
2024-04-21,140,601215796.6177482147097022983093820372904
2024-04-22,152,652748583.4253956083382871530391959254192
2024-04-23,168,721458959.6516582109734268334866419440644
2024-04-24,155,672198686.5397469138535726214798333128354285902
2024-04-25,143,626294685.5332319502740191755902239813536
2024-04-26,133,582497851.0693291959213758945452877546616
2024-04-27,140,613155632.0406892948369742083865855093232
2024-04-28,140,613155632.0406892948369742083865855093232
2024-04-29,131,573738484.1765486450508472383363005093232
2024-04-30,141,617535318.6404513994034905193812367360152
2024-05-01,132,578118170.7763107496173635493309517360152
2024-05-02,145,635054046.1192688428820438660188960186464
2024-05-03,129,564979117.2837680941803185821273132639848
2024-05-04,141,617535318.6404513994034905193812367360152
2024-05-05,139,608775951.7476708485329618631722494906768
2024-05-06,122,534321336.3124079952647202682860155093232
2024-05-07,122,534321336.3124079952647202682860155093232
2024-05-08,127,556219750.3909875433097899259183260186464
2024-05-09,145,612635655.6510732087547710814685691415110042912
2024-05-10,145,599332434.9336823928989792665327851810808
2024-05-11,159,657199019.7430513232735041301052795516894
2024-05-12,132,545599186.5386836139006229287602508016894
2024-05-13,147,607599089.9064493829524828184717129483106
2024-05-14,136,562132490.5322264897746855327511089310808
2024-05-15,141,582799130.9401395170249166625419270516894
2024-05-16,142,586932455.4505274599351961885678922327702
2024-05-17,155,640665709.7975173431664970262274240172298
2024-05-18,128,529065876.5931496337936158248823952672298
2024-05-19,154,636532379.3351382960232730003144614310808
2024-05-20,156,644799034.3079052860767765522533891983106
2024-05-21,138,570399145.5049934798281890846900366983106
2024-05-22,153,632399054.82475035311299347428849625
2024-05-23,169,706501036.6485612409955501490868602773173011396
2024-05-24,160,671140034.0912752052510512867781334732084
2024-05-25,160,671140034.0912752052510512867781334732084
2024-05-26,168,704697038.5139561063013855731715795803748
2024-05-27,123,515938903.7370268200475981125114420803748
2024-05-28,134,562079781.7980829025609391762418311071664
2024-05-29,137,574663655.4364580840239459535787740267916
2024-05-30,123,515938903.7370268200475981125114420803748
2024-05-31,148,620804533.4975141665372870173091630535832
2024-06-01,141,591442157.6477985345491130967754970803748
2024-06-02,140,587247529.0748332654869527309157169464168
2024-06-03,157,658556160.4529000237880445094411905535832
2024-06-04,134,562079781.7980829025609391762418311071664
2024-06-05,123,515938903.7370268200475981125114420803748
2024-06-06,133,554745618.7245224530171672988940134056704
2024-06-07,142,590944002.2950455162135639417494433786552
2024-06-08,172,715791324.8666921077364408791693935146208
2024-06-09,153,636721355.302939301613701206660965
2024-06-10,139,578459271.8356823308578107466814282426896
2024-06-11,123,511874032.7312927100908242692410148640344
2024-06-12,146,607590313.5693108162357559766711966213448
2024-06-13,145,603428732.7544087015693171368174585146208
2024-06-14,128,532681918.8277885454576734817699066213448
2024-06-15,134,557651385.7391864954909615341525364853792
2024-06-16,163,678337127.4959309723473996317187485146208
2024-06-17,140,582620846.6579128662024679242885667573104
2024-06-18,152,632559780.4807087662690440290538264853792
2024-06-19,137,570136116.1985496808467147292205516213448
2024-06-20,133,553312848.2609435875308443909189138136333903648
2024-06-21,140,582332777.671390910896391699902192659348
2024-06-22,152,632247019.864738875161844010075814681304
2024-06-23,112,465866224.532996162327140955861257340652
2024-06-24,152,632247019.864738875161844010075814681304
2024-06-25,124,515780460.736635542567524276186121329674
2024-06-26,121,503301903.183152843513695693567094840652
2024-06-27,130,540737581.833309524700250431272932340652
2024-06-28,135,561535179.7523502177983210655875625
2024-06-29,157,653044617.783779568259914644390444840652
2024-06-30,121,503301903.183152843513695693567094840652
2024-07-01,141,586492300.849024199931047220674373510978
2024-07-02,148,615608939.133622887073359906684607340652
2024-07-03,145,603130375.590431603994462334216822818696
2024-07-04,140,582332777.671390910896391699902192659348
2024-07-05,121,480652547.1920645168927980976095477021849459596
2024-07-06,165,652035051.0748852748150564039042863845144
2024-07-07,141,557193592.6181125619488600884677836154856
2024-07-08,159,628324689.3059359641114434115484936154856
2024-07-09,154,608566046.9111612251572696872431118460192
2024-07-10,136,537434950.2233378229946863641624018460192
2024-07-11,140,553241861.8629625201476764744040409230096
2024-07-12,150,592759140.9620242630301517500081386154856
2024-07-13,154,608566046.9111612251572696872431118460192
2024-07-14,167,659938506.8946976233915514590251059230096
2024-07-15,153,604614321.846498918381958246186035
2024-07-16,147,580903954.3870618726524730808235763845144
2024-07-17,159,628324689.3059359641114434115484936154856
2024-07-18,129,515736551.8693225231487799812804743973802
2024-07-19,147,599556359.565823246294529382599919494295
2024-07-20,165,672971424.242177324375832010938856994295
2024-07-21,169,689285884.364301602640193983126223164765
2024-07-22,179,730072034.66961229830109891359463859094
2024-07-23,169,689285884.364301602640193983126223164765
2024-07-24,140,571006057.28870834638605905452413382953
2024-07-25,163,664814194.18111518524365102484517390906
2024-07-26,160,652578352.026124563599542668956754414765
2024-07-27,154,628106661.84293814620299971067570515906
2024-07-28,148,603634977.53295690291478299889886617047
2024-07-29,178,725993416.702478641680845297295691914765
2024-07-30,150,611792207.594019042046963984992549255705
2024-07-31,141,615358184.0246311922229906489943164893445574074
2024-08-01,140,630987878.5179506962899053682439208082456
2024-08-02,125,563382038.5632737973426730843263208835088
2024-08-03,135,608452598.5330583966408279402713875
2024-08-04,143,644509051.7010149168947834763625058835088
2024-08-05,156,703100778.3637026857785268762573262123684
2024-08-06,140,630987878.5179506962899053682439208082456
2024-08-07,122,549860865.3802095767377949762077358082456
2024-08-08,129,581410258.6570910064503612882030487123684
2024-08-09,130,585917318.5481660969917505122988541917544
2024-08-10,129,581410258.6570910064503612882030487123684
2024-08-11,161,725636064.8387560364468938683986908835088
2024-08-12,137,617466711.8250475267043168242941670958772
2024-08-13,149,671551385.0868212560659605642620133082456
2024-08-14,132,593799520.5910221173712332227707401245088959596
2024-08-15,160,690944705.110743411292010909749300973157
2024-08-16,142,613213425.708053498118969769229463473157
2024-08-17,149,643442255.895932647440130984560145696314
2024-08-18,156,673671086.083811796761292199890827919471
2024-08-19,130,561392574.845761006742006693497335553686
2024-08-20,150,647760663.761916727180407188946409580529
2024-08-21,147,634805446.382466840174771629630909169471
2024-08-22,160,690944705.110743411292010909749300973157
2024-08-23,164,708218324.137675025822729619607774026843
2024-08-24,153,660715874.92286426197084969441861875
2024-08-25,133,574347786.006708541532449198969544723157
2024-08-26,134,578666193.872692621272725403355808607372
2024-08-27,142,613213425.708053498118969769229463473157
2024-08-28,161,704440301.0132378797688023387665181379464267656
2024-08-29,132,587091198.7311840380323019880138183845094
2024-08-30,142,631567801.6874317938911376904927863718302
2024-08-31,147,653806103.1655556718205555417322703654906
2024-09-01,142,631567801.6874317938911376904927863718302
2024-09-02,167,742759315.4826824191343028685114064936604
2024-09-03,149,662701425.0377314701115378665923039936604
2024-09-04,151,671596746.9099072684025201914523376218302
2024-09-05,155,689387390.6542588649844848411724048781698
2024-09-06,145,644910781.2933798735295732168722367373208
2024-09-07,158,702730370.2602069446229203675518552436604
2024-09-08,167,742759315.4826824191343028685114064936604
2024-09-09,145,644910781.2933798735295732168722367373208
2024-09-10,137,609329500.2093079159617198392533023781698
2024-09-11,108,496254188.956594565079625491594814074075
2024-09-12,152,700222817.5061856854155671304723152143376
2024-09-13,123,566627674.5179347369579319368058589107532
2024-09-14,139,640335338.4711611529815796878975151071688
2024-09-15,151,695616084.7776585094674965853659936964156
2024-09-16,125,575841133.3412992667267973636174477143376
2024-09-17,150,691009358.6828211556467017036607264107532
2024-09-18,138,635728605.7426339770335091427911935892468
2024-09-19,122,562020941.7894075610098613916995373928312
2024-09-20,145,667975708.3075649201609003049312272856624
2024-09-21,135,621908420.8244320934438488342743375
2024-09-22,136,626515146.9192694472646437159796047856624
2024-09-23,146,672582441.0360920961089708500375488035844
2024-09-24,145,667975708.3075649201609003049312272856624
2024-09-25,144,655944699.44349319012909333218376277778
2024-09-26,130,571298869.586401697411509661740835931852
2024-09-27,137,602061115.631425343670346040537117965926
2024-09-28,129,566904259.392407681223395950888896102222
2024-09-29,155,681164035.840981467411493842953792965926
2024-09-30,137,602061115.631425343670346040537117965926
2024-10-01,157,689953249.900735883023231365365848431852
2024-10-02,155,681164035.840981467411493842953792965926
2024-10-03,158,694347853.766496282446855176925964068148
2024-10-04,169,742688527.931028759929166600546357034074
2024-10-05,151,663585607.721472636188018798129682034074
2024-10-06,152,667980217.915466652376132508981621863704
2024-10-07,155,681164035.840981467411493842953792965926
2024-10-08,167,733899313.871274344317429078134301568148
2024-10-09,127,575872986.8706376182981474830606135504325156168
2024-10-10,155,709250576.1991408090432666955985771770478
2024-10-11,140,640613421.5382024608788379661247831459044
2024-10-12,143,654340856.4238901124697731436330549581912
2024-10-13,138,631461800.4774662386837975320156647188566
2024-10-14,139,636037614.3024176680796922754148181040956
2024-10-15,156,713826383.4349256018424123863085422188566
2024-10-16,141,645189235.3631538902747327095239365311434
2024-10-17,157,718402197.2598770312383071297076956040956
2024-10-18,136,622310179.4167300164887570979065462918088
2024-10-19,173,791615159.1566001722018815498914546770478
2024-10-20,173,791615159.1566001722018815498914546770478
2024-10-21,171,782463538.09586395000684111578233625
2024-10-22,138,639026240.6203893124566431792670892276223115942
2024-10-23,151,718143297.5144314419147707517042180986844
2024-10-24,147,699119632.4620647705196991500965692960532
2024-10-25,153,727655130.0406147776123065525080425
2024-10-26,146,694363719.6232325381561772619878644013156
2024-10-27,161,765702460.1453481204024497557233401052624
2024-10-28,168,798993870.5627303598585790462435182039468
2024-10-29,157,746678795.0929814490073781541156913026312
2024-10-30,169,803749783.4015625922221009343522230986844
2024-10-31,158,751434707.9318136813709000422243961973688
2024-11-01,153,727655130.0406147776123065525080425
2024-11-02,141,670584141.7320336343975837722715107039468
2024-11-03,132,627780898.7884680592439186809475082039468
2024-11-04,151,722003987.1010513471424089537037948925920776674
2024-11-05,139,702351990.309250934636867881417234218096
2024-11-06,153,773092476.76205611824160307927715
2024-11-07,156,788251150.351610232679105513799123672856
2024-11-08,142,717510663.898805049074370315939207890952
2024-11-09,139,702351990.309250934636867881417234218096
2024-11-10,148,747828018.354077765121668062551184218096
2024-11-11,136,687193309.443532333027072569327231563808
2024-11-12,146,737722233.535653526439235480347192109048
2024-11-13,138,697299094.261956571709505151531223672856
2024-11-14,127,641717281.398705502542272388193281563808
2024-11-15,150,757933803.172502003804100644755176327144
2024-11-16,157,793304046.398904595606468243685134218096
2024-11-17,150,757933803.172502003804100644755176327144
2024-11-18,156,789337179.1728684846854442519226891970883960114
2024-11-19,175,889845956.743043788243316604150372343224
2024-11-20,147,747470599.856633061034193959556403985164
2024-11-21,144,732216100.2096523053711363044508
2024-11-22,143,727131269.434712387515624770652719686448
2024-11-23,138,701707093.593529791948497940528228985164
2024-11-24,134,681367763.171609118429928751624544686448
2024-11-25,169,859336950.126921274820678240227801328388
2024-11-26,139,706791931.690630711900532528037672343224
2024-11-27,133,676282925.074508198477894164115101328388
2024-11-28,142,722046431.337611467563590183143276328388
2024-11-29,121,615264919.164424173729140489981322343224
2024-11-30,164,833912781.607899681350074463814673671612
2024-12-01,158,803403774.991777167927436099892102656776
2024-12-02,127,649987948.1056839635693243772256623392321062992
2024-12-03,157,811042072.280459939671578372818122464456
2024-12-04,147,759383337.534552537745505972505378803316
2024-12-05,155,800710325.331278459286363892755573732228
2024-12-06,136,702558733.033482999777870938755005071088
2024-12-07,142,733553973.881027440933514378942651267772
2024-12-08,146,754217467.779390401703943339067748732228
2024-12-09,167,862700799.587510133295561559943577535544
2024-12-10,154,795544448.137259114942712046130655071088
2024-12-11,142,733553973.881027440933514378942651267772
2024-12-12,148,764549214.728571882089157819130297464456
2024-12-13,170,878198423.730710958024427886631044928912
2024-12-14,159,821373819.229641420056792852880671196684
2024-12-15,137,707724610.227502344121522785379923732228
2024-12-16,148,797498864.708218208763196725787306522201995996
2024-12-17,136,733677846.689421516104715366570702605328
2024-12-18,144,776835370.7386127617043469138012
2024-12-19,145,782230057.360584813711237048683277605328
2024-12-20,151,814598200.397478247910960709106150651332
2024-12-21,145,782230057.360584813711237048683277605328
2024-12-22,155,836176962.422073870710776482721399348668
2024-12-23,139,749861922.092045086897641005303873697336
2024-12-24,132,712099092.433179600691027209998923046004
2024-12-25,151,814598200.397478247910960709106150651332
2024-12-26,131,706704398.042853841298009458073376302664
2024-12-27,158,852361030.056343734117574504411101302664
2024-12-28,143,771440684.116640709697456778919122394672
2024-12-29,158,853362734.117487141666692934239986089173193624
2024-12-30,159,867710158.604494107171443036869833113544
2024-12-31,129,703991256.009830571133586831256566886456
