date,blocks,first_height,last_height,rebuilt_H_per_s,coinmetrics_H_per_s
2009-01-03,0,,,0.0,0.0
2009-01-04,0,,,0.0,0.0
2009-01-05,0,,,0.0,0.0
2009-01-06,0,,,0.0,0.0
2009-01-07,0,,,0.0,0.0
2009-01-08,0,,,0.0,0.0
2009-01-09,19,1,19,944495.122962963,944495.122962963
2009-01-10,61,20,80,3032326.447407407,3032326.44740741
2009-01-11,93,81,173,4623055.0755555555,4623055.07555556
2009-01-12,94,174,267,4672765.345185185,4672765.3451851895
2009-01-13,123,268,390,6114363.164444445,6114363.16444444
2009-01-14,129,391,519,6412624.782222223,6412624.78222222
2009-01-15,126,520,645,6263493.973333334,6263493.97333333
2009-01-16,108,646,753,5368709.12,5368709.12
2009-01-17,109,754,862,5418419.389629629,5418419.389629629
2009-01-18,107,863,969,5318998.850370371,5318998.850370371
2009-01-19,115,970,1084,5716681.007407407,5716681.00740741
2009-01-20,114,1085,1198,5666970.737777778,5666970.73777778
2009-01-21,102,1199,1300,5070447.502222222,5070447.50222222
2009-01-22,91,1301,1391,4523634.536296296,4523634.5362963
2009-01-23,84,1392,1475,4175662.648888889,4175662.6488888897
2009-01-24,201,1476,1676,9991764.195555555,9991764.19555555
2009-01-25,191,1677,1867,9494661.49925926,9494661.49925926
2009-01-26,96,1868,1963,4772185.884444444,4772185.88444444
2009-01-27,97,1964,2060,4821896.154074074,4821896.15407407
2009-01-28,112,2061,2172,5567550.198518518,5567550.19851852
2009-01-29,121,2173,2293,6014942.625185185,6014942.6251851795
2009-01-30,117,2294,2410,5816101.546666667,5816101.546666671
2009-01-31,138,2411,2548,6860017.208888889,6860017.20888889
2009-02-01,113,2549,2661,5617260.468148148,5617260.4681481505
2009-02-02,128,2662,2789,6362914.512592592,6362914.51259259
2009-02-03,139,2790,2928,6909727.478518519,6909727.47851852
2009-02-04,119,2929,3047,5915522.0859259255,5915522.08592593
2009-02-05,126,3048,3173,6263493.973333334,6263493.97333333
2009-02-06,122,3174,3295,6064652.894814814,6064652.894814811
2009-02-07,129,3296,3424,6412624.782222223,6412624.78222222
2009-02-08,132,3425,3556,6561755.591111111,6561755.5911111105
2009-02-09,134,3557,3690,6661176.13037037,6661176.13037037
2009-02-10,120,3691,3810,5965232.355555556,5965232.35555556
2009-02-11,133,3811,3943,6611465.860740741,6611465.86074074
2009-02-12,119,3944,4062,5915522.0859259255,5915522.08592593
2009-02-13,124,4063,4186,6164073.434074074,6164073.434074069
2009-02-14,136,4187,4322,6760596.66962963,6760596.66962963
2009-02-15,128,4323,4450,6362914.512592592,6362914.51259259
2009-02-16,122,4451,4572,6064652.894814814,6064652.894814811
2009-02-17,117,4573,4689,5816101.546666667,5816101.546666671
2009-02-18,118,4690,4807,5865811.816296296,5865811.8162963
2009-02-19,124,4808,4931,6164073.434074074,6164073.434074069
2009-02-20,122,4932,5053,6064652.894814814,6064652.894814811
2009-02-21,114,5054,5167,5666970.737777778,5666970.73777778
2009-02-22,121,5168,5288,6014942.625185185,6014942.6251851795
2009-02-23,108,5289,5396,5368709.12,5368709.12
2009-02-24,106,5397,5502,5269288.5807407405,5269288.58074074
2009-02-25,105,5503,5607,5219578.311111111,5219578.31111111
2009-02-26,107,5608,5714,5318998.850370371,5318998.850370371
2009-02-27,115,5715,5829,5716681.007407407,5716681.00740741
2009-02-28,99,5830,5928,4921316.693333333,4921316.69333333
2009-03-01,105,5929,6033,5219578.311111111,5219578.31111111
2009-03-02,108,6034,6141,5368709.12,5368709.12
2009-03-03,105,6142,6246,5219578.311111111,5219578.31111111
2009-03-04,104,6247,6350,5169868.041481482,5169868.04148148
2009-03-05,112,6351,6462,5567550.198518518,5567550.19851852
2009-03-06,117,6463,6579,5816101.546666667,5816101.546666671
2009-03-07,109,6580,6688,5418419.389629629,5418419.389629629
2009-03-08,115,6689,6803,5716681.007407407,5716681.00740741
2009-03-09,108,6804,6911,5368709.12,5368709.12
2009-03-10,107,6912,7018,5318998.850370371,5318998.850370371
2009-03-11,114,7019,7132,5666970.737777778,5666970.73777778
2009-03-12,118,7133,7250,5865811.816296296,5865811.8162963
2009-03-13,113,7251,7363,5617260.468148148,5617260.4681481505
2009-03-14,110,7364,7473,5468129.65925926,5468129.659259261
2009-03-15,123,7474,7596,6114363.164444445,6114363.16444444
2009-03-16,121,7597,7717,6014942.625185185,6014942.6251851795
2009-03-17,114,7718,7831,5666970.737777778,5666970.73777778
2009-03-18,114,7832,7945,5666970.737777778,5666970.73777778
2009-03-19,122,7946,8067,6064652.894814814,6064652.894814811
2009-03-20,118,8068,8185,5865811.816296296,5865811.8162963
2009-03-21,50,8186,8235,2485513.4814814813,2485513.48148148
2009-03-22,119,8236,8354,5915522.0859259255,5915522.08592593
2009-03-23,130,8355,8484,6462335.051851852,6462335.05185185
2009-03-24,105,8485,8589,5219578.311111111,5219578.31111111
2009-03-25,117,8590,8706,5816101.546666667,5816101.546666671
2009-03-26,117,8707,8823,5816101.546666667,5816101.546666671
2009-03-27,106,8824,8929,5269288.5807407405,5269288.58074074
2009-03-28,119,8930,9048,5915522.0859259255,5915522.08592593
2009-03-29,116,9049,9164,5766391.277037037,5766391.27703704
2009-03-30,120,9165,9284,5965232.355555556,5965232.35555556
2009-03-31,110,9285,9394,5468129.65925926,5468129.659259261
2009-04-01,114,9395,9508,5666970.737777778,5666970.73777778
2009-04-02,115,9509,9623,5716681.007407407,5716681.00740741
2009-04-03,116,9624,9739,5766391.277037037,5766391.27703704
2009-04-04,113,9740,9852,5617260.468148148,5617260.4681481505
2009-04-05,130,9853,9982,6462335.051851852,6462335.05185185
2009-04-06,109,9983,10091,5418419.389629629,5418419.389629629
2009-04-07,100,10092,10191,4971026.962962963,4971026.96296296
2009-04-08,105,10192,10296,5219578.311111111,5219578.31111111
2009-04-09,99,10297,10395,4921316.693333333,4921316.69333333
2009-04-10,108,10396,10503,5368709.12,5368709.12
2009-04-11,120,10504,10623,5965232.355555556,5965232.35555556
2009-04-12,118,10624,10741,5865811.816296296,5865811.8162963
2009-04-13,115,10742,10856,5716681.007407407,5716681.00740741
2009-04-14,124,10857,10980,6164073.434074074,6164073.434074069
2009-04-15,113,10981,11093,5617260.468148148,5617260.4681481505
2009-04-16,123,11094,11216,6114363.164444445,6114363.16444444
2009-04-17,112,11217,11328,5567550.198518518,5567550.19851852
2009-04-18,126,11329,11454,6263493.973333334,6263493.97333333
2009-04-19,119,11455,11573,5915522.0859259255,5915522.08592593
2009-04-20,119,11574,11692,5915522.0859259255,5915522.08592593
2009-04-21,123,11693,11815,6114363.164444445,6114363.16444444
2009-04-22,121,11816,11936,6014942.625185185,6014942.6251851795
2009-04-23,75,11937,12011,3728270.222222222,3728270.22222222
2009-04-24,115,12012,12126,5716681.007407407,5716681.00740741
2009-04-25,118,12127,12244,5865811.816296296,5865811.8162963
2009-04-26,112,12245,12356,5567550.198518518,5567550.19851852
2009-04-27,104,12357,12460,5169868.041481482,5169868.04148148
2009-04-28,117,12461,12577,5816101.546666667,5816101.546666671
2009-04-29,128,12578,12705,6362914.512592592,6362914.51259259
2009-04-30,131,12706,12836,6512045.321481481,6512045.32148148
2009-05-01,121,12837,12957,6014942.625185185,6014942.6251851795
2009-05-02,126,12958,13083,6263493.973333334,6263493.97333333
2009-05-03,106,13084,13189,5269288.5807407405,5269288.58074074
2009-05-04,128,13190,13317,6362914.512592592,6362914.51259259
2009-05-05,135,13318,13452,6710886.4,6710886.4
2009-05-06,135,13453,13587,6710886.4,6710886.4
2009-05-07,122,13588,13709,6064652.894814814,6064652.894814811
2009-05-08,107,13710,13816,5318998.850370371,5318998.850370371
2009-05-09,78,13817,13894,3877401.031111111,3877401.03111111
2009-05-10,85,13895,13979,4225372.918518518,4225372.91851852
2009-05-11,120,13980,14099,5965232.355555556,5965232.35555556
2009-05-12,130,14100,14229,6462335.051851852,6462335.05185185
2009-05-13,111,14230,14340,5517839.928888889,5517839.92888889
2009-05-14,139,14341,14479,6909727.478518519,6909727.47851852
2009-05-15,136,14480,14615,6760596.66962963,6760596.66962963
2009-05-16,119,14616,14734,5915522.0859259255,5915522.08592593
2009-05-17,127,14735,14861,6313204.242962963,6313204.24296296
2009-05-18,118,14862,14979,5865811.816296296,5865811.8162963
2009-05-19,86,14980,15065,4275083.188148148,4275083.18814815
2009-05-20,120,15066,15185,5965232.355555556,5965232.35555556
2009-05-21,82,15186,15267,4076242.1096296296,4076242.10962963
2009-05-22,61,15268,15328,3032326.447407407,3032326.44740741
2009-05-23,32,15329,15360,1590728.628148148,1590728.62814815
2009-05-24,100,15361,15460,4971026.962962963,4971026.96296296
2009-05-25,109,15461,15569,5418419.389629629,5418419.389629629
2009-05-26,125,15570,15694,6213783.703703703,6213783.703703701
2009-05-27,119,15695,15813,5915522.0859259255,5915522.08592593
2009-05-28,95,15814,15908,4722475.614814815,4722475.61481481
2009-05-29,106,15909,16014,5269288.5807407405,5269288.58074074
2009-05-30,109,16015,16123,5418419.389629629,5418419.389629629
2009-05-31,96,16124,16219,4772185.884444444,4772185.88444444
2009-06-01,71,16220,16290,3529429.143703704,3529429.1437037
2009-06-02,111,16291,16401,5517839.928888889,5517839.92888889
2009-06-03,71,16402,16472,3529429.143703704,3529429.1437037
2009-06-04,66,16473,16538,3280877.7955555557,3280877.79555556
2009-06-05,30,16539,16568,1491308.088888889,1491308.08888889
2009-06-06,28,16569,16596,1391887.5496296296,1391887.54962963
2009-06-07,16,16597,16612,795364.314074074,795364.3140740739
2009-06-08,82,16613,16694,4076242.1096296296,4076242.10962963
2009-06-09,91,16695,16785,4523634.536296296,4523634.5362963
2009-06-10,82,16786,16867,4076242.1096296296,4076242.10962963
2009-06-11,89,16868,16956,4424213.997037037,4424213.99703704
2009-06-12,86,16957,17042,4275083.188148148,4275083.18814815
2009-06-13,78,17043,17120,3877401.031111111,3877401.03111111
2009-06-14,72,17121,17192,3579139.4133333336,3579139.41333333
2009-06-15,84,17193,17276,4175662.648888889,4175662.6488888897
2009-06-16,71,17277,17347,3529429.143703704,3529429.1437037
2009-06-17,79,17348,17426,3927111.3007407407,3927111.30074074
2009-06-18,80,17427,17506,3976821.5703703705,3976821.57037037
2009-06-19,87,17507,17593,4324793.457777778,4324793.4577777805
2009-06-20,78,17594,17671,3877401.031111111,3877401.03111111
2009-06-21,81,17672,17752,4026531.84,4026531.84
2009-06-22,76,17753,17828,3777980.491851852,3777980.49185185
2009-06-23,76,17829,17904,3777980.491851852,3777980.49185185
2009-06-24,95,17905,17999,4722475.614814815,4722475.61481481
2009-06-25,68,18000,18067,3380298.334814815,3380298.3348148097
2009-06-26,90,18068,18157,4473924.266666667,4473924.26666667
2009-06-27,84,18158,18241,4175662.648888889,4175662.6488888897
2009-06-28,46,18242,18287,2286672.402962963,2286672.4029629603
2009-06-29,83,18288,18370,4125952.3792592594,4125952.37925926
2009-06-30,85,18371,18455,4225372.918518518,4225372.91851852
2009-07-01,74,18456,18529,3678559.9525925927,3678559.95259259
2009-07-02,83,18530,18612,4125952.3792592594,4125952.37925926
2009-07-03,82,18613,18694,4076242.1096296296,4076242.10962963
2009-07-04,89,18695,18783,4424213.997037037,4424213.99703704
2009-07-05,79,18784,18862,3927111.3007407407,3927111.30074074
2009-07-06,84,18863,18946,4175662.648888889,4175662.6488888897
2009-07-07,69,18947,19015,3430008.6044444446,3430008.60444444
2009-07-08,74,19016,19089,3678559.9525925927,3678559.95259259
2009-07-09,86,19090,19175,4275083.188148148,4275083.18814815
2009-07-10,81,19176,19256,4026531.84,4026531.84
2009-07-11,83,19257,19339,4125952.3792592594,4125952.37925926
2009-07-12,77,19340,19416,3827690.7614814816,3827690.76148148
2009-07-13,78,19417,19494,3877401.031111111,3877401.03111111
2009-07-14,69,19495,19563,3430008.6044444446,3430008.60444444
2009-07-15,45,19564,19608,2236962.1333333333,2236962.13333333
2009-07-16,71,19609,19679,3529429.143703704,3529429.1437037
2009-07-17,47,19680,19726,2336382.6725925924,2336382.67259259
2009-07-18,4,19727,19730,198841.0785185185,198841.07851851798
2009-07-19,70,19731,19800,3479718.874074074,3479718.8740740702
2009-07-20,70,19801,19870,3479718.874074074,3479718.8740740702
2009-07-21,82,19871,19952,4076242.1096296296,4076242.10962963
2009-07-22,60,19953,20012,2982616.177777778,2982616.17777778
2009-07-23,76,20013,20088,3777980.491851852,3777980.49185185
2009-07-24,73,20089,20161,3628849.682962963,3628849.68296296
2009-07-25,32,20162,20193,1590728.628148148,1590728.62814815
2009-07-26,21,20194,20214,1043915.6622222222,1043915.6622222201
2009-07-27,74,20215,20288,3678559.9525925927,3678559.95259259
2009-07-28,41,20289,20329,2038121.0548148148,2038121.0548148102
2009-07-29,19,20330,20348,944495.122962963,944495.122962963
2009-07-30,15,20349,20363,745654.0444444445,745654.044444444
2009-07-31,17,20364,20380,845074.5837037037,845074.5837037041
2009-08-01,28,20381,20408,1391887.5496296296,1391887.54962963
2009-08-02,23,20409,20431,1143336.2014814815,1143336.2014814802
2009-08-03,12,20432,20443,596523.2355555556,596523.235555555
2009-08-04,81,20444,20524,4026531.84,4026531.84
2009-08-05,87,20525,20611,4324793.457777778,4324793.4577777805
2009-08-06,90,20612,20701,4473924.266666667,4473924.26666667
2009-08-07,80,20702,20781,3976821.5703703705,3976821.57037037
2009-08-08,80,20782,20861,3976821.5703703705,3976821.57037037
2009-08-09,101,20862,20962,5020737.232592593,5020737.23259259
2009-08-10,75,20963,21037,3728270.222222222,3728270.22222222
2009-08-11,70,21038,21107,3479718.874074074,3479718.8740740702
2009-08-12,63,21108,21170,3131746.986666667,3131746.98666667
2009-08-13,85,21171,21255,4225372.918518518,4225372.91851852
2009-08-14,63,21256,21318,3131746.986666667,3131746.98666667
2009-08-15,26,21319,21344,1292467.0103703705,1292467.01037037
2009-08-16,19,21345,21363,944495.122962963,944495.122962963
2009-08-17,17,21364,21380,845074.5837037037,845074.5837037041
2009-08-18,10,21381,21390,497102.6962962963,497102.696296296
2009-08-19,18,21391,21408,894784.8533333334,894784.8533333329
2009-08-20,22,21409,21430,1093625.9318518518,1093625.93185185
2009-08-21,14,21431,21444,695943.7748148148,695943.774814815
2009-08-22,7,21445,21451,347971.8874074074,347971.887407407
2009-08-23,15,21452,21466,745654.0444444445,745654.044444444
2009-08-24,15,21467,21481,745654.0444444445,745654.044444444
2009-08-25,50,21482,21531,2485513.4814814813,2485513.48148148
2009-08-26,48,21532,21579,2386092.942222222,2386092.94222222
2009-08-27,29,21580,21608,1441597.8192592592,1441597.81925926
2009-08-28,75,21609,21683,3728270.222222222,3728270.22222222
2009-08-29,78,21684,21761,3877401.031111111,3877401.03111111
2009-08-30,97,21762,21858,4821896.154074074,4821896.15407407
2009-08-31,86,21859,21944,4275083.188148148,4275083.18814815
2009-09-01,78,21945,22022,3877401.031111111,3877401.03111111
2009-09-02,66,22023,22088,3280877.7955555557,3280877.79555556
2009-09-03,61,22089,22149,3032326.447407407,3032326.44740741
2009-09-04,64,22150,22213,3181457.256296296,3181457.2562963
2009-09-05,76,22214,22289,3777980.491851852,3777980.49185185
2009-09-06,68,22290,22357,3380298.334814815,3380298.3348148097
2009-09-07,78,22358,22435,3877401.031111111,3877401.03111111
2009-09-08,69,22436,22504,3430008.6044444446,3430008.60444444
2009-09-09,54,22505,22558,2684354.56,2684354.56
2009-09-10,67,22559,22625,3330588.065185185,3330588.0651851897
2009-09-11,67,22626,22692,3330588.065185185,3330588.0651851897
2009-09-12,69,22693,22761,3430008.6044444446,3430008.60444444
2009-09-13,75,22762,22836,3728270.222222222,3728270.22222222
2009-09-14,74,22837,22910,3678559.9525925927,3678559.95259259
2009-09-15,44,22911,22954,2187251.8637037035,2187251.8637037
2009-09-16,72,22955,23026,3579139.4133333336,3579139.41333333
2009-09-17,84,23027,23110,4175662.648888889,4175662.6488888897
2009-09-18,78,23111,23188,3877401.031111111,3877401.03111111
2009-09-19,74,23189,23262,3678559.9525925927,3678559.95259259
2009-09-20,78,23263,23340,3877401.031111111,3877401.03111111
2009-09-21,69,23341,23409,3430008.6044444446,3430008.60444444
2009-09-22,25,23410,23434,1242756.7407407407,1242756.74074074
2009-09-23,36,23435,23470,1789569.7066666668,1789569.70666667
2009-09-24,97,23471,23567,4821896.154074074,4821896.15407407
2009-09-25,91,23568,23658,4523634.536296296,4523634.5362963
2009-09-26,100,23659,23758,4971026.962962963,4971026.96296296
2009-09-27,87,23759,23845,4324793.457777778,4324793.4577777805
2009-09-28,85,23846,23930,4225372.918518518,4225372.91851852
2009-09-29,88,23931,24018,4374503.727407407,4374503.72740741
2009-09-30,85,24019,24103,4225372.918518518,4225372.91851852
2009-10-01,82,24104,24185,4076242.1096296296,4076242.10962963
2009-10-02,72,24186,24257,3579139.4133333336,3579139.41333333
2009-10-03,58,24258,24315,2883195.6385185183,2883195.63851852
2009-10-04,53,24316,24368,2634644.2903703703,2634644.29037037
2009-10-05,55,24369,24423,2734064.82962963,2734064.8296296303
2009-10-06,43,24424,24466,2137541.594074074,2137541.59407407
2009-10-07,60,24467,24526,2982616.177777778,2982616.17777778
2009-10-08,70,24527,24596,3479718.874074074,3479718.8740740702
2009-10-09,79,24597,24675,3927111.3007407407,3927111.30074074
2009-10-10,77,24676,24752,3827690.7614814816,3827690.76148148
2009-10-11,74,24753,24826,3678559.9525925927,3678559.95259259
2009-10-12,58,24827,24884,2883195.6385185183,2883195.63851852
2009-10-13,57,24885,24941,2833485.368888889,2833485.36888889
2009-10-14,69,24942,25010,3430008.6044444446,3430008.60444444
2009-10-15,71,25011,25081,3529429.143703704,3529429.1437037
2009-10-16,60,25082,25141,2982616.177777778,2982616.17777778
2009-10-17,57,25142,25198,2833485.368888889,2833485.36888889
2009-10-18,74,25199,25272,3678559.9525925927,3678559.95259259
2009-10-19,112,25273,25384,5567550.198518518,5567550.19851852
2009-10-20,95,25385,25479,4722475.614814815,4722475.61481481
2009-10-21,80,25480,25559,3976821.5703703705,3976821.57037037
2009-10-22,90,25560,25649,4473924.266666667,4473924.26666667
2009-10-23,89,25650,25738,4424213.997037037,4424213.99703704
2009-10-24,62,25739,25800,3082036.717037037,3082036.71703704
2009-10-25,76,25801,25876,3777980.491851852,3777980.49185185
2009-10-26,71,25877,25947,3529429.143703704,3529429.1437037
2009-10-27,64,25948,26011,3181457.256296296,3181457.2562963
2009-10-28,66,26012,26077,3280877.7955555557,3280877.79555556
2009-10-29,46,26078,26123,2286672.402962963,2286672.4029629603
2009-10-30,60,26124,26183,2982616.177777778,2982616.17777778
2009-10-31,46,26184,26229,2286672.402962963,2286672.4029629603
2009-11-01,25,26230,26254,1242756.7407407407,1242756.74074074
2009-11-02,33,26255,26287,1640438.8977777779,1640438.89777778
2009-11-03,62,26288,26349,3082036.717037037,3082036.71703704
2009-11-04,63,26350,26412,3131746.986666667,3131746.98666667
2009-11-05,57,26413,26469,2833485.368888889,2833485.36888889
2009-11-06,62,26470,26531,3082036.717037037,3082036.71703704
2009-11-07,69,26532,26600,3430008.6044444446,3430008.60444444
2009-11-08,73,26601,26673,3628849.682962963,3628849.68296296
2009-11-09,64,26674,26737,3181457.256296296,3181457.2562963
2009-11-10,78,26738,26815,3877401.031111111,3877401.03111111
2009-11-11,64,26816,26879,3181457.256296296,3181457.2562963
2009-11-12,66,26880,26945,3280877.7955555557,3280877.79555556
2009-11-13,80,26946,27025,3976821.5703703705,3976821.57037037
2009-11-14,79,27026,27104,3927111.3007407407,3927111.30074074
2009-11-15,96,27105,27200,4772185.884444444,4772185.88444444
2009-11-16,97,27201,27297,4821896.154074074,4821896.15407407
2009-11-17,92,27298,27389,4573344.805925926,4573344.80592593
2009-11-18,79,27390,27468,3927111.3007407407,3927111.30074074
2009-11-19,70,27469,27538,3479718.874074074,3479718.8740740702
2009-11-20,86,27539,27624,4275083.188148148,4275083.18814815
2009-11-21,73,27625,27697,3628849.682962963,3628849.68296296
2009-11-22,106,27698,27803,5269288.5807407405,5269288.58074074
2009-11-23,96,27804,27899,4772185.884444444,4772185.88444444
2009-11-24,93,27900,27992,4623055.0755555555,4623055.07555556
2009-11-25,90,27993,28082,4473924.266666667,4473924.26666667
2009-11-26,84,28083,28166,4175662.648888889,4175662.6488888897
2009-11-27,74,28167,28240,3678559.9525925927,3678559.95259259
2009-11-28,71,28241,28311,3529429.143703704,3529429.1437037
2009-11-29,60,28312,28371,2982616.177777778,2982616.17777778
2009-11-30,75,28372,28446,3728270.222222222,3728270.22222222
2009-12-01,73,28447,28519,3628849.682962963,3628849.68296296
2009-12-02,94,28520,28613,4672765.345185185,4672765.3451851895
2009-12-03,88,28614,28701,4374503.727407407,4374503.72740741
2009-12-04,36,28702,28737,1789569.7066666668,1789569.70666667
2009-12-05,64,28738,28801,3181457.256296296,3181457.2562963
2009-12-06,103,28802,28904,5120157.771851852,5120157.77185185
2009-12-07,112,28905,29016,5567550.198518518,5567550.19851852
2009-12-08,105,29017,29121,5219578.311111111,5219578.31111111
2009-12-09,96,29122,29217,4772185.884444444,4772185.88444444
2009-12-10,104,29218,29321,5169868.041481482,5169868.04148148
2009-12-11,112,29322,29433,5567550.198518518,5567550.19851852
2009-12-12,110,29434,29543,5468129.65925926,5468129.659259261
2009-12-13,114,29544,29657,5666970.737777778,5666970.73777778
2009-12-14,102,29658,29759,5070447.502222222,5070447.50222222
2009-12-15,110,29760,29869,5468129.65925926,5468129.659259261
2009-12-16,136,29870,30005,6760596.66962963,6760596.66962963
2009-12-17,169,30006,30174,8401035.567407407,8401035.56740741
2009-12-18,225,30175,30399,11184810.666666666,11184810.6666667
2009-12-19,198,30400,30597,9842633.386666667,9842633.386666669
2009-12-20,175,30598,30772,8699297.185185185,8699297.185185181
2009-12-21,175,30773,30947,8699297.185185185,8699297.185185181
2009-12-22,162,30948,31109,8053063.68,8053063.68
2009-12-23,154,31110,31263,7655381.522962963,7655381.52296296
2009-12-24,154,31264,31417,7655381.522962963,7655381.52296296
2009-12-25,149,31418,31566,7406830.174814815,7406830.174814819
2009-12-26,174,31567,31740,8649586.915555555,8649586.91555555
2009-12-27,167,31741,31907,8301615.028148148,8301615.028148149
2009-12-28,137,31908,32044,6810306.939259259,6810306.93925926
2009-12-29,171,32045,32215,8500456.106666667,8500456.10666667
2009-12-30,141,32216,32356,7927438.519526091,7927438.51952609
2009-12-31,138,32357,32494,8114711.161772728,8114711.161772729
2010-01-01,132,32495,32626,7761897.633000001,7761897.632999999
2010-01-02,126,32627,32752,7409084.104227274,7409084.10422728
2010-01-03,186,32753,32938,10937219.391954545,10937219.391954498
2010-01-04,181,32939,33119,10643208.117977273,10643208.1179773
2010-01-05,198,33120,33317,11642846.449499998,11642846.4495
2010-01-06,163,33318,33480,9584767.53165909,9584767.531659089
2010-01-07,154,33481,33634,9055547.2385,9055547.2385
2010-01-08,153,33635,33787,8996744.983704546,8996744.98370455
2010-01-09,151,33788,33938,8879140.474113638,8879140.47411364
2010-01-10,190,33939,34128,11172428.411136363,11172428.4111364
2010-01-11,159,34129,34287,9446722.282867333,9446722.28286733
2010-01-12,159,34288,34446,10315123.480728555,10315123.4807286
2010-01-13,164,34447,34610,10639498.43295272,10639498.4329527
2010-01-14,143,34611,34753,9277123.633611223,9277123.63361122
2010-01-15,141,34754,34894,9147373.652721556,9147373.652721561
2010-01-16,125,34895,35019,8109373.805604224,8109373.805604231
2010-01-17,131,35020,35150,8498623.748273224,8498623.748273231
2010-01-18,125,35151,35275,8109373.805604224,8109373.805604231
2010-01-19,124,35276,35399,8044498.815159391,8044498.815159391
2010-01-20,158,35400,35557,10250248.490283722,10250248.4902837
2010-01-21,175,35558,35732,11353123.327845886,11353123.327845901
2010-01-22,133,35733,35865,8628373.72916289,8628373.72916289
2010-01-23,160,35866,36025,10379998.471173389,10379998.4711734
2010-01-24,154,36026,36179,9990748.528504388,9990748.52850439
2010-01-25,211,36180,36390,13889142.899252666,13889142.8992527
2010-01-26,195,36391,36585,13030248.219282195,13030248.2192822
2010-01-27,164,36586,36749,10958772.861345023,10958772.861344999
2010-01-28,177,36750,36926,11827456.075963834,11827456.075963799
2010-01-29,197,36927,37123,13163891.790762015,13163891.790762
2010-01-30,210,37124,37333,14032575.005380845,14032575.0053808
2010-01-31,165,37334,37498,11025594.64708493,11025594.6470849
2010-02-01,184,37499,37682,12295208.576143194,12295208.5761432
2010-02-02,145,37683,37827,9689158.93228676,9689158.93228676
2010-02-03,270,37828,38097,18041882.149775445,18041882.1497754
2010-02-04,229,38098,38326,15844614.571567563,15844614.571567599
2010-02-05,223,38327,38549,20160428.527810343,20160428.527810298
2010-02-06,192,38550,38741,17357857.745917425,17357857.745917402
2010-02-07,217,38742,38958,19617995.473250423,19617995.4732504
2010-02-08,200,38959,39158,18081101.818663985,18081101.818664
2010-02-09,207,39159,39365,18713940.382317223,18713940.3823172
2010-02-10,168,39366,39533,15188125.527677745,15188125.5276777
2010-02-11,169,39534,39702,15278531.036771065,15278531.0367711
2010-02-12,183,39703,39885,16544208.164077545,16544208.1640775
2010-02-13,232,39886,40117,20974078.10965022,20974078.1096502
2010-02-14,208,40118,40325,19015840.126196817,19015840.1261968
2010-02-15,176,40326,40501,22115200.487488378,22115200.4874884
2010-02-16,195,40502,40696,24502636.90375133,24502636.9037513
2010-02-17,239,40697,40935,30031437.02562332,30031437.0256233
2010-02-18,208,40936,41143,26136146.03066807,26136146.0306681
2010-02-19,192,41144,41335,24125673.25907823,24125673.2590782
2010-02-20,208,41336,41543,26136146.03066807,26136146.0306681
2010-02-21,223,41544,41766,28020964.254033513,28020964.2540335
2010-02-22,260,41767,42026,32670182.538334943,32670182.538334902
2010-02-23,250,42027,42276,31413637.056091316,31413637.0560913
2010-02-24,171,42277,42447,28465523.640532356,28465523.6405324
2010-02-25,154,42448,42601,28946369.78103029,28946369.7810303
2010-02-26,172,42602,42773,32329711.70348838,32329711.703488402
2010-02-27,172,42774,42945,32329711.70348838,32329711.703488402
2010-02-28,156,42946,43101,29322296.661303412,29322296.6613034
2010-03-01,195,43102,43296,36652870.82662927,36652870.8266293
2010-03-02,188,43297,43484,35337126.74567335,35337126.7456733
2010-03-03,152,43485,43636,28570442.90075717,28570442.9007572
2010-03-04,185,43637,43821,34773236.425263666,34773236.425263695
2010-03-05,171,43822,43992,32141748.26335182,32141748.2633518
2010-03-06,177,43993,44169,33269528.904171184,33269528.904171202
2010-03-07,179,44170,44348,33645455.7844443,33645455.7844443
2010-03-08,125,44349,44473,28043328.372618537,28043328.3726185
2010-03-09,146,44474,44619,32885229.14444667,32885229.144446697
2010-03-10,162,44620,44781,36489089.87260522,36489089.872605205
2010-03-11,133,44782,44914,29957092.30281785,29957092.3028179
2010-03-12,121,44915,45035,27254196.756698944,27254196.7566989
2010-03-13,153,45036,45188,34461918.21301603,34461918.213015996
2010-03-14,125,45189,45313,28155161.938738577,28155161.9387386
2010-03-15,135,45314,45448,30407574.89383767,30407574.8938377
2010-03-16,126,45449,45574,28380403.23424849,28380403.2342485
2010-03-17,136,45575,45710,30632816.18934758,30632816.189347602
2010-03-18,140,45711,45850,31533781.371387217,31533781.371387202
2010-03-19,153,45851,46003,34461918.21301603,34461918.213015996
2010-03-20,192,46004,46195,43246328.73790249,43246328.7379025
2010-03-21,183,46196,46378,41237793.09864078,41237793.0986408
2010-03-22,179,46379,46557,40621450.772511326,40621450.7725113
2010-03-23,207,46558,46764,46975644.18944051,46975644.1894405
2010-03-24,171,46765,46935,38805966.939102985,38805966.939103
2010-03-25,187,46936,47122,42436934.60591967,42436934.6059197
2010-03-26,197,47123,47319,44706289.39768009,44706289.3976801
2010-03-27,178,47320,47497,40394515.29333528,40394515.293335296
2010-03-28,186,47498,47683,42209999.12674362,42209999.1267436
2010-03-29,195,47684,47878,44252418.439328,44252418.439328
2010-03-30,215,47879,48093,48791128.02284885,48791128.0228488
2010-03-31,209,48094,48302,47429515.14779259,47429515.1477926
2010-04-01,168,48303,48470,44700204.52378942,44700204.5237894
2010-04-02,156,48471,48626,47191668.86026086,47191668.860260904
2010-04-03,161,48627,48787,48704222.34937179,48704222.3493718
2010-04-04,171,48788,48958,51729329.327593654,51729329.3275937
2010-04-05,153,48959,49111,46284136.7667943,46284136.7667943
2010-04-06,159,49112,49270,48099200.95372742,48099200.9537274
2010-04-07,193,49271,49463,58384564.679681756,58384564.6796818
2010-04-08,183,49464,49646,55359457.70145989,55359457.7014599
2010-04-09,189,49647,49835,57174521.888393015,57174521.888393
2010-04-10,260,49836,50095,78652781.43376826,78652781.4337682
2010-04-11,223,50096,50318,67459885.61434735,67459885.61434741
2010-04-12,203,50319,50521,71927720.99620424,71927720.9962042
2010-04-13,189,50522,50710,73468877.01084258,73468877.0108426
2010-04-14,180,50711,50890,69970359.05794534,69970359.05794531
2010-04-15,216,50891,51106,83964430.86953428,83964430.8695343
2010-04-16,202,51107,51308,78522291.83169414,78522291.8316941
2010-04-17,221,51309,51529,85908051.9544772,85908051.95447719
2010-04-18,245,51530,51774,95237433.16220316,95237433.16220321
2010-04-19,232,51775,52006,90184018.3413516,90184018.34135161
2010-04-20,205,52007,52211,79688464.48265989,79688464.48265989
2010-04-21,219,52212,52430,87848153.71284132,87848153.7128413
2010-04-22,159,52431,52589,90613182.54000191,90613182.5400019
2010-04-23,150,52590,52739,85484134.47169991,85484134.4716999
2010-04-24,168,52740,52907,95742230.60830392,95742230.6083039
2010-04-25,158,52908,53065,90043288.31019057,90043288.3101906
2010-04-26,164,53066,53229,93462653.68905857,93462653.6890586
2010-04-27,180,53230,53409,102580961.3660399,102580961.36603999
2010-04-28,180,53410,53589,102580961.3660399,102580961.36603999
2010-04-29,147,53590,53736,83774451.7822659,83774451.7822659
2010-04-30,144,53737,53880,82064769.09283191,82064769.09283191
2010-05-01,183,53881,54063,104290644.05547391,104290644.055474
2010-05-02,155,54064,54218,88333605.62075658,88333605.6207566
2010-05-03,159,54219,54377,90613182.54000191,90613182.5400019
2010-05-04,136,54378,54513,83150669.8313147,83150669.8313147
2010-05-05,137,54514,54650,87506881.15543756,87506881.1554375
2010-05-06,149,54651,54799,95171717.46102336,95171717.4610234
2010-05-07,132,54800,54931,84313199.36144347,84313199.36144349
2010-05-08,154,54932,55085,98365399.25501744,98365399.2550174
2010-05-09,143,55086,55228,91339299.30823046,91339299.3082304
2010-05-10,128,55229,55356,81758253.92624821,81758253.92624821
2010-05-11,111,55357,55467,70899735.82666832,70899735.8266683
2010-05-12,127,55468,55594,81119517.56744939,81119517.56744939
2010-05-13,128,55595,55722,81758253.92624821,81758253.92624821
2010-05-14,123,55723,55845,78564572.13225412,78564572.13225411
2010-05-15,91,55846,55936,58125008.65069199,58125008.650692
2010-05-16,113,55937,56049,72177208.54426596,72177208.54426591
2010-05-17,143,56050,56192,91339299.30823046,91339299.3082304
2010-05-18,168,56193,56360,107307708.27820079,107307708.278201
2010-05-19,164,56361,56524,100913761.26252349,100913761.26252301
2010-05-20,203,56525,56727,119542476.66943373,119542476.669434
2010-05-21,176,56728,56903,103642738.39320387,103642738.393204
2010-05-22,195,56904,57098,114831443.10610637,114831443.106106
2010-05-23,211,57099,57309,124253510.2327611,124253510.232761
2010-05-24,188,57310,57497,110709288.73819491,110709288.738195
2010-05-25,210,57498,57707,123664631.03734517,123664631.03734499
2010-05-26,223,57708,57930,131320060.57775214,131320060.577752
2010-05-27,192,57931,58122,113064805.5198586,113064805.519859
2010-05-28,223,58123,58345,131320060.57775214,131320060.577752
2010-05-29,184,58346,58529,124012911.51863758,124012911.518638
2010-05-30,149,58530,58678,123094693.97688067,123094693.976881
2010-05-31,142,58679,58820,117311721.7766246,117311721.776625
2010-06-01,135,58821,58955,111528749.57636853,111528749.576369
2010-06-02,147,58956,59102,121442416.20537893,121442416.20537901
2010-06-03,152,59103,59254,125573110.63413328,125573110.63413301
2010-06-04,125,59255,59379,103267360.71885984,103267360.71886
2010-06-05,145,59380,59524,119790138.4338772,119790138.43387699
2010-06-06,148,59525,59672,122268555.09112981,122268555.09112999
2010-06-07,157,59673,59829,129703805.06288762,129703805.062888
2010-06-08,160,59830,59989,132182221.72014022,132182221.72014
2010-06-09,168,59990,60157,138791332.80614716,138791332.80614698
2010-06-10,160,60158,60317,132182221.72014022,132182221.72014
2010-06-11,168,60318,60485,139018730.26907414,139018730.269074
2010-06-12,135,60486,60620,116645192.4922238,116645192.49222401
2010-06-13,172,60621,60792,148614615.61972228,148614615.619722
2010-06-14,161,60793,60953,139110192.52776328,139110192.527763
2010-06-15,184,60954,61137,158983077.17458662,158983077.174587
2010-06-16,142,61138,61279,122693461.73256135,122693461.732561
2010-06-17,146,61280,61425,126149615.58418281,126149615.58418301
2010-06-18,150,61426,61575,129605769.43580426,129605769.435804
2010-06-19,150,61576,61725,129605769.43580426,129605769.435804
2010-06-20,185,61726,61910,159847115.637492,159847115.637492
2010-06-21,154,61911,62064,133061923.28742571,133061923.287426
2010-06-22,156,62065,62220,134790000.21323645,134790000.213236
2010-06-23,187,62221,62407,161575192.56330273,161575192.563303
2010-06-24,169,62408,62576,154169415.0006171,154169415.000617
2010-06-25,150,62577,62726,144692648.63878834,144692648.638788
2010-06-26,159,62727,62885,153374207.55711555,153374207.557116
2010-06-27,178,62886,63063,171701943.05136195,171701943.051362
2010-06-28,152,63064,63215,146621883.95397216,146621883.95397198
2010-06-29,169,63216,63384,163020384.1330347,163020384.133035
2010-06-30,182,63385,63566,175560413.6817296,175560413.68173
2010-07-01,211,63567,63777,203534325.75189513,203534325.751895
2010-07-02,167,63778,63944,161091148.8178509,161091148.817851
2010-07-03,212,63945,64156,204498943.40948704,204498943.409487
2010-07-04,166,64157,64322,160126531.16025898,160126531.160259
2010-07-05,179,64323,64501,172666560.70895386,172666560.70895398
2010-07-06,169,64502,64670,195398536.05246016,195398536.05245999
2010-07-07,156,64671,64826,182247597.97698367,182247597.976984
2010-07-08,151,64827,64977,176406328.81105474,176406328.811055
2010-07-09,199,64978,65176,232482512.80397302,232482512.80397302
2010-07-10,198,65177,65374,231314258.97078723,231314258.970787
2010-07-11,179,65375,65553,209117436.14025685,209117436.140257
2010-07-12,659,65554,66212,769879276.0694312,769879276.069431
2010-07-13,692,66213,66904,1218565290.1107364,1218565290.11074
2010-07-14,578,66905,67482,1304049767.3099856,1304049767.30999
2010-07-15,624,67483,68106,1407832274.742961,1407832274.74296
2010-07-16,505,68107,68611,1599604299.3473594,1599604299.34736
2010-07-17,173,68612,68784,1561249894.4264677,1561249894.42647
2010-07-18,172,68785,68956,1552225328.562731,1552225328.5627298
2010-07-19,174,68957,69130,1570274460.2902045,1570274460.2902
2010-07-20,181,69131,69311,1633446421.3363621,1633446421.3363602
2010-07-21,207,69312,69518,1868085133.7935236,1868085133.79352
2010-07-22,176,69519,69694,1588323592.017678,1588323592.0176802
2010-07-23,194,69695,69888,1750765777.5649428,1750765777.56494
2010-07-24,189,69889,70077,1705642948.246258,1705642948.24626
2010-07-25,231,70078,70308,2084674714.523211,2084674714.52321
2010-07-26,243,70309,70551,2192969504.888055,2192969504.88805
2010-07-27,166,70552,70717,1990301543.3026652,1990301543.3026602
2010-07-28,159,70718,70876,1930244921.5598137,1930244921.55981
2010-07-29,180,70877,71056,2185182930.0677133,2185182930.06771
2010-07-30,182,71057,71238,2209462740.4017987,2209462740.4017997
2010-07-31,203,71239,71441,2464400748.909698,2464400748.9096904
2010-08-01,239,71442,71680,2901437334.9232397,2901437334.92324
2010-08-02,242,71681,71922,2937857050.424368,2937857050.42437
2010-08-03,227,71923,72149,2755758472.918726,2755758472.91872
2010-08-04,243,72150,72392,2949996955.591411,2949996955.59141
2010-08-05,218,72393,72610,2834313648.5241976,2834313648.5242
2010-08-06,147,72611,72757,2573386212.4124804,2573386212.41248
2010-08-07,155,72758,72912,2713434441.659419,2713434441.65942
2010-08-08,199,72913,73111,3483699702.517582,3483699702.51758
2010-08-09,190,73112,73301,3326145444.6147757,3326145444.61478
2010-08-10,191,73302,73492,3343651473.270643,3343651473.27064
2010-08-11,233,73493,73725,4078904676.817071,4078904676.81707
2010-08-12,217,73726,73942,3798808218.3231936,3798808218.32319
2010-08-13,215,73943,74157,3763796161.011459,3763796161.01146
2010-08-14,281,74158,74438,4919194052.298703,4919194052.2987
2010-08-15,207,74439,74645,4052204004.7167077,4052204004.71671
2010-08-16,147,74646,74792,3739738855.44902,3739738855.44902
2010-08-17,129,74793,74921,3281811648.659345,3281811648.65935
2010-08-18,133,74922,75054,3383573250.168162,3383573250.16816
2010-08-19,135,75055,75189,3434454050.92257,3434454050.9225698
2010-08-20,193,75190,75382,4909997272.80041,4909997272.80041
2010-08-21,173,75383,75555,4401189265.256328,4401189265.25633
2010-08-22,212,75556,75767,5393364879.967289,5393364879.96729
2010-08-23,213,75768,75980,5418805280.344493,5418805280.34449
2010-08-24,215,75981,76195,5469686081.098901,5469686081.0989
2010-08-25,216,76196,76411,5495126481.476106,5495126481.4761
2010-08-26,210,76412,76621,5420160747.95354,5420160747.95354
2010-08-27,171,76622,76792,5299073489.834213,5299073489.83421
2010-08-28,170,76793,76962,5268084755.9755335,5268084755.97553
2010-08-29,162,76963,77124,5020174885.106095,5020174885.10609
2010-08-30,149,77125,77273,4617321344.943257,4617321344.94326
2010-08-31,184,77274,77457,5701927029.997051,5701927029.99705
2010-09-01,157,77458,77614,4865231215.812696,4865231215.8127
2010-09-02,156,77615,77770,4834242481.954016,4834242481.95401
2010-09-03,164,77771,77934,5082152352.823455,5082152352.82345
2010-09-04,181,77935,78115,5608960828.421012,5608960828.42101
2010-09-05,165,78116,78280,5113141086.682135,5113141086.68213
2010-09-06,158,78281,78438,4896219949.671376,4896219949.67138
2010-09-07,160,78439,78598,4958197417.388736,4958197417.38873
2010-09-08,165,78599,78763,5735996182.914317,5735996182.91432
2010-09-09,135,78764,78898,4784089342.288504,4784089342.2885
2010-09-10,177,78899,79075,6272472693.222696,6272472693.2227
2010-09-11,160,79076,79235,5670031813.082665,5670031813.082669
2010-09-12,177,79236,79412,6272472693.222696,6272472693.2227
2010-09-13,171,79413,79583,6059846500.232097,6059846500.2321005
2010-09-14,203,79584,79786,7193852862.848625,7193852862.84863
2010-09-15,169,79787,79955,5988971102.568564,5988971102.56856
2010-09-16,219,79956,80174,7760856044.15689,7760856044.15689
2010-09-17,208,80175,80382,7371041357.007458,7371041357.00746
2010-09-18,237,80383,80619,8398734623.128686,8398734623.128691
2010-09-19,209,80620,80828,9331994951.658432,9331994951.65843
2010-09-20,203,80829,81031,9261999565.76555,9261999565.76555
2010-09-21,172,81032,81203,7847605543.40728,7847605543.40728
2010-09-22,174,81204,81377,7938856770.6562,7938856770.656199
2010-09-23,234,81378,81611,10676393588.123823,10676393588.1238
2010-09-24,228,81612,81839,10402639906.37706,10402639906.3771
2010-09-25,207,81840,82046,9444502020.263393,9444502020.26339
2010-09-26,205,82047,82251,9353250793.014471,9353250793.014471
2010-09-27,229,82252,82480,10448265520.00152,10448265520.001501
2010-09-28,212,82481,82692,10409885802.869802,10409885802.8698
2010-09-29,164,82693,82856,10750436774.287004,10750436774.286999
2010-09-30,146,82857,83002,9570510786.86526,9570510786.865252
2010-10-01,154,83003,83156,10094922336.830479,10094922336.8305
2010-10-02,100,83157,83256,6555144374.565245,6555144374.56523
2010-10-03,122,83257,83378,7997276136.9696,7997276136.969589
2010-10-04,153,83379,83531,10029370893.084826,10029370893.0848
2010-10-05,126,83532,83657,8259481911.952209,8259481911.9522
2010-10-06,171,83658,83828,11209296880.50657,11209296880.506601
2010-10-07,160,83829,83988,10488230999.304394,10488230999.304401
2010-10-08,154,83989,84142,10094922336.830479,10094922336.8305
2010-10-09,158,84143,84300,10357128111.81309,10357128111.8131
2010-10-10,178,84301,84478,11668156986.72614,11668156986.7261
2010-10-11,159,84479,84637,10422679555.55874,10422679555.5587
2010-10-12,155,84638,84792,10517509435.94094,10517509435.940899
2010-10-13,176,84793,84968,12056378688.856379,12056378688.8564
2010-10-14,205,84969,85173,14042941086.45204,14042941086.452
2010-10-15,177,85174,85350,12124880840.497608,12124880840.4976
2010-10-16,258,85351,85608,17673555123.437218,17673555123.4372
2010-10-17,270,85609,85878,18495580943.131973,18495580943.132
2010-10-18,249,85879,86127,17057035758.66615,17057035758.6661
2010-10-19,256,86128,86383,17536550820.15476,17536550820.1548
2010-10-20,264,86384,86647,18084568033.284595,18084568033.2846
2010-10-21,186,86648,86833,18337040329.349003,18337040329.349
2010-10-22,154,86834,86987,16451581894.587498,16451581894.587502
2010-10-23,175,86988,87162,18694979425.66761,18694979425.6676
2010-10-24,205,87163,87367,21899833041.49634,21899833041.4963
2010-10-25,203,87368,87570,21686176133.774426,21686176133.7744
2010-10-26,241,87571,87811,25745657380.49082,25745657380.4908
2010-10-27,213,87812,88024,22754460672.384007,22754460672.384
2010-10-28,219,88025,88243,23395431395.54975,23395431395.5498
2010-10-29,223,88244,88466,23822745210.993584,23822745210.9936
2010-10-30,252,88467,88718,27623709681.740654,27623709681.7406
2010-10-31,179,88719,88897,27510702325.877598,27510702325.8776
2010-11-01,177,88898,89074,27203320176.98511,27203320176.9851
2010-11-02,176,89075,89250,27049629102.538864,27049629102.5389
2010-11-03,190,89251,89440,29201304144.786285,29201304144.786297
2010-11-04,201,89441,89641,30891905963.69497,30891905963.695
2010-11-05,219,89642,89860,33658345303.727367,33658345303.727398
2010-11-06,218,89861,90078,33504654229.281124,33504654229.2811
2010-11-07,241,90079,90319,37039548941.54474,37039548941.5447
2010-11-08,275,90320,90594,42265045472.71704,42265045472.716995
2010-11-09,217,90595,90811,39957694043.96291,39957694043.9629
2010-11-10,203,90812,91014,45777183444.0332,45777183444.033195
2010-11-11,219,91015,91233,49385237311.543205,49385237311.5432
2010-11-12,169,91234,91402,38110068975.574455,38110068975.5745
2010-11-13,223,91403,91625,50287250778.42071,50287250778.4207
2010-11-14,256,91626,91881,57728861880.16008,57728861880.160095
2010-11-15,200,91882,92081,45100673343.875084,45100673343.8751
2010-11-16,197,92082,92278,44424163243.71696,44424163243.717
2010-11-17,247,92279,92525,55699331579.68571,55699331579.6857
2010-11-18,257,92526,92782,63399410028.978035,63399410028.978004
2010-11-19,150,92783,92932,51203307503.96615,51203307503.9661
2010-11-20,116,92933,93048,39597224469.73382,39597224469.7338
2010-11-21,140,93049,93188,47789753670.3684,47789753670.3684
2010-11-22,163,93189,93351,55640927487.64315,55640927487.6431
2010-11-23,140,93352,93491,47789753670.3684,47789753670.3684
2010-11-24,177,93492,93668,60419902854.67991,60419902854.6799
2010-11-25,181,93669,93849,61785324388.11898,61785324388.118996
2010-11-26,194,93850,94043,66222944371.795975,66222944371.796005
2010-11-27,180,94044,94223,61443969004.75922,61443969004.7592
2010-11-28,172,94224,94395,58713125937.881065,58713125937.881096
2010-11-29,209,94396,94604,71343275122.1925,71343275122.1925
2010-11-30,202,94605,94806,72265550895.46092,72265550895.46089
2010-12-01,188,94807,94994,75495021705.74356,75495021705.74359
2010-12-02,188,94995,95182,75495021705.74356,75495021705.74359
2010-12-03,189,95183,95371,75896590970.13582,75896590970.1358
2010-12-04,229,95372,95600,91959361545.8261,91959361545.8261
2010-12-05,239,95601,95839,95975054189.74867,95975054189.74869
2010-12-06,241,95840,96080,96778192718.53319,96778192718.5332
2010-12-07,239,96081,96319,95975054189.74867,95975054189.74869
2010-12-08,238,96320,96557,95573484925.35641,95573484925.3564
2010-12-09,223,96558,96780,92247198273.04803,92247198273.048
2010-12-10,147,96781,96927,89530381103.78482,89530381103.7848
2010-12-11,175,96928,97102,106583787028.3152,106583787028.315
2010-12-12,171,97103,97273,104147586181.95372,104147586181.954
2010-12-13,141,97274,97414,85876079834.2426,85876079834.2426
2010-12-14,171,97415,97585,104147586181.95372,104147586181.954
2010-12-15,196,97586,97781,119373841471.71298,119373841471.713
2010-12-16,173,97782,97954,105365686605.13446,105365686605.134
2010-12-17,166,97955,98120,101102335124.00186,101102335124.002
2010-12-18,161,98121,98281,98057084066.05002,98057084066.05
2010-12-19,184,98282,98465,112065238932.62854,112065238932.629
2010-12-20,159,98466,98624,96838983642.86928,96838983642.86931
2010-12-21,196,98625,98820,123479413447.29584,123479413447.296
2010-12-22,157,98821,98977,113041823764.72789,113041823764.728
2010-12-23,145,98978,99122,104401684368.69762,104401684368.698
2010-12-24,148,99123,99270,106561719217.70518,106561719217.705
2010-12-25,168,99271,99438,120961951544.42232,120961951544.42201
2010-12-26,145,99439,99583,104401684368.69762,104401684368.698
2010-12-27,166,99584,99749,119521928311.7506,119521928311.751
2010-12-28,169,99750,99918,121681963160.75818,121681963160.758
2010-12-29,165,99919,100083,118801916695.41475,118801916695.415
2010-12-30,169,100084,100252,121681963160.75818,121681963160.758
2010-12-31,162,100253,100414,116641881846.40718,116641881846.407
2011-01-01,181,100415,100595,130322102556.78845,130322102556.788
2011-01-02,175,100596,100770,126002032858.77332,126002032858.77301
2011-01-03,156,100771,100926,123832415934.61208,123832415934.612
2011-01-04,141,100927,101067,114301127146.32306,114301127146.323
2011-01-05,154,101068,101221,124839528939.95567,124839528939.956
2011-01-06,141,101222,101362,114301127146.32306,114301127146.323
2011-01-07,164,101363,101526,132945991858.13461,132945991858.135
2011-01-08,170,101527,101696,137809869609.04196,137809869609.04202
2011-01-09,163,101697,101859,132135345566.31671,132135345566.317
2011-01-10,162,101860,102021,131324699274.49883,131324699274.499
2011-01-11,172,102022,102193,139431162192.67776,139431162192.678
2011-01-12,167,102194,102360,135377930733.58829,135377930733.588
2011-01-13,188,102361,102548,152401502861.76404,152401502861.76398
2011-01-14,181,102549,102729,146726978819.0388,146726978819.039
2011-01-15,157,102730,102886,134789940555.29576,134789940555.296
2011-01-16,174,102887,103060,159478007688.1478,159478007688.14798
2011-01-17,181,103061,103241,165893789606.6365,165893789606.637
2011-01-18,141,103242,103382,129232178643.84392,129232178643.84401
2011-01-19,169,103383,103551,154895306317.79874,154895306317.79898
2011-01-20,186,103552,103737,170476490976.98557,170476490976.986
2011-01-21,174,103738,103911,159478007688.1478,159478007688.14798
2011-01-22,165,103912,104076,151229145221.51947,151229145221.519
2011-01-23,170,104077,104246,155811846591.86853,155811846591.869
2011-01-24,188,104247,104434,172309571525.1252,172309571525.125
2011-01-25,156,104435,104590,142980282754.89114,142980282754.891
2011-01-26,180,104591,104770,164977249332.56668,164977249332.567
2011-01-27,160,104771,104930,164238856456.94666,164238856456.947
2011-01-28,158,104931,105088,172890143017.30017,172890143017.3
2011-01-29,161,105089,105249,176172867251.80588,176172867251.806
2011-01-30,156,105250,105405,170701660194.2964,170701660194.296
2011-01-31,170,105406,105575,186021039955.32297,186021039955.323
2011-02-01,164,105576,105739,179455591486.31158,179455591486.31198
2011-02-02,158,105740,105897,172890143017.30017,172890143017.3
2011-02-03,160,105898,106057,175078625840.304,175078625840.30402
2011-02-04,194,106058,106251,212282833831.36853,212282833831.36902
2011-02-05,179,106252,106430,195869212658.84006,195869212658.84
2011-02-06,177,106431,106607,193680729835.83624,193680729835.836
2011-02-07,203,106608,106810,222131006534.8856,222131006534.886
2011-02-08,168,106811,106978,209786304584.44315,209786304584.443
2011-02-09,192,106979,107170,248133431243.53867,248133431243.539
2011-02-10,186,107171,107356,240379261517.1781,240379261517.178
2011-02-11,186,107357,107542,240379261517.1781,240379261517.178
2011-02-12,196,107543,107738,253302877727.77902,253302877727.779
2011-02-13,198,107739,107936,255887600969.8992,255887600969.899
2011-02-14,196,107937,108132,253302877727.77902,253302877727.779
2011-02-15,225,108133,108357,290781364738.5217,290781364738.52203
2011-02-16,232,108358,108589,299827896085.9424,299827896085.942
2011-02-17,231,108590,108820,298535534464.88226,298535534464.882
2011-02-18,212,108821,109032,361872356546.79346,361872356546.793
2011-02-19,161,109033,109193,291801360363.51855,291801360363.519
2011-02-20,198,109194,109391,358861300322.83655,358861300322.836
2011-02-21,194,109392,109585,351611577083.99133,351611577083.99097
2011-02-22,211,109586,109796,382422900849.0834,382422900849.083
2011-02-23,243,109797,110039,440420686759.8448,440420686759.84503
2011-02-24,207,110040,110246,375173177610.2382,375173177610.238
2011-02-25,225,110247,110471,407796932185.0415,407796932185.04095
2011-02-26,276,110472,110747,500230903480.31757,500230903480.31793
2011-02-27,244,110748,110991,548738299564.68945,548738299564.689
2011-02-28,150,110992,111141,414505490200.17365,414505490200.174
2011-03-01,130,111142,111271,359238091506.8172,359238091506.817
2011-03-02,168,111272,111439,464246149024.19525,464246149024.19495
2011-03-03,186,111440,111625,513986807848.2169,513986807848.21704
2011-03-04,221,111626,111846,610704755561.5924,610704755561.592
2011-03-05,277,111847,112123,765453471902.9932,765453471902.9929
2011-03-06,274,112124,112397,757163362098.9895,757163362098.989
2011-03-07,211,112398,112608,583071056214.9137,583071056214.914
2011-03-08,187,112609,112795,516750177782.8848,516750177782.885
2011-03-09,160,112796,112955,503590332559.94183,503590332559.942
2011-03-10,110,112956,113065,416631121670.79034,416631121670.79
2011-03-11,130,113066,113195,492382234701.844,492382234701.844
2011-03-12,140,113196,113335,530257791217.37085,530257791217.37103
2011-03-13,117,113336,113452,443144011231.65906,443144011231.659
2011-03-14,112,113453,113564,424206232973.8956,424206232973.896
2011-03-15,112,113565,113676,424206232973.8956,424206232973.896
2011-03-16,136,113677,113812,515107568611.1601,515107568611.16003
2011-03-17,141,113813,113953,534045346868.9235,534045346868.92303
2011-03-18,120,113954,114073,454506678186.31714,454506678186.317
2011-03-19,115,114074,114188,435568899928.5537,435568899928.554
2011-03-20,137,114189,114325,518895124262.71277,518895124262.713
2011-03-21,148,114326,114473,560558236429.7924,560558236429.792
2011-03-22,119,114474,114592,450719122534.76447,450719122534.764
2011-03-23,157,114593,114749,594646237293.7665,594646237293.766
2011-03-24,152,114750,114901,575708459036.003,575708459036.0029
2011-03-25,173,114902,115074,596786952920.3499,596786952920.35
2011-03-26,138,115075,115212,473188789594.26794,473188789594.268
2011-03-27,143,115213,115355,490333310956.3791,490333310956.379
2011-03-28,168,115356,115523,576055917766.9346,576055917766.9349
2011-03-29,163,115524,115686,558911396404.8235,558911396404.824
2011-03-30,156,115687,115842,534909066497.868,534909066497.868
2011-03-31,201,115843,116043,689209758756.8679,689209758756.8679
2011-04-01,176,116044,116219,603487151946.3124,603487151946.312
2011-04-02,180,116220,116399,617202769036.0013,617202769036.001
2011-04-03,175,116400,116574,600058247673.8901,600058247673.89
2011-04-04,178,116575,116752,610344960491.1569,610344960491.1571
2011-04-05,194,116753,116946,677833306935.8313,677833306935.8309
2011-04-06,148,116947,117094,605826777408.8035,605826777408.803
2011-04-07,147,117095,117241,601733353237.1224,601733353237.122
2011-04-08,166,117242,117407,679508412499.0635,679508412499.063
2011-04-09,156,117408,117563,638574170782.2524,638574170782.252
2011-04-10,173,117564,117736,708162381700.8313,708162381700.831
2011-04-11,163,117737,117899,667228139984.0201,667228139984.02
2011-04-12,163,117900,118062,667228139984.0201,667228139984.02
2011-04-13,194,118063,118256,794124289306.1346,794124289306.135
2011-04-14,160,118257,118416,654947867468.9768,654947867468.977
2011-04-15,136,118417,118552,556705687348.6301,556705687348.63
2011-04-16,173,118553,118725,708162381700.8313,708162381700.831
2011-04-17,180,118726,118905,736816350902.5991,736816350902.599
2011-04-18,148,118906,119053,660518719570.172,660518719570.172
2011-04-19,154,119054,119207,706956041464.806,706956041464.8059
2011-04-20,144,119208,119351,661049805006.0524,661049805006.052
2011-04-21,147,119352,119498,674821675943.6785,674821675943.678
2011-04-22,176,119499,119674,807949761674.0642,807949761674.064
2011-04-23,172,119675,119846,789587267090.5627,789587267090.563
2011-04-24,162,119847,120008,743681030631.809,743681030631.809
2011-04-25,192,120009,120200,881399740008.07,881399740008.07
2011-04-26,195,120201,120395,895171610945.6962,895171610945.6959
2011-04-27,183,120396,120578,840084127195.1917,840084127195.192
2011-04-28,164,120579,120742,752862277923.5597,752862277923.5599
2011-04-29,200,120743,120942,918124729175.073,918124729175.073
2011-04-30,189,120943,121131,1015738488141.1555,1015738488141.1599
2011-05-01,179,121132,121310,975860009435.2798,975860009435.2799
2011-05-02,197,121311,121507,1073991183568.4365,1073991183568.44
2011-05-03,196,121508,121703,1068539451672.15,1068539451672.15
2011-05-04,197,121704,121900,1073991183568.4365,1073991183568.44
2011-05-05,219,121901,122119,1193929285286.739,1193929285286.74
2011-05-06,218,122120,122337,1188477553390.4526,1188477553390.45
2011-05-07,214,122338,122551,1166670625805.3066,1166670625805.3098
2011-05-08,219,122552,122770,1193929285286.739,1193929285286.74
2011-05-09,239,122771,123009,1383662239251.0405,1383662239251.04
2011-05-10,183,123010,123192,1432013755698.6235,1432013755698.62
2011-05-11,191,123193,123383,1494615449936.8147,1494615449936.81
2011-05-12,169,123384,123552,1322460790781.789,1322460790781.79
2011-05-13,207,123553,123759,1619818838413.1968,1619818838413.2
2011-05-14,242,123760,124001,1893701250705.288,1893701250705.29
2011-05-15,220,124002,124221,1721546591550.2585,1721546591550.26
2011-05-16,247,124222,124468,1932827309604.1584,1932827309604.16
2011-05-17,257,124469,124725,2011079427401.8992,2011079427401.9001
2011-05-18,288,124726,125013,2348474080338.7466,2348474080338.75
2011-05-19,171,125014,125184,2075067487414.9426,2075067487414.9402
2011-05-20,220,125185,125404,2669677469188.8135,2669677469188.81
2011-05-21,220,125405,125624,2669677469188.8135,2669677469188.81
2011-05-22,252,125625,125876,3057994191979.9126,3057994191979.91
2011-05-23,286,125877,126162,3470580709945.46,3470580709945.46
2011-05-24,299,126163,126461,3628334378579.349,3628334378579.3496
2011-05-25,307,126462,126768,3725413559277.1265,3725413559277.13
2011-05-26,296,126769,127064,4132458269114.1807,4132458269114.1797
2011-05-27,167,127065,127231,3610181816548.821,3610181816548.82
2011-05-28,155,127232,127386,3350767554281.843,3350767554281.84
2011-05-29,180,127387,127566,3891213934004.7134,3891213934004.71
2011-05-30,154,127567,127720,3329149699092.9277,3329149699092.9297
2011-05-31,150,127721,127870,3242678278337.267,3242678278337.27
2011-06-01,188,127871,128058,4064156775516.0317,4064156775516.03
2011-06-02,190,128059,128248,4107392485893.8613,4107392485893.8604
2011-06-03,202,128249,128450,4366806748160.8394,4366806748160.8403
2011-06-04,224,128451,128674,4842399562316.965,4842399562316.96
2011-06-05,208,128675,128882,4496513879294.328,4496513879294.33
2011-06-06,233,128883,129115,5642436740965.392,5642436740965.391
2011-06-07,170,129116,129285,4793850620498.057,4793850620498.06
2011-06-08,185,129286,129470,5216837439953.768,5216837439953.7705
2011-06-09,222,129471,129692,6260204927944.521,6260204927944.5205
2011-06-10,223,129693,129915,6288404049241.569,6288404049241.569
2011-06-11,252,129916,130167,7106178566855.943,7106178566855.939
2011-06-12,233,130168,130400,6570395262212.043,6570395262212.04
2011-06-13,227,130401,130627,6401200534429.759,6401200534429.76
2011-06-14,247,130628,130874,6965182960370.707,6965182960370.71
2011-06-15,279,130875,131153,9622530467116.729,9622530467116.73
2011-06-16,180,131154,131333,7846855978585.175,7846855978585.17
2011-06-17,186,131334,131519,8108417844538.011,8108417844538.011
2011-06-18,197,131520,131716,8587947932118.209,8587947932118.21
2011-06-19,223,131717,131939,9721382684580.496,9721382684580.5
2011-06-20,234,131940,132173,10200912772160.695,10200912772160.701
2011-06-21,253,132174,132426,11029192014344.674,11029192014344.7
2011-06-22,260,132427,132686,11334347524622.982,11334347524623.0
2011-06-23,240,132687,132926,10462474638113.531,10462474638113.5
2011-06-24,216,132927,133142,11588301903132.363,11588301903132.4
2011-06-25,143,133143,133285,9804082934206.055,9804082934206.05
2011-06-26,149,133286,133434,10215443057319.592,10215443057319.6
2011-06-27,169,133435,133603,11586643467698.053,11586643467698.1
2011-06-28,160,133604,133763,10969603283027.746,10969603283027.7
2011-06-29,172,133764,133935,11792323529254.82,11792323529254.799
2011-06-30,191,133936,134126,13094963919114.357,13094963919114.4
2011-07-01,173,134127,134299,11860883549773.744,11860883549773.7
2011-07-02,169,134300,134468,11586643467698.053,11586643467698.1
2011-07-03,165,134469,134633,11312403385622.36,11312403385622.4
2011-07-04,170,134634,134803,11655203488216.975,11655203488217.0
2011-07-05,139,134804,134942,9529842852130.363,9529842852130.36
2011-07-06,157,134943,135099,11019801854457.85,11019801854457.8
2011-07-07,131,135100,135230,10178509149453.215,10178509149453.2
2011-07-08,165,135231,135395,12820259615723.514,12820259615723.5
2011-07-09,149,135396,135544,11577082925713.96,11577082925714.0
2011-07-10,137,135545,135681,10644700408206.797,10644700408206.8
2011-07-11,157,135682,135838,12198671270718.738,12198671270718.7
2011-07-12,141,135839,135979,10955494580709.186,10955494580709.2
2011-07-13,191,135980,136170,14840421736989.037,14840421736989.0
2011-07-14,144,136171,136314,11188590210085.977,11188590210086.0
2011-07-15,162,136315,136476,12587163986346.723,12587163986346.701
2011-07-16,157,136477,136633,12198671270718.738,12198671270718.7
2011-07-17,170,136634,136803,13208752331351.5,13208752331351.5
2011-07-18,170,136804,136973,13208752331351.5,13208752331351.5
2011-07-19,142,136974,137115,11211170732307.69,11211170732307.7
2011-07-20,149,137116,137264,12524178056516.207,12524178056516.201
2011-07-21,152,137265,137416,12776342715372.238,12776342715372.201
2011-07-22,151,137417,137567,12692287829086.895,12692287829086.9
2011-07-23,146,137568,137713,12272013397660.176,12272013397660.2
2011-07-24,166,137714,137879,13953111123367.04,13953111123367.0
2011-07-25,165,137880,138044,13869056237081.697,13869056237081.701
2011-07-26,176,138045,138220,14793659986220.463,14793659986220.5
2011-07-27,174,138221,138394,14625550213649.777,14625550213649.8
2011-07-28,155,138395,138549,13028507374228.27,13028507374228.299
2011-07-29,164,138550,138713,13785001350796.355,13785001350796.398
2011-07-30,152,138714,138865,12776342715372.238,12776342715372.201
2011-07-31,175,138866,139040,14709605099935.12,14709605099935.1
2011-08-01,165,139041,139205,14872451668364.545,14872451668364.5
2011-08-02,154,139206,139359,14459382844977.818,14459382844977.799
2011-08-03,157,139360,139516,14741059134165.695,14741059134165.701
2011-08-04,129,139517,139645,12112080435078.836,12112080435078.8
2011-08-05,140,139646,139785,13144893495434.396,13144893495434.4
2011-08-06,122,139786,139907,11454835760307.115,11454835760307.1
2011-08-07,126,139908,140033,11830404145890.955,11830404145891.0
2011-08-08,136,140034,140169,12769325109850.555,12769325109850.6
2011-08-09,146,140170,140315,13708246073810.15,13708246073810.2
2011-08-10,152,140316,140467,14271598652185.902,14271598652185.9
2011-08-11,137,140468,140604,12863217206246.516,12863217206246.5
2011-08-12,131,140605,140735,12299864627870.756,12299864627870.8
2011-08-13,130,140736,140865,12205972531474.795,12205972531474.799
2011-08-14,132,140866,140997,12393756724266.715,12393756724266.7
2011-08-15,129,140998,141126,12083168888370.564,12083168888370.602
2011-08-16,147,141127,141273,13194995689332.412,13194995689332.4
2011-08-17,136,141274,141409,12207615059518.42,12207615059518.4
2011-08-18,144,141410,141553,12925710063019.506,12925710063019.5
2011-08-19,131,141554,141684,11758805682330.242,11758805682330.2
2011-08-20,152,141685,141836,13643805066520.59,13643805066520.6
2011-08-21,160,141837,141996,14361900070021.674,14361900070021.6
2011-08-22,169,141997,142165,15169756948960.395,15169756948960.4
2011-08-23,155,142166,142320,13913090692833.496,13913090692833.5
2011-08-24,134,142321,142454,12028091308643.15,12028091308643.1
2011-08-25,135,142455,142589,12117853184080.785,12117853184080.8
2011-08-26,147,142590,142736,13194995689332.412,13194995689332.4
2011-08-27,122,142737,142858,10950948803391.523,10950948803391.5
2011-08-28,116,142859,142974,10412377550765.709,10412377550765.701
2011-08-29,138,142975,143112,12387138810393.691,12387138810393.701
2011-08-30,146,143113,143258,12934481942504.639,12934481942504.6
2011-08-31,155,143259,143413,13697915570350.006,13697915570350.0
2011-09-01,129,143414,143542,11400200700484.848,11400200700484.8
2011-09-02,156,143543,143698,13786289219190.975,13786289219191.0
2011-09-03,145,143699,143843,12814179081940.326,12814179081940.299
2011-09-04,134,143844,143977,11842068944689.684,11842068944689.7
2011-09-05,156,143978,144133,13786289219190.975,13786289219191.0
2011-09-06,151,144134,144284,13344420974986.13,13344420974986.1
2011-09-07,136,144285,144420,12018816242371.62,12018816242371.6
2011-09-08,129,144421,144549,11400200700484.848,11400200700484.8
2011-09-09,154,144550,144703,13609541921509.037,13609541921509.0
2011-09-10,133,144704,144836,11753695295848.717,11753695295848.701
2011-09-11,125,144837,144961,11046706105120.979,11046706105121.0
2011-09-12,133,144962,145094,11753695295848.717,11753695295848.701
2011-09-13,142,145095,145236,12454624592933.805,12454624592933.8
2011-09-14,146,145237,145382,12740349234279.967,12740349234280.0
2011-09-15,156,145383,145538,13612975894162.156,13612975894162.201
2011-09-16,119,145539,145657,10384257252598.047,10384257252598.0
2011-09-17,134,145658,145791,11693197242421.334,11693197242421.3
2011-09-18,158,145792,145949,13787501226138.596,13787501226138.6
2011-09-19,127,145950,146076,11082358580503.8,11082358580503.8
2011-09-20,140,146077,146216,12216773238350.65,12216773238350.6
2011-09-21,146,146217,146362,12740349234279.967,12740349234280.0
2011-09-22,148,146363,146510,12914874566256.404,12914874566256.398
2011-09-23,133,146511,146643,11605934576433.115,11605934576433.1
2011-09-24,129,146644,146772,11256883912480.238,11256883912480.2
2011-09-25,137,146773,146909,11954985240385.992,11954985240386.0
2011-09-26,134,146910,147043,11693197242421.334,11693197242421.3
2011-09-27,133,147044,147176,11576366001263.328,11576366001263.3
2011-09-28,147,147177,147323,12344658505828.377,12344658505828.4
2011-09-29,125,147324,147448,10497158593391.477,10497158593391.5
2011-09-30,122,147449,147570,10245226787150.082,10245226787150.1
2011-10-01,143,147571,147713,12008749430839.85,12008749430839.9
2011-10-02,121,147714,147834,10161249518402.95,10161249518403.0
2011-10-03,145,147835,147979,12176703968334.113,12176703968334.102
2011-10-04,112,147980,148091,9405454099678.764,9405454099678.771
2011-10-05,145,148092,148236,12176703968334.113,12176703968334.102
2011-10-06,128,148237,148364,10749090399632.873,10749090399632.9
2011-10-07,138,148365,148502,11588863087104.191,11588863087104.2
2011-10-08,119,148503,148621,9993294980908.686,9993294980908.69
2011-10-09,127,148622,148748,10665113130885.74,10665113130885.701
2011-10-10,123,148749,148871,10329204055897.213,10329204055897.201
2011-10-11,93,148872,148964,7809885993483.258,7809885993483.26
2011-10-12,120,148965,149084,10077272249655.818,10077272249655.8
2011-10-13,97,149085,149181,8145795068471.785,8145795068471.79
2011-10-14,139,149182,149320,10166816043684.99,10166816043685.0
2011-10-15,134,149321,149454,9779908334522.318,9779908334522.32
2011-10-16,119,149455,149573,8685142476180.274,8685142476180.27
2011-10-17,118,149574,149691,8612158085624.138,8612158085624.14
2011-10-18,120,149692,149811,8758126866736.41,8758126866736.409
2011-10-19,133,149812,149944,9706923943966.182,9706923943966.18
2011-10-20,115,149945,150059,8393204913955.729,8393204913955.7295
2011-10-21,121,150060,150180,8831111257292.547,8831111257292.55
2011-10-22,98,150181,150278,7152470274501.412,7152470274501.41
2011-10-23,108,150279,150386,7882314180062.774,7882314180062.7705
2011-10-24,127,150387,150513,9269017600629.365,9269017600629.36
2011-10-25,129,150514,150642,9414986381741.637,9414986381741.64
2011-10-26,117,150643,150759,8539173695068.002,8539173695067.999
2011-10-27,100,150760,150859,7298439055613.685,7298439055613.68
2011-10-28,105,150860,150964,7663361008394.366,7663361008394.36
2011-10-29,113,150965,151077,8247236132843.456,8247236132843.46
2011-10-30,111,151078,151188,8101267351731.184,8101267351731.18
2011-10-31,131,151189,151319,7981758318038.498,7981758318038.5
2011-11-01,150,151320,151469,8973662527401.252,8973662527401.25
2011-11-02,154,151470,151623,9212960194798.621,9212960194798.621
2011-11-03,125,151624,151748,7478052106167.696,7478052106167.7
2011-11-04,147,151749,151895,8794189276853.226,8794189276853.221
2011-11-05,146,151896,152041,8734364860003.883,8734364860003.881
2011-11-06,144,152042,152185,8614716026305.198,8614716026305.199
2011-11-07,132,152186,152317,7896823024113.092,7896823024113.09
2011-11-08,149,152318,152466,8913838110551.91,8913838110551.91
2011-11-09,161,152467,152627,9631731112744.016,9631731112744.021
2011-11-10,141,152628,152768,8435242775757.172,8435242775757.169
2011-11-11,119,152769,152887,7119105605071.643,7119105605071.641
2011-11-12,143,152888,153030,8554891609455.856,8554891609455.859
2011-11-13,144,153031,153174,8614716026305.198,8614716026305.199
2011-11-14,143,153175,153317,8499298329169.811,8499298329169.81
2011-11-15,165,153318,153482,9781098473796.3,9781098473796.3
2011-11-16,135,153483,153617,8002716933106.078,8002716933106.081
2011-11-17,139,153618,153756,8239834471864.774,8239834471864.77
2011-11-18,133,153757,153889,7884158163726.73,7884158163726.73
2011-11-19,123,153890,154012,7291364316829.989,7291364316829.99
2011-11-20,143,154013,154155,8476952010623.471,8476952010623.471
2011-11-21,118,154156,154273,6994967393381.619,6994967393381.62
2011-11-22,140,154274,154413,8299113856554.449,8299113856554.45
2011-11-23,134,154414,154547,7943437548416.404,7943437548416.41
2011-11-24,113,154548,154660,6698570469933.249,6698570469933.25
2011-11-25,135,154661,154795,8002716933106.078,8002716933106.081
2011-11-26,120,154796,154915,7113526162760.968,7113526162760.971
2011-11-27,114,154916,155029,6757849854622.923,6757849854622.92
2011-11-28,127,155030,155156,7528481855588.686,7528481855588.68
2011-11-29,138,155157,155294,7861799396036.246,7861799396036.25
2011-11-30,162,155295,155456,8783602828227.361,8783602828227.36
2011-12-01,182,155457,155638,9867998239119.629,9867998239119.63
2011-12-02,146,155639,155784,7916086499513.548,7916086499513.54
2011-12-03,152,155785,155936,8241405122781.229,8241405122781.23
2011-12-04,136,155937,156072,7373888794067.415,7373888794067.41
2011-12-05,158,156073,156230,8566723746048.908,8566723746048.9
2011-12-06,171,156231,156401,9271580763128.88,9271580763128.879
2011-12-07,138,156402,156539,7482328335156.642,7482328335156.64
2011-12-08,164,156540,156703,8892042369316.588,8892042369316.58
2011-12-09,147,156704,156850,7970306270058.161,7970306270058.16
2011-12-10,144,156851,156994,7807646958424.321,7807646958424.32
2011-12-11,152,156995,157146,8241405122781.229,8241405122781.23
2011-12-12,127,157147,157273,6969045767367.112,6969045767367.109
2011-12-13,132,157274,157405,7579079245833.609,7579079245833.609
2011-12-14,153,157406,157558,8784841853125.307,8784841853125.31
2011-12-15,112,157559,157670,6430733905555.799,6430733905555.8
2011-12-16,118,157671,157788,6775237507639.144,6775237507639.15
2011-12-17,150,157789,157938,8612590052083.636,8612590052083.64
2011-12-18,144,157939,158082,8268086450000.293,8268086450000.301
2011-12-19,159,158083,158241,9129345455208.648,9129345455208.65
2011-12-20,134,158242,158375,7693913779861.39,7693913779861.39
2011-12-21,149,158376,158524,8555172785069.745,8555172785069.75
2011-12-22,148,158525,158672,8497755518055.8545,8497755518055.859
2011-12-23,142,158673,158814,8153251915972.513,8153251915972.51
2011-12-24,145,158815,158959,8325503717014.184,8325503717014.181
2011-12-25,174,158960,159133,9990604460417.004,9990604460417.01
2011-12-26,177,159134,159310,10174283890549.932,10174283890549.9
2011-12-27,145,159311,159455,8360759168465.831,8360759168465.829
2011-12-28,155,159456,159610,8937363249049.684,8937363249049.68
2011-12-29,138,159611,159748,7957136312057.135,7957136312057.141
2011-12-30,142,159749,159890,8187777944290.676,8187777944290.669
2011-12-31,151,159891,160041,8706721616816.143,8706721616816.14
2012-01-01,153,160042,160194,8822042432932.912,8822042432932.91
2012-01-02,151,160195,160345,8706721616816.143,8706721616816.14
2012-01-03,159,160346,160504,9168004881283.225,9168004881283.22
2012-01-04,149,160505,160653,8591400800699.372,8591400800699.37
2012-01-05,147,160654,160800,8476079984582.602,8476079984582.601
2012-01-06,171,160801,160971,9859929777983.846,9859929777983.852
2012-01-07,184,160972,161155,10609515082742.854,10609515082742.9
2012-01-08,163,161156,161318,9574735273206.61,9574735273206.61
2012-01-09,164,161319,161482,10196782731553.04,10196782731553.0
2012-01-10,141,161483,161623,8766746128957.194,8766746128957.189
2012-01-11,153,161624,161776,9512852182485.46,9512852182485.46
2012-01-12,155,161777,161931,9637203191406.838,9637203191406.84
2012-01-13,140,161932,162071,8704570624496.505,8704570624496.499
2012-01-14,150,162072,162221,9326325669103.395,9326325669103.39
2012-01-15,139,162222,162360,8642395120035.816,8642395120035.82
2012-01-16,175,162361,162535,10880713280620.617,10880713280620.602
2012-01-17,157,162536,162692,9761554200328.217,9761554200328.209
2012-01-18,128,162693,162820,7958464570968.238,7958464570968.24
2012-01-19,150,162821,162970,9326325669103.395,9326325669103.39
2012-01-20,145,162971,163115,9015448146799.95,9015448146799.95
2012-01-21,164,163116,163279,10196782731553.04,10196782731553.0
2012-01-22,136,163280,163415,8795711600324.043,8795711600324.04
2012-01-23,170,163416,163585,11051279999350.117,11051279999350.1
2012-01-24,139,163586,163724,9036046587703.908,9036046587703.91
2012-01-25,148,163725,163872,9621114352375.389,9621114352375.39
2012-01-26,138,163873,164010,8971039058295.967,8971039058295.97
2012-01-27,141,164011,164151,9166061646519.793,9166061646519.79
2012-01-28,145,164152,164296,9426091764151.56,9426091764151.559
2012-01-29,167,164297,164463,10856257411126.291,10856257411126.3
2012-01-30,172,164464,164635,11181295058166.002,11181295058166.0
2012-01-31,150,164636,164785,9751129411191.273,9751129411191.27
2012-02-01,141,164786,164926,9166061646519.793,9166061646519.79
2012-02-02,159,164927,165085,10336197175862.752,10336197175862.8
2012-02-03,158,165086,165243,10271189646454.81,10271189646454.8
2012-02-04,157,165244,165400,10524367511288.2,10524367511288.2
2012-02-05,142,165401,165542,9738735759998.207,9738735759998.21
2012-02-06,146,165543,165688,10013066344786.889,10013066344786.9
2012-02-07,137,165689,165825,9395822529012.355,9395822529012.35
2012-02-08,145,165826,165970,9944483698589.719,9944483698589.719
2012-02-09,145,165971,166115,9944483698589.719,9944483698589.719
2012-02-10,138,166116,166253,9464405175209.525,9464405175209.53
2012-02-11,150,166254,166403,10287396929575.57,10287396929575.6
2012-02-12,158,166404,166561,10836058099152.934,10836058099152.9
2012-02-13,137,166562,166698,9395822529012.355,9395822529012.35
2012-02-14,138,166699,166836,9464405175209.525,9464405175209.53
2012-02-15,134,166837,166970,9190074590420.844,9190074590420.84
2012-02-16,138,166971,167108,9464405175209.525,9464405175209.53
2012-02-17,152,167109,167260,10424562221969.91,10424562221969.9
2012-02-18,171,167261,167431,11710338405374.684,11710338405374.7
2012-02-19,158,167432,167589,10809784378903.408,10809784378903.4
2012-02-20,140,167590,167729,9578289955990.37,9578289955990.37
2012-02-21,129,167730,167858,8825710030876.844,8825710030876.85
2012-02-22,159,167859,168017,10878200735731.91,10878200735731.9
2012-02-23,166,168018,168183,11357115233531.426,11357115233531.4
2012-02-24,149,168184,168332,10194037167446.889,10194037167446.9
2012-02-25,165,168333,168497,11288698876702.924,11288698876702.9
2012-02-26,150,168498,168647,10262453524275.39,10262453524275.4
2012-02-27,154,168648,168801,10536118951589.4,10536118951589.398
2012-02-28,160,168802,168961,10946617092560.414,10946617092560.4
2012-02-29,179,168962,169140,12246527872301.955,12246527872302.0
2012-03-01,151,169141,169291,10330869881103.893,10330869881103.9
2012-03-02,134,169292,169425,9659697741339.564,9659697741339.57
2012-03-03,113,169426,169538,8408918683501.086,8408918683501.08
2012-03-04,137,169539,169675,10194883713625.21,10194883713625.201
2012-03-05,145,169676,169820,10790205390333.252,10790205390333.3
2012-03-06,137,169821,169957,10194883713625.21,10194883713625.201
2012-03-07,154,169958,170111,11459942276629.799,11459942276629.8
2012-03-08,156,170112,170267,11608772695806.809,11608772695806.8
2012-03-09,168,170268,170435,12501755210868.871,12501755210868.9
2012-03-10,165,170436,170600,12278509582103.355,12278509582103.4
2012-03-11,134,170601,170734,9971638084859.695,9971638084859.69
2012-03-12,166,170735,170900,12352924791691.861,12352924791691.898
2012-03-13,160,170901,171060,11906433534160.83,11906433534160.8
2012-03-14,137,171061,171197,10194883713625.21,10194883713625.201
2012-03-15,121,171198,171318,9004240360209.127,9004240360209.129
2012-03-16,153,171319,171471,11392852670266.963,11392852670267.0
2012-03-17,170,171472,171641,12661704849227.688,12661704849227.7
2012-03-18,160,171642,171801,11916898681626.059,11916898681626.1
2012-03-19,143,171802,171944,10650728196703.287,10650728196703.3
2012-03-20,160,171945,172104,11916898681626.059,11916898681626.1
2012-03-21,158,172105,172262,11767937448105.732,11767937448105.7
2012-03-22,158,172263,172420,11767937448105.732,11767937448105.7
2012-03-23,126,172421,172546,9384557711780.518,9384557711780.52
2012-03-24,184,172547,172730,13704433483869.967,13704433483870.0
2012-03-25,157,172731,172887,11693456831345.568,11693456831345.6
2012-03-26,151,172888,173038,11246573130784.592,11246573130784.602
2012-03-27,156,173039,173194,11618976214585.406,11618976214585.4
2012-03-28,150,173195,173344,11172092514024.428,11172092514024.398
2012-03-29,141,173345,173485,11203104453191.225,11203104453191.2
2012-03-30,154,173486,173639,12451887467076.654,12451887467076.7
2012-03-31,170,173640,173809,13745590061058.646,13745590061058.6
2012-04-01,142,173810,173951,11481610521590.164,11481610521590.201
2012-04-02,116,173952,174067,9379343806369.44,9379343806369.44
2012-04-03,133,174068,174200,10753902812475.297,10753902812475.299
2012-04-04,137,174201,174337,11077328460970.795,11077328460970.8
2012-04-05,117,174338,174454,9460200218493.312,9460200218493.309
2012-04-06,136,174455,174590,10996472048846.92,10996472048846.9
2012-04-07,129,174591,174719,10430477163979.8,10430477163979.8
2012-04-08,150,174720,174869,12128461818581.156,12128461818581.201
2012-04-09,146,174870,175015,11805036170085.66,11805036170085.7
2012-04-10,147,175016,175162,11885892582209.535,11885892582209.5
2012-04-11,141,175163,175303,11400754109466.291,11400754109466.3
2012-04-12,127,175304,175430,10174465955084.516,10174465955084.5
2012-04-13,123,175431,175553,9647936093501.92,9647936093501.92
2012-04-14,139,175554,175692,10902952170705.428,10902952170705.398
2012-04-15,107,175693,175799,8392920016298.412,8392920016298.41
2012-04-16,150,175800,175949,11765775723782.84,11765775723782.8
2012-04-17,135,175950,176084,10589198151404.55,10589198151404.5
2012-04-18,130,176085,176214,10197005627278.455,10197005627278.5
2012-04-19,157,176215,176371,12314845257559.375,12314845257559.4
2012-04-20,154,176372,176525,12079529743083.717,12079529743083.701
2012-04-21,154,176526,176679,12079529743083.717,12079529743083.701
2012-04-22,140,176680,176819,10981390675530.646,10981390675530.6
2012-04-23,135,176820,176954,10589198151404.55,10589198151404.5
2012-04-24,138,176955,177092,10824513665880.209,10824513665880.201
2012-04-25,127,177093,177219,9961690112802.797,9961690112802.8
2012-04-26,155,177220,177374,12157968247908.936,12157968247908.9
2012-04-27,135,177375,177509,10237695393808.555,10237695393808.6
2012-04-28,152,177510,177661,11398844702505.912,11398844702505.898
2012-04-29,179,177662,177840,13423639485187.875,13423639485187.9
2012-04-30,179,177841,178019,13423639485187.875,13423639485187.9
2012-05-01,170,178020,178189,12748707890960.553,12748707890960.602
2012-05-02,150,178190,178339,11248859903788.73,11248859903788.701
2012-05-03,157,178340,178496,11773806699298.867,11773806699298.9
2012-05-04,161,178497,178657,12073776296733.232,12073776296733.201
2012-05-05,167,178658,178824,12523730692884.78,12523730692884.8
2012-05-06,164,178825,178988,12298753494809.006,12298753494809.0
2012-05-07,170,178989,179158,12748707890960.553,12748707890960.602
2012-05-08,176,179159,179334,13198662287112.1,13198662287112.1
2012-05-09,166,179335,179500,13308505931402.457,13308505931402.5
2012-05-10,129,179501,179629,11114409456037.934,11114409456037.898
2012-05-11,143,179630,179772,12320624435762.984,12320624435763.0
2012-05-12,128,179773,179900,11028251243200.43,11028251243200.398
2012-05-13,140,179901,180040,12062149797250.475,12062149797250.5
2012-05-14,139,180041,180179,11975991584412.97,11975991584413.0
2012-05-15,130,180180,180309,11200567668875.438,11200567668875.4
2012-05-16,121,180310,180430,10425143753337.904,10425143753337.9
2012-05-17,116,180431,180546,9994352689150.385,9994352689150.38
2012-05-18,145,180547,180691,12492940861437.992,12492940861438.0
2012-05-19,149,180692,180840,12837573712788.008,12837573712788.0
2012-05-20,138,180841,180978,11889833371575.467,11889833371575.5
2012-05-21,126,180979,181104,10855934817525.422,10855934817525.4
2012-05-22,115,181105,181219,9908194476312.88,9908194476312.88
2012-05-23,130,181220,181349,11200567668875.438,11200567668875.4
2012-05-24,125,181350,181474,10522485942778.666,10522485942778.7
2012-05-25,121,181475,181595,9570224607880.248,9570224607880.25
2012-05-26,142,181596,181737,11231172680322.275,11231172680322.3
2012-05-27,159,181738,181896,12575749691346.773,12575749691346.8
2012-05-28,142,181897,182038,11231172680322.275,11231172680322.3
2012-05-29,126,182039,182164,9965688434652.16,9965688434652.16
2012-05-30,131,182165,182295,10361152261424.07,10361152261424.102
2012-05-31,138,182296,182433,10914801618904.746,10914801618904.701
2012-06-01,152,182434,182585,12022100333866.098,12022100333866.1
2012-06-02,160,182586,182745,12654842456701.156,12654842456701.2
2012-06-03,153,182746,182898,12101193099220.48,12101193099220.5
2012-06-04,155,182899,183053,12259378629929.244,12259378629929.201
2012-06-05,147,183054,183200,11626636507094.188,11626636507094.201
2012-06-06,153,183201,183353,12101193099220.48,12101193099220.5
2012-06-07,139,183354,183492,10979369379866.604,10979369379866.6
2012-06-08,141,183493,183633,11096727871201.844,11096727871201.8
2012-06-09,171,183634,183804,13457733801244.78,13457733801244.799
2012-06-10,166,183805,183970,13064232812904.29,13064232812904.3
2012-06-11,140,183971,184110,11018027673533.746,11018027673533.7
2012-06-12,156,184111,184266,12277230836223.31,12277230836223.299
2012-06-13,150,184267,184416,11805029650214.725,11805029650214.7
2012-06-14,156,184417,184572,12277230836223.31,12277230836223.299
2012-06-15,159,184573,184731,12513331429227.604,12513331429227.6
2012-06-16,156,184732,184887,12277230836223.31,12277230836223.299
2012-06-17,164,184888,185051,12906832417568.094,12906832417568.102
2012-06-18,175,185052,185226,13772534591917.17,13772534591917.2
2012-06-19,147,185227,185373,11568929057210.432,11568929057210.4
2012-06-20,145,185374,185518,11746539563451.127,11746539563451.1
2012-06-21,136,185519,185654,11672620129977.357,11672620129977.4
2012-06-22,138,185655,185792,11844276308359.377,11844276308359.398
2012-06-23,164,185793,185956,14075806627325.646,14075806627325.6
2012-06-24,131,185957,186087,11243479684022.305,11243479684022.3
2012-06-25,154,186088,186241,13217525735415.543,13217525735415.5
2012-06-26,149,186242,186390,12788385289460.492,12788385289460.5
2012-06-27,163,186391,186553,13989978538134.637,13989978538134.602
2012-06-28,137,186554,186690,11758448219168.367,11758448219168.4
2012-06-29,146,186691,186836,12530901021887.46,12530901021887.5
2012-06-30,132,186837,186968,11329307773213.316,11329307773213.299
2012-07-01,142,186969,187110,12187588665123.42,12187588665123.4
2012-07-02,152,187111,187262,13045869557033.523,13045869557033.5
2012-07-03,160,187263,187422,13732494270561.605,13732494270561.602
2012-07-04,150,187423,187572,12979374359060.527,12979374359060.5
2012-07-05,144,187573,187716,12537399916198.453,12537399916198.5
2012-07-06,155,187717,187871,13495117965352.498,13495117965352.5
2012-07-07,166,187872,188037,14452836014506.543,14452836014506.5
2012-07-08,153,188038,188190,13320987410960.854,13320987410960.9
2012-07-09,163,188191,188353,14191640182919.076,14191640182919.1
2012-07-10,150,188354,188503,13059791579373.387,13059791579373.4
2012-07-11,134,188504,188637,11666747144240.23,11666747144240.2
2012-07-12,150,188638,188787,13059791579373.387,13059791579373.4
2012-07-13,163,188788,188950,14191640182919.076,14191640182919.1
2012-07-14,161,188951,189111,14017509628527.432,14017509628527.4
2012-07-15,140,189112,189251,12189138807415.164,12189138807415.2
2012-07-16,150,189252,189401,13059791579373.387,13059791579373.4
2012-07-17,172,189402,189573,15375175324401.316,15375175324401.299
2012-07-18,155,189574,189728,14380716325946.371,14380716325946.4
2012-07-19,135,189729,189863,12525140025824.25,12525140025824.2
2012-07-20,148,189864,190011,13731264620903.623,13731264620903.6
2012-07-21,141,190012,190152,13081812915860.88,13081812915860.898
2012-07-22,155,190153,190307,14380716325946.371,14380716325946.4
2012-07-23,141,190308,190448,13081812915860.88,13081812915860.898
2012-07-24,161,190449,190609,14937389215983.01,14937389215983.0
2012-07-25,160,190610,190769,14844610400976.904,14844610400976.9
2012-07-26,169,190770,190938,15679619736031.863,15679619736031.898
2012-07-27,178,190939,191116,16514629071086.824,16514629071086.8
2012-07-28,153,191117,191269,14195158695934.156,14195158695934.201
2012-07-29,166,191270,191435,15401283291013.543,15401283291013.5
2012-07-30,176,191436,191611,17107819605367.984,17107819605368.0
2012-07-31,130,191612,191741,13161650965556.117,13161650965556.102
2012-08-01,134,191742,191875,13566624841419.38,13566624841419.4
2012-08-02,165,191876,192040,16705172379359.686,16705172379359.7
2012-08-03,162,192041,192202,16401441972462.236,16401441972462.201
2012-08-04,156,192203,192358,15793981158667.34,15793981158667.3
2012-08-05,139,192359,192497,14072842186248.463,14072842186248.5
2012-08-06,140,192498,192637,14174085655214.28,14174085655214.3
2012-08-07,164,192638,192801,16603928910393.87,16603928910393.9
2012-08-08,166,192802,192967,16806415848325.502,16806415848325.5
2012-08-09,170,192968,193137,17211389724188.768,17211389724188.799
2012-08-10,156,193138,193293,15793981158667.34,15793981158667.3
2012-08-11,168,193294,193461,17008902786257.135,17008902786257.1
2012-08-12,159,193462,193620,16749242441646.775,16749242441646.799
2012-08-13,160,193621,193780,17425366095390.86,17425366095390.898
2012-08-14,157,193781,193937,17098640481102.281,17098640481102.3
2012-08-15,167,193938,194104,18187725862064.207,18187725862064.203
2012-08-16,154,194105,194258,16771914866813.703,16771914866813.7
2012-08-17,138,194259,194396,15029378257274.623,15029378257274.6
2012-08-18,151,194397,194547,16445189252525.125,16445189252525.1
2012-08-19,182,194548,194729,19821353933507.098,19821353933507.1
2012-08-20,174,194730,194903,18950085628737.555,18950085628737.6
2012-08-21,173,194904,195076,18841177090641.363,18841177090641.4
2012-08-22,156,195077,195232,16989731943006.09,16989731943006.1
2012-08-23,165,195233,195397,17969908785871.82,17969908785871.8
2012-08-24,148,195398,195545,16118463638236.549,16118463638236.498
2012-08-25,138,195546,195683,16668351500411.932,16668351500411.902
2012-08-26,179,195684,195862,21717175368624.418,21717175368624.4
2012-08-27,145,195863,196007,17592125298606.379,17592125298606.4
2012-08-28,151,196008,196158,18320075310962.504,18320075310962.5
2012-08-29,168,196159,196326,20382600345971.523,20382600345971.5
2012-08-30,154,196327,196480,18684050317140.566,18684050317140.598
2012-08-31,140,196481,196620,16985500288309.61,16985500288309.598
2012-09-01,161,196621,196781,19533325331556.043,19533325331556.0
2012-09-02,164,196782,196945,19897300337734.105,19897300337734.1
2012-09-03,157,196946,197102,19048025323318.63,19048025323318.6
2012-09-04,153,197103,197255,18562725315081.21,18562725315081.2
2012-09-05,180,197256,197435,21838500370683.773,21838500370683.8
2012-09-06,171,197436,197606,21237852427160.04,21237852427160.0
2012-09-07,168,197607,197774,22498870822939.6,22498870822939.6
2012-09-08,145,197775,197919,19418668269799.062,19418668269799.098
2012-09-09,159,197920,198078,21293574171710.69,21293574171710.7
2012-09-10,150,198079,198228,20088277520481.785,20088277520481.8
2012-09-11,145,198229,198373,19418668269799.062,19418668269799.098
2012-09-12,155,198374,198528,20757886771164.51,20757886771164.5
2012-09-13,130,198529,198658,17409840517750.883,17409840517750.9
2012-09-14,162,198659,198820,21695339722120.33,21695339722120.297
2012-09-15,144,198821,198964,19284746419662.516,19284746419662.5
2012-09-16,161,198965,199125,21561417871983.785,21561417871983.8
2012-09-17,168,199126,199293,22498870822939.6,22498870822939.6
2012-09-18,167,199294,199460,22364948972803.055,22364948972803.098
2012-09-19,141,199461,199601,19035177111002.746,19035177111002.7
2012-09-20,152,199602,199753,21641333928864.984,21641333928865.0
2012-09-21,169,199754,199922,24061746276172.24,24061746276172.2
2012-09-22,157,199923,200079,22353219913367.117,22353219913367.098
2012-09-23,158,200080,200237,22495597110267.543,22495597110267.5
2012-09-24,153,200238,200390,21783711125765.41,21783711125765.4
2012-09-25,139,200391,200529,19790430369159.438,19790430369159.4
2012-09-26,140,200530,200669,19932807566059.863,19932807566059.9
2012-09-27,161,200670,200830,22922728700968.824,22922728700968.8
2012-09-28,158,200831,200988,22495597110267.543,22495597110267.5
2012-09-29,168,200989,201156,23919369079271.81,23919369079271.8
2012-09-30,159,201157,201315,22637974307167.97,22637974307168.0
2012-10-01,131,201316,201446,18651412793956.023,18651412793956.0
2012-10-02,146,201447,201592,20787070747462.42,20787070747462.402
2012-10-03,133,201593,201725,20129281484123.855,20129281484123.902
2012-10-04,131,201726,201856,19891872895734.387,19891872895734.402
2012-10-05,136,201857,201992,20651104685647.914,20651104685647.902
2012-10-06,155,201993,202147,23536185487319.312,23536185487319.3
2012-10-07,125,202148,202272,18980794747838.156,18980794747838.2
2012-10-08,178,202273,202450,27028651720921.54,27028651720921.5
2012-10-09,142,202451,202592,21562182833544.145,21562182833544.098
2012-10-10,149,202593,202741,22625107339423.082,22625107339423.098
2012-10-11,138,202742,202879,20954797401613.324,20954797401613.297
2012-10-12,149,202880,203028,22625107339423.082,22625107339423.098
2012-10-13,148,203029,203176,22473260981440.375,22473260981440.402
2012-10-14,127,203177,203303,19284487463803.566,19284487463803.6
2012-10-15,169,203304,203472,25662034499077.184,25662034499077.2
2012-10-16,155,203473,203627,23546740491779.508,23546740491779.5
2012-10-17,142,203628,203769,21687083719656.555,21687083719656.598
2012-10-18,157,203770,203926,23977972844972.375,23977972844972.4
2012-10-19,135,203927,204061,20618002127842.504,20618002127842.5
2012-10-20,158,204062,204219,24130698786660.098,24130698786660.1
2012-10-21,161,204220,204380,24588876611723.26,24588876611723.3
2012-10-22,157,204381,204537,23977972844972.375,23977972844972.4
2012-10-23,130,204538,204667,19854372419403.895,19854372419403.902
2012-10-24,162,204668,204829,24741602553410.984,24741602553411.0
2012-10-25,143,204830,204972,21839809661344.277,21839809661344.3
2012-10-26,165,204973,205137,25199780378474.15,25199780378474.098
2012-10-27,175,205138,205312,26727039795351.367,26727039795351.4
2012-10-28,166,205313,205478,25352506320161.87,25352506320161.902
2012-10-29,158,205479,205636,24188371314461.195,24188371314461.2
2012-10-30,143,205637,205779,23489243956455.516,23489243956455.5
2012-10-31,144,205780,205923,23653504403703.457,23653504403703.5
2012-11-01,137,205924,206060,22503681272967.87,22503681272967.9
2012-11-02,143,206061,206203,23489243956455.516,23489243956455.5
2012-11-03,146,206204,206349,23982025298199.34,23982025298199.3
2012-11-04,157,206350,206506,25788890217926.688,25788890217926.7
2012-11-05,160,206507,206666,26281671559670.508,26281671559670.5
2012-11-06,135,206667,206801,22175160378471.992,22175160378472.0
2012-11-07,157,206802,206958,25788890217926.688,25788890217926.7
2012-11-08,154,206959,207112,25296108876182.863,25296108876182.9
2012-11-09,152,207113,207264,24967587981686.984,24967587981687.0
2012-11-10,144,207265,207408,23653504403703.457,23653504403703.5
2012-11-11,147,207409,207555,24146285745447.28,24146285745447.3
2012-11-12,132,207556,207687,21810454061823.637,21810454061823.598
2012-11-13,140,207688,207827,23444725202545.953,23444725202546.0
2012-11-14,143,207828,207970,23947112171171.934,23947112171171.9
2012-11-15,136,207971,208106,22774875911044.645,22774875911044.598
2012-11-16,145,208107,208251,24282036816922.59,24282036816922.598
2012-11-17,140,208252,208391,23444725202545.953,23444725202546.0
2012-11-18,146,208392,208537,24449499139797.918,24449499139797.902
2012-11-19,146,208538,208683,24449499139797.918,24449499139797.902
2012-11-20,147,208684,208830,24616961462673.246,24616961462673.2
2012-11-21,152,208831,208982,25454273077049.883,25454273077049.902
2012-11-22,144,208983,209126,24114574494047.26,24114574494047.3
2012-11-23,163,209127,209289,27296358628678.496,27296358628678.5
2012-11-24,151,209290,209440,25286810754174.555,25286810754174.598
2012-11-25,146,209441,209586,24449499139797.918,24449499139797.902
2012-11-26,157,209587,209743,26570526192701.066,26570526192701.098
2012-11-27,148,209744,209891,25300465562906.46,25300465562906.4
2012-11-28,172,209892,210063,29403243762296.73,29403243762296.7
2012-11-29,166,210064,210229,28377549212449.156,28377549212449.1
2012-11-30,125,210230,210354,21368636455157.496,21368636455157.4
2012-12-01,167,210355,210521,28548498304090.418,28548498304090.402
2012-12-02,143,210522,210664,24445720104700.164,24445720104700.1
2012-12-03,147,210665,210811,25129516471265.2,25129516471265.098
2012-12-04,112,210812,210923,19146298263821.125,19146298263821.1
2012-12-05,122,210924,211045,20855789180233.72,20855789180233.7
2012-12-06,137,211046,211182,23420025554852.605,23420025554852.5
2012-12-07,129,211183,211311,22052432821722.535,22052432821722.5
2012-12-08,138,211312,211449,23590974646493.867,23590974646493.8
2012-12-09,126,211450,211575,21539585546798.754,21539585546798.703
2012-12-10,143,211576,211718,24312478722466.953,24312478722466.9
2012-12-11,144,211719,211862,24124701015787.94,24124701015787.9
2012-12-12,130,211863,211992,21779243972586.336,21779243972586.3
2012-12-13,131,211993,212123,21946776618529.31,21946776618529.297
2012-12-14,106,212124,212229,17758460469955.01,17758460469955.0
2012-12-15,116,212230,212345,19433786929384.73,19433786929384.7
2012-12-16,111,212346,212456,18596123699669.87,18596123699669.9
2012-12-17,134,212457,212590,22449374556358.223,22449374556358.2
2012-12-18,125,212591,212715,20941580742871.477,20941580742871.5
2012-12-19,142,212716,212857,23789635723901.996,23789635723902.0
2012-12-20,106,212858,212963,17758460469955.01,17758460469955.0
2012-12-21,126,212964,213089,21109113388814.45,21109113388814.4
2012-12-22,153,213090,213242,25632494829274.688,25632494829274.703
2012-12-23,122,213243,213364,20438982805042.56,20438982805042.598
2012-12-24,132,213365,213496,22114309264472.277,22114309264472.3
2012-12-25,124,213497,213620,20774048096928.504,20774048096928.5
2012-12-26,154,213621,213774,24266313076201.234,24266313076201.2
2012-12-27,156,213775,213930,23106492181704.18,23106492181704.203
2012-12-28,169,213931,214099,25032033196846.184,25032033196846.2
2012-12-29,144,214100,214243,21329069706188.48,21329069706188.5
2012-12-30,166,214244,214409,24587677577967.258,24587677577967.297
2012-12-31,158,214410,214567,23402729260956.793,23402729260956.8
2013-01-01,162,214568,214729,23995203419462.027,23995203419462.0
2013-01-02,153,214730,214882,22662136562825.254,22662136562825.3
2013-01-03,162,214883,215044,23995203419462.027,23995203419462.0
2013-01-04,153,215045,215197,22662136562825.254,22662136562825.3
2013-01-05,141,215198,215338,20884714087309.555,20884714087309.6
2013-01-06,145,215339,215483,21477188245814.79,21477188245814.8
2013-01-07,168,215484,215651,24883914657219.875,24883914657219.902
2013-01-08,133,215652,215784,20679239357017.355,20679239357017.402
2013-01-09,130,215785,215914,20999678182562.26,20999678182562.3
2013-01-10,147,215915,216061,23745789944897.324,23745789944897.3
2013-01-11,117,216062,216178,18899710364306.035,18899710364306.0
2013-01-12,122,216179,216300,19707390294404.582,19707390294404.6
2013-01-13,133,216301,216433,21484286140621.39,21484286140621.4
2013-01-14,157,216434,216590,25361149805094.42,25361149805094.4
2013-01-15,121,216591,216711,19545854308384.875,19545854308384.9
2013-01-16,131,216712,216842,21161214168581.97,21161214168582.0
2013-01-17,111,216843,216953,17930494448187.777,17930494448187.8
2013-01-18,121,216954,217074,19545854308384.875,19545854308384.9
2013-01-19,154,217075,217228,24876541847035.293,24876541847035.297
2013-01-20,130,217229,217358,20999678182562.26,20999678182562.3
2013-01-21,132,217359,217490,21322750154601.68,21322750154601.7
2013-01-22,144,217491,217634,23261181986838.195,23261181986838.2
2013-01-23,126,217635,217760,19892941233332.07,19892941233332.098
2013-01-24,156,217761,217916,23022265067450.168,23022265067450.2
2013-01-25,137,217917,218053,20218271245132.523,20218271245132.5
2013-01-26,156,218054,218209,23022265067450.168,23022265067450.2
2013-01-27,151,218210,218360,22284371956313.945,22284371956313.902
2013-01-28,147,218361,218507,21694057467404.97,21694057467405.0
2013-01-29,158,218508,218665,23317422311904.656,23317422311904.7
2013-01-30,153,218666,218818,22579529200768.438,22579529200768.4
2013-01-31,193,218819,219011,28482674089858.25,28482674089858.2
2013-02-01,147,219012,219158,21694057467404.97,21694057467405.0
2013-02-02,153,219159,219311,22579529200768.438,22579529200768.4
2013-02-03,186,219312,219497,27449623734267.52,27449623734267.5
2013-02-04,164,219498,219661,24202894045268.125,24202894045268.098
2013-02-05,167,219662,219828,25941506382274.88,25941506382274.9
2013-02-06,146,219829,219974,23772337253030.082,23772337253030.098
2013-02-07,154,219975,220128,25074931075113.92,25074931075113.9
2013-02-08,151,220129,220279,24586458391832.484,24586458391832.5
2013-02-09,143,220280,220422,23283864569748.645,23283864569748.6
2013-02-10,161,220423,220583,26214700669437.28,26214700669437.3
2013-02-11,159,220584,220742,25889052213916.324,25889052213916.3
2013-02-12,139,220743,220881,22632567658706.723,22632567658706.703
2013-02-13,171,220882,221052,27842942947042.086,27842942947042.1
2013-02-14,151,221053,221203,24586458391832.484,24586458391832.5
2013-02-15,179,221204,221382,29145536769125.926,29145536769125.902
2013-02-16,189,221383,221571,30773779046730.727,30773779046730.7
2013-02-17,188,221572,221759,30610954818970.246,30610954818970.2
2013-02-18,161,221760,221920,29220336385810.37,29220336385810.4
2013-02-19,159,221921,222079,28857350840645.023,28857350840645.0
2013-02-20,193,222080,222272,35028105108455.895,35028105108455.9
2013-02-21,176,222273,222448,31942727974550.46,31942727974550.5
2013-02-22,170,222449,222618,30853771339054.42,30853771339054.402
2013-02-23,164,222619,222782,29764814703558.387,29764814703558.4
2013-02-24,156,222783,222938,28312872522897.008,28312872522897.0
2013-02-25,204,222939,223142,37024525606865.29,37024525606865.305
2013-02-26,166,223143,223308,30127800248723.734,30127800248723.703
2013-02-27,193,223309,223501,35028105108455.895,35028105108455.9
2013-02-28,168,223502,223669,30490785793889.08,30490785793889.098
2013-03-01,152,223670,223821,29226135404453.5,29226135404453.5
2013-03-02,145,223822,223966,31483602588044.88,31483602588044.9
2013-03-03,161,223967,224127,34957655287415.355,34957655287415.3
2013-03-04,179,224128,224306,38865964574207.14,38865964574207.1
2013-03-05,139,224307,224445,30180832825780.95,30180832825780.9
2013-03-06,155,224446,224600,33654885525151.426,33654885525151.4
2013-03-07,160,224601,224760,34740526993704.7,34740526993704.7
2013-03-08,160,224761,224920,34740526993704.7,34740526993704.7
2013-03-09,169,224921,225089,36694681637100.59,36694681637100.6
2013-03-10,183,225090,225272,39734477749049.76,39734477749049.805
2013-03-11,164,225273,225436,35609040168547.32,35609040168547.305
2013-03-12,135,225437,225571,29312319650938.33,29312319650938.3
2013-03-13,157,225572,225728,34089142112572.734,34089142112572.703
2013-03-14,179,225729,225907,41632512755595.89,41632512755595.9
2013-03-15,172,225908,226079,41448189683740.01,41448189683740.0
2013-03-16,175,226080,226254,42171123224735.47,42171123224735.5
2013-03-17,209,226255,226463,50364370022684.09,50364370022684.1
2013-03-18,190,226464,226653,45785790929712.805,45785790929712.805
2013-03-19,170,226654,226823,40966233989743.03,40966233989743.0
2013-03-20,211,226824,227034,50846325716681.07,50846325716681.1
2013-03-21,218,227035,227252,52533170645670.49,52533170645670.5
2013-03-22,229,227253,227481,55183926962653.83,55183926962653.8
2013-03-23,217,227482,227698,52292192798672.01,52292192798672.0
2013-03-24,189,227699,227887,52894691714916.75,52894691714916.805
2013-03-25,144,227888,228031,47930591505746.82,47930591505746.8
2013-03-26,151,228032,228182,50260550815053.95,50260550815054.0
2013-03-27,131,228183,228313,43603524217033.57,43603524217033.6
2013-03-28,183,228314,228496,60911793371886.71,60911793371886.7
2013-03-29,174,228497,228670,57916131402777.484,57916131402777.5
2013-03-30,173,228671,228843,57583280072876.45,57583280072876.5
2013-03-31,169,228844,229012,56251874753272.36,56251874753272.41
2013-04-01,198,229013,229210,65904563320402.086,65904563320402.1
2013-04-02,181,229211,229391,60246090712084.66,60246090712084.7
2013-04-03,175,229392,229566,58248982732678.51,58248982732678.5
2013-04-04,154,229567,229720,51259104804757.016,51259104804757.0
2013-04-05,158,229721,229878,55262166199276.68,55262166199276.695
2013-04-06,163,229879,230041,62172583868616.02,62172583868616.0
2013-04-07,164,230042,230205,62554010763515.51,62554010763515.5
2013-04-08,155,230206,230360,59121168709420.15,59121168709420.09
2013-04-09,176,230361,230536,67131133502309.32,67131133502309.3
2013-04-10,191,230537,230727,72852536925801.6,72852536925801.6
2013-04-11,160,230728,230887,61028303183917.57,61028303183917.6
2013-04-12,173,230888,231060,65986852817610.87,65986852817610.9
2013-04-13,167,231061,231227,63698291448213.96,63698291448214.0
2013-04-14,153,231228,231380,58358314919621.18,58358314919621.2
2013-04-15,164,231381,231544,62554010763515.51,62554010763515.5
2013-04-16,177,231545,231721,67512560397208.805,67512560397208.805
2013-04-17,171,231722,231892,68652451353856.96,68652451353857.0
2013-04-18,147,231893,232039,65578857171519.15,65578857171519.1
2013-04-19,137,232040,232176,61117710425157.31,61117710425157.3
2013-04-20,154,232177,232330,68701659893972.43,68701659893972.41
2013-04-21,176,232331,232506,78516182735968.47,78516182735968.5
2013-04-22,153,232507,232659,68255545219336.25,68255545219336.3
2013-04-23,168,232660,232827,74947265338879.0,74947265338879.0
2013-04-24,162,232828,232989,72270577291061.9,72270577291061.89
2013-04-25,172,232990,233161,76731724037423.73,76731724037423.7
2013-04-26,171,233162,233332,76285609362787.56,76285609362787.6
2013-04-27,147,233333,233479,65578857171519.15,65578857171519.1
2013-04-28,177,233480,233656,78962297410604.66,78962297410604.7
2013-04-29,174,233657,233830,77623953386696.11,77623953386696.1
2013-04-30,149,233831,233979,73263876142535.69,73263876142535.69
2013-05-01,151,233980,234130,75635180651381.36,75635180651381.4
2013-05-02,134,234131,234264,67119961637649.625,67119961637649.59
2013-05-03,137,234265,234401,68622647345955.23,68622647345955.2
2013-05-04,159,234402,234560,79642342540196.3,79642342540196.3
2013-05-05,165,234561,234725,82647713956807.48,82647713956807.5
2013-05-06,166,234726,234891,83148609192909.36,83148609192909.4
2013-05-07,168,234892,235059,84150399665113.1,84150399665113.1
2013-05-08,165,235060,235224,82647713956807.48,82647713956807.5
2013-05-09,164,235225,235388,82146818720705.62,82146818720705.6
2013-05-10,172,235389,235560,86153980609520.56,86153980609520.61
2013-05-11,182,235561,235742,91162932970539.22,91162932970539.2
2013-05-12,168,235743,235910,86304227265133.0,86304227265133.0
2013-05-13,174,235911,236084,96765155758737.25,96765155758737.19
2013-05-14,154,236085,236238,85642724062330.72,85642724062330.7
2013-05-15,141,236239,236379,78413143459666.48,78413143459666.5
2013-05-16,148,236380,236527,82305994553408.77,82305994553408.8
2013-05-17,161,236528,236688,89535575156073.0,89535575156073.0
2013-05-18,149,236689,236837,82862116138229.1,82862116138229.1
2013-05-19,156,236838,236993,86754967231971.38,86754967231971.4
2013-05-20,129,236994,237122,71739684441822.58,71739684441822.61
2013-05-21,151,237123,237273,83974359307869.75,83974359307869.7
2013-05-22,156,237274,237429,86754967231971.38,86754967231971.4
2013-05-23,174,237430,237603,96765155758737.25,96765155758737.19
2013-05-24,169,237604,237772,93984547834635.61,93984547834635.61
2013-05-25,165,237773,237937,94161450904980.98,94161450904981.0
2013-05-26,163,237938,238100,98476347801095.58,98476347801095.6
2013-05-27,176,238101,238276,106330289650262.75,106330289650263.0
2013-05-28,158,238277,238434,95455600936031.28,95455600936031.3
2013-05-29,168,238435,238602,101497094666159.88,101497094666160.0
2013-05-30,179,238603,238781,108142737769301.31,108142737769301.0
2013-05-31,175,238782,238956,105726140277249.89,105726140277250.0
2013-06-01,213,238957,239169,128683816451738.53,128683816451739.0
2013-06-02,199,239170,239368,120225725229558.5,120225725229558.0
2013-06-03,213,239369,239581,128683816451738.53,128683816451739.0
2013-06-04,213,239582,239794,128683816451738.53,128683816451739.0
2013-06-05,184,239795,239978,124034297282977.19,124034297282977.0
2013-06-06,181,239979,240159,140412597707310.39,140412597707310.0
2013-06-07,161,240160,240320,124897393540756.78,124897393540757.0
2013-06-08,181,240321,240501,140412597707310.39,140412597707310.0
2013-06-09,159,240502,240660,123345873124101.42,123345873124101.0
2013-06-10,174,240661,240834,134982276249016.62,134982276249016.98
2013-06-11,180,240835,241014,139636837498982.7,139636837498983.0
2013-06-12,203,241015,241217,157479322290519.34,157479322290519.0
2013-06-13,186,241218,241403,144291398748948.78,144291398748949.0
2013-06-14,180,241404,241583,139636837498982.7,139636837498983.0
2013-06-15,173,241584,241756,134206516040688.95,134206516040689.0
2013-06-16,185,241757,241941,147598828306874.53,147598828306875.0
2013-06-17,145,241942,242086,139397162757821.2,139397162757821.0
2013-06-18,140,242087,242226,134590364042034.3,134590364042034.0
2013-06-19,136,242227,242362,130744925069404.78,130744925069405.02
2013-06-20,154,242363,242516,148049400446237.62,148049400446238.0
2013-06-21,168,242517,242684,161508436850440.97,161508436850441.0
2013-06-22,176,242685,242860,169199314795700.0,169199314795700.0
2013-06-23,165,242861,243025,158624357620968.8,158624357620969.0
2013-06-24,150,243026,243175,144203961473608.1,144203961473608.0
2013-06-25,157,243176,243332,150933479675709.78,150933479675710.0
2013-06-26,174,243333,243506,167276595309385.25,167276595309385.0
2013-06-27,167,243507,243673,160547077107283.6,160547077107284.0
2013-06-28,169,243674,243842,162469796593598.34,162469796593598.0
2013-06-29,169,243843,244011,170010913293504.22,170010913293504.0
2013-06-30,153,244012,244164,162269499322626.47,162269499322626.0
2013-07-01,157,244165,244321,166511839174198.44,166511839174198.0
2013-07-02,153,244322,244474,162269499322626.47,162269499322626.0
2013-07-03,184,244475,244658,195147633172309.16,195147633172309.0
2013-07-04,165,244659,244823,174996518877342.34,174996518877342.0
2013-07-05,186,244824,245009,197268803098095.12,197268803098095.0
2013-07-06,187,245010,245196,198329388060988.12,198329388060988.0
2013-07-07,186,245197,245382,197268803098095.12,197268803098095.0
2013-07-08,192,245383,245574,203632312875453.06,203632312875453.0
2013-07-09,185,245575,245759,196208218135202.12,196208218135202.0
2013-07-10,195,245760,245954,207534003688854.16,207534003688854.0
2013-07-11,174,245955,246128,226298067177263.5,226298067177263.0
2013-07-12,154,246129,246282,200286795087923.03,200286795087923.0
2013-07-13,157,246283,246439,204188485901324.12,204188485901324.0
2013-07-14,172,246440,246611,223696939968329.47,223696939968329.0
2013-07-15,164,246612,246775,213292431132593.38,213292431132593.0
2013-07-16,164,246776,246939,213292431132593.38,213292431132593.0
2013-07-17,184,246940,247123,239303703221933.6,239303703221934.0
2013-07-18,161,247124,247284,209390740319192.28,209390740319192.0
2013-07-19,171,247285,247455,222396376363862.47,222396376363862.0
2013-07-20,186,247456,247641,241904830430867.62,241904830430868.0
2013-07-21,199,247642,247840,258812157288938.75,258812157288938.97
2013-07-22,165,247841,248005,224215671699358.28,224215671699358.0
2013-07-23,141,248006,248146,219084664326799.25,219084664326799.0
2013-07-24,159,248147,248305,247052919347241.72,247052919347242.0
2013-07-25,146,248306,248451,226853624054699.94,226853624054700.0
2013-07-26,164,248452,248615,254821879075142.4,254821879075142.0
2013-07-27,181,248616,248796,281236342150004.72,281236342150005.0
2013-07-28,168,248797,248964,261037046857462.94,261037046857463.0
2013-07-29,178,248965,249142,276574966313264.3,276574966313264.0
2013-07-30,197,249143,249339,306097013279286.9,306097013279287.0
2013-07-31,190,249340,249529,295220469660225.94,295220469660226.0
2013-08-01,177,249530,249706,275021174367684.16,275021174367684.0
2013-08-02,192,249707,249898,298328053551386.2,298328053551386.0
2013-08-03,170,249899,250068,290070696755867.75,290070696755868.0
2013-08-04,179,250069,250247,332726003144688.8,332726003144689.0
2013-08-05,189,250248,250436,351314048013107.1,351314048013107.0
2013-08-06,190,250437,250626,353172852499949.0,353172852499949.0
2013-08-07,186,250627,250812,345737634552581.6,345737634552582.0
2013-08-08,205,250813,251017,381054919802576.56,381054919802577.0
2013-08-09,195,251018,251212,362466874934158.2,362466874934158.0
2013-08-10,210,251213,251422,390348942236785.75,390348942236786.0
2013-08-11,216,251423,251638,401501769157836.75,401501769157837.0
2013-08-12,216,251639,251854,401501769157836.75,401501769157837.0
2013-08-13,183,251855,252037,365506885446450.56,365506885446451.0
2013-08-14,168,252038,252205,424333669882539.0,424333669882539.0
2013-08-15,170,252206,252375,429385261190664.44,429385261190664.0
2013-08-16,168,252376,252543,424333669882539.0,424333669882539.0
2013-08-17,190,252544,252733,479901174271919.3,479901174271919.0
2013-08-18,194,252734,252927,490004356888170.3,490004356888170.0
2013-08-19,177,252928,253104,447065830769103.6,447065830769104.0
2013-08-20,190,253105,253294,479901174271919.3,479901174271919.0
2013-08-21,196,253295,253490,495055948196295.75,495055948196296.0
2013-08-22,216,253491,253706,545571861277550.6,545571861277550.94
2013-08-23,196,253707,253902,495055948196295.75,495055948196296.0
2013-08-24,183,253903,254085,514206634181363.7,514206634181364.06
2013-08-25,151,254086,254236,493536435944481.56,493536435944482.0
2013-08-26,166,254237,254402,542563234217111.6,542563234217112.06
2013-08-27,169,254403,254571,552368593871637.6,552368593871638.06
2013-08-28,178,254572,254749,581784672835215.6,581784672835216.0
2013-08-29,189,254750,254938,617737658235144.4,617737658235144.0
2013-08-30,205,254939,255143,670032909725949.8,670032909725950.0
2013-08-31,223,255144,255366,728865067653105.8,728865067653106.0
2013-09-01,221,255367,255587,722328161216755.1,722328161216755.0
2013-09-02,215,255588,255802,702717441907703.1,702717441907703.0
2013-09-03,194,255803,255996,634079924326021.0,634079924326021.0
2013-09-04,163,255997,256159,667543223035941.0,667543223035941.0
2013-09-05,179,256160,256338,773542011809099.4,773542011809099.0
2013-09-06,185,256339,256523,799470794327840.1,799470794327840.0
2013-09-07,145,256524,256668,626612244202901.8,626612244202902.0
2013-09-08,157,256669,256825,678469809240383.2,678469809240383.0
2013-09-09,203,256826,257028,877257141884062.4,877257141884062.0
2013-09-10,191,257029,257219,825399576846580.9,825399576846581.0
2013-09-11,200,257220,257419,864292750624692.0,864292750624692.0
2013-09-12,213,257420,257632,920471779415297.0,920471779415297.0
2013-09-13,204,257633,257836,881578605637185.8,881578605637186.0
2013-09-14,218,257837,258054,951020420564436.0,951020420564436.0
2013-09-15,181,258055,258235,1013381989517836.5,1013381989517840.0
2013-09-16,154,258236,258389,862214510418490.6,862214510418490.0
2013-09-17,179,258390,258568,1002184398473440.5,1002184398473440.0
2013-09-18,165,258569,258733,923801261162668.6,923801261162668.0
2013-09-19,190,258734,258923,1063771149217618.5,1063771149217620.0
2013-09-20,200,258924,259123,1119759104439598.5,1119759104439599.9
2013-09-21,189,259124,259312,1058172353695420.5,1058172353695420.0
2013-09-22,203,259313,259515,1136555491006192.5,1136555491006190.0
2013-09-23,210,259516,259725,1175747059661578.5,1175747059661580.0
2013-09-24,212,259726,259937,1186944650705974.5,1186944650705970.0
2013-09-25,206,259938,260143,1297275639667094.0,1297275639667090.0
2013-09-26,162,260144,260305,1198450492837051.0,1198450492837050.0
2013-09-27,178,260306,260483,1316815973611080.5,1316815973611080.0
2013-09-28,177,260484,260660,1309418131062703.5,1309418131062700.0
2013-09-29,170,260661,260830,1257633233224065.8,1257633233224070.0
2013-09-30,163,260831,260993,1205848335385427.8,1205848335385430.0
2013-10-01,187,260994,261180,1383396556546472.0,1383396556546470.0
2013-10-02,191,261181,261371,1412987926739979.5,1412987926739980.0
2013-10-03,199,261372,261570,1472170667126994.0,1472170667126990.0
2013-10-04,180,261571,261750,1331611658707834.0,1331611658707830.0
2013-10-05,219,261751,261969,1620127518094531.0,1620127518094530.0
2013-10-06,185,261970,262154,1519454325640950.2,1519454325640950.0
2013-10-07,156,262155,262310,1467838622264550.5,1467838622264550.0
2013-10-08,162,262311,262472,1524293953890110.0,1524293953890110.0
2013-10-09,178,262473,262650,1674841504891602.2,1674841504891600.0
2013-10-10,192,262651,262842,1806570612017910.2,1806570612017910.0
2013-10-11,185,262843,263027,1740706058454756.0,1740706058454760.0
2013-10-12,214,263028,263241,2013573494644966.2,2013573494644970.0
2013-10-13,221,263242,263462,2079438048208120.5,2079438048208120.0
2013-10-14,250,263463,263712,2352305484398330.5,2352305484398330.0
2013-10-15,260,263713,263972,2446397703774265.5,2446397703774270.0
2013-10-16,210,263973,264182,2315216654528220.5,2315216654528220.0
2013-10-17,167,264183,264349,2222601764208153.0,2222601764208150.2
2013-10-18,192,264350,264541,2555326579209374.0,2555326579209370.0
2013-10-19,223,264542,264764,2967905349810887.5,2967905349810890.0
2013-10-20,199,264765,264963,2648489527409715.5,2648489527409720.0
2013-10-21,211,264964,265174,2808197438610301.5,2808197438610300.0
2013-10-22,245,265175,265419,3260703187011961.5,3260703187011960.0
2013-10-23,221,265420,265640,2941287364610790.0,2941287364610790.0
2013-10-24,215,265641,265855,2861433409010497.0,2861433409010500.0
2013-10-25,235,265856,266090,3127613261011473.5,3127613261011470.0
2013-10-26,182,266091,266272,3408230090356244.5,3408230090356240.0
2013-10-27,179,266273,266451,3478538403665743.5,3478538403665740.0
2013-10-28,175,266452,266626,3400805701907848.5,3400805701907850.0
2013-10-29,160,266627,266786,3109308070315747.5,3109308070315750.0
2013-10-30,195,266787,266981,3789469210697323.5,3789469210697320.0
2013-10-31,211,266982,267192,4100400017728904.0,4100400017728900.0
2013-11-01,208,267193,267400,4042100491410483.0,4042100491410480.0
2013-11-02,202,267401,267602,3925501438773640.0,3925501438773640.0
2013-11-03,192,267603,267794,3731169684378902.5,3731169684378900.0
2013-11-04,195,267795,267989,3789469210697323.5,3789469210697320.0
2013-11-05,174,267990,268163,3596122592036177.0,3596122592036180.0
2013-11-06,163,268164,268326,4139948171288374.0,4139948171288370.0
2013-11-07,144,268327,268470,3657377525555367.5,3657377525555370.0
2013-11-08,134,268471,268604,3403392975169575.0,3403392975169580.0
2013-11-09,148,268605,268752,3758971345709685.0,3758971345709680.0
2013-11-10,171,268753,268923,4343135811597008.5,4343135811597009.5
2013-11-11,187,268924,269110,4749511092214277.0,4749511092214280.0
2013-11-12,201,269111,269311,5105089462754387.0,5105089462754390.0
2013-11-13,168,269312,269479,4266940446481270.5,4266940446481269.5
2013-11-14,183,269480,269662,4647917272059960.0,4647917272059960.0
2013-11-15,166,269663,269828,4216143536404112.0,4216143536404110.0
2013-11-16,194,269829,270022,4927300277484332.0,4927300277484330.0
2013-11-17,186,270023,270208,5042553702537597.0,5042553702537600.0
2013-11-18,156,270209,270364,4726417542886924.0,4726417542886920.0
2013-11-19,161,270365,270525,4877905284646120.0,4877905284646120.0
2013-11-20,164,270526,270689,4968797929701638.0,4968797929701640.0
2013-11-21,150,270690,270839,4544632252775889.0,4544632252775890.0
2013-11-22,172,270840,271011,5211178316516351.0,5211178316516350.0
2013-11-23,170,271012,271181,5150583219812673.0,5150583219812670.0
2013-11-24,168,271182,271349,5089988123108994.0,5089988123108990.0
2013-11-25,173,271350,271522,5241475864868190.0,5241475864868190.0
2013-11-26,159,271523,271681,4817310187942442.0,4817310187942440.0
2013-11-27,173,271682,271854,5241475864868190.0,5241475864868190.0
2013-11-28,181,271855,272035,5483856251682904.0,5483856251682900.0
2013-11-29,173,272036,272208,5480003363575514.0,5480003363575510.0
2013-11-30,176,272209,272384,6189120342015306.0,6189120342015310.0
2013-12-01,195,272385,272579,6857264015301049.0,6857264015301050.0
2013-12-02,159,272580,272738,5591307581707009.0,5591307581707010.0
2013-12-03,200,272739,272938,7033091297744662.0,7033091297744660.0
2013-12-04,171,272939,273109,6013293059571689.0,6013293059571690.0
2013-12-05,170,273110,273279,5978127603082966.0,5978127603082970.0
2013-12-06,208,273280,273487,7314414949654443.0,7314414949654440.0
2013-12-07,195,273488,273682,6857264015301049.0,6857264015301050.0
2013-12-08,195,273683,273877,6857264015301049.0,6857264015301050.0
2013-12-09,176,273878,274053,6189120342015306.0,6189120342015310.0
2013-12-10,192,274054,274245,7450991331927821.0,7450991331927820.0
2013-12-11,165,274246,274410,7450470437858419.0,7450470437858420.0
2013-12-12,163,274411,274573,7360161705278318.0,7360161705278320.0
2013-12-13,174,274574,274747,7856859734468873.0,7856859734468870.0
2013-12-14,198,274748,274945,8940564525430085.0,8940564525430080.0
2013-12-15,177,274946,275122,7992322833339025.0,7992322833339020.0
2013-12-16,201,275123,275323,9076027624300236.0,9076027624300240.0
2013-12-17,203,275324,275526,9166336356880336.0,9166336356880340.0
2013-12-18,199,275527,275725,8985718891720135.0,8985718891720129.0
2013-12-19,226,275726,275951,1.0204886781551498e+16,1.02048867815515e+16
2013-12-20,178,275952,276129,8037477199629075.0,8037477199629080.0
2013-12-21,161,276130,276290,8611267744351021.0,8611267744351020.0
2013-12-22,169,276291,276459,9920977765739080.0,9920977765739080.0
2013-12-23,171,276460,276630,1.00383857866354e+16,1.00383857866354e+16
2013-12-24,169,276631,276799,9920977765739080.0,9920977765739080.0
2013-12-25,162,276800,276961,9510049692601958.0,9510049692601960.0
2013-12-26,180,276962,277141,1.0566721880668842e+16,1.05667218806688e+16
2013-12-27,184,277142,277325,1.0801537922461484e+16,1.08015379224615e+16
2013-12-28,150,277326,277475,8805601567224036.0,8805601567224039.0
2013-12-29,168,277476,277643,9862273755290920.0,9862273755290920.0
2013-12-30,173,277644,277816,1.0155793807531722e+16,1.01557938075317e+16
2013-12-31,184,277817,278000,1.0801537922461484e+16,1.08015379224615e+16
2014-01-01,205,278001,278205,1.2034322141872848e+16,1.20343221418728e+16
2014-01-02,134,278206,278339,9425136247148002.0,9425136247148000.0
2014-01-03,161,278340,278500,1.1352607912322126e+16,1.13526079123221e+16
2014-01-04,141,278501,278641,9942346059859752.0,9942346059859750.0
2014-01-05,193,278642,278834,1.3609026876261928e+16,1.36090268762619e+16
2014-01-06,186,278835,279020,1.3115435227900096e+16,1.31154352279001e+16
2014-01-07,177,279021,279197,1.2480817394292028e+16,1.2480817394292e+16
2014-01-08,193,279198,279390,1.3609026876261928e+16,1.36090268762619e+16
2014-01-09,207,279391,279597,1.4596210172985592e+16,1.45962101729856e+16
2014-01-10,187,279598,279784,1.3185948320523216e+16,1.31859483205232e+16
2014-01-11,210,279785,279994,1.480774945085495e+16,1.48077494508549e+16
2014-01-12,207,279995,280201,1.4596210172985592e+16,1.45962101729856e+16
2014-01-13,169,280202,280370,1.4628240671114162e+16,1.46282406711142e+16
2014-01-14,162,280371,280532,1.4411335555181624e+16,1.44113355551816e+16
2014-01-15,184,280533,280716,1.6368430507119846e+16,1.63684305071198e+16
2014-01-16,185,280717,280901,1.6457389368571582e+16,1.64573893685716e+16
2014-01-17,152,280902,281053,1.3521746940664248e+16,1.35217469406642e+16
2014-01-18,174,281054,281227,1.5478841892602472e+16,1.54788418926025e+16
2014-01-19,169,281228,281396,1.5034047585343786e+16,1.50340475853438e+16
2014-01-20,195,281397,281591,1.7346977983088956e+16,1.7346977983089e+16
2014-01-21,166,281592,281757,1.4767171000988574e+16,1.47671710009886e+16
2014-01-22,192,281758,281949,1.7080101398733744e+16,1.70801013987337e+16
2014-01-23,177,281950,282126,1.5745718476957684e+16,1.57457184769577e+16
2014-01-24,189,282127,282315,1.8340665799655556e+16,1.83406657996556e+16
2014-01-25,165,282316,282480,1.7994366910204084e+16,1.7994366910204098e+16
2014-01-26,152,282481,282632,1.657662891121832e+16,1.65766289112183e+16
2014-01-27,174,282633,282806,1.897587783257884e+16,1.89758778325788e+16
2014-01-28,154,282807,282960,1.6794742449523822e+16,1.6794742449523802e+16
2014-01-29,152,282961,283112,1.657662891121832e+16,1.65766289112183e+16
2014-01-30,176,283113,283288,1.9193991370884344e+16,1.91939913708843e+16
2014-01-31,184,283289,283472,2.006644552410635e+16,2.00664455241063e+16
2014-02-01,189,283473,283661,2.0611729369870104e+16,2.06117293698701e+16
2014-02-02,186,283662,283847,2.0284559062411852e+16,2.02845590624119e+16
2014-02-03,181,283848,284028,1.9739275216648096e+16,1.97392752166481e+16
2014-02-04,172,284029,284200,1.875776429427334e+16,1.87577642942733e+16
2014-02-05,168,284201,284368,2.0723233908628788e+16,2.07232339086288e+16
2014-02-06,182,284369,284550,2.3716551434968056e+16,2.37165514349681e+16
2014-02-07,155,284551,284705,2.0198161936373876e+16,2.01981619363739e+16
2014-02-08,182,284706,284887,2.3716551434968056e+16,2.37165514349681e+16
2014-02-09,138,284888,285025,1.7982879659481242e+16,1.7982879659481202e+16
2014-02-10,156,285026,285181,2.032847265854403e+16,2.0328472658544e+16
2014-02-11,164,285182,285345,2.1370958435905268e+16,2.13709584359053e+16
2014-02-12,178,285346,285523,2.3195308546287436e+16,2.31953085462874e+16
2014-02-13,178,285524,285701,2.3195308546287436e+16,2.31953085462874e+16
2014-02-14,191,285702,285892,2.4889347934499452e+16,2.48893479344994e+16
2014-02-15,187,285893,286079,2.436810504581883e+16,2.43681050458188e+16
2014-02-16,195,286080,286274,2.548637443566308e+16,2.54863744356631e+16
2014-02-17,155,286275,286429,2.4113648581329576e+16,2.41136485813296e+16
2014-02-18,163,286430,286592,2.5358223991978844e+16,2.53582239919788e+16
2014-02-19,200,286593,286792,3.111438526623178e+16,3.11143852662318e+16
2014-02-20,177,286793,286969,2.7536230960615064e+16,2.75362309606151e+16
2014-02-21,152,286970,287121,2.36469328023361e+16,2.36469328023361e+16
2014-02-22,180,287122,287301,2.800294673960855e+16,2.80029467396085e+16
2014-02-23,168,287302,287469,2.6136083623634636e+16,2.61360836236346e+16
2014-02-24,191,287470,287660,2.9714237929251324e+16,2.97142379292513e+16
2014-02-25,161,287661,287821,2.5047080139316524e+16,2.50470801393165e+16
2014-02-26,184,287822,288005,2.8625234444933196e+16,2.86252344449332e+16
2014-02-27,188,288006,288193,2.924752215025784e+16,2.92475221502578e+16
2014-02-28,181,288194,288374,3.1125978396929364e+16,3.11259783969294e+16
2014-03-01,144,288375,288518,2.73140148774629e+16,2.73140148774629e+16
2014-03-02,140,288519,288658,2.655529224197782e+16,2.65552922419778e+16
2014-03-03,148,288659,288806,2.8072737512947972e+16,2.8072737512948e+16
2014-03-04,149,288807,288955,2.826241817181924e+16,2.82624181718192e+16
2014-03-05,156,288956,289111,2.959018278391811e+16,2.95901827839181e+16
2014-03-06,173,289112,289284,3.2814753984729652e+16,3.28147539847296e+16
2014-03-07,166,289285,289450,3.1486989372630784e+16,3.14869893726308e+16
2014-03-08,168,289451,289618,3.1866350690373316e+16,3.18663506903733e+16
2014-03-09,179,289619,289797,3.3952837937957256e+16,3.39528379379573e+16
2014-03-10,149,289798,289946,2.826241817181924e+16,2.82624181718192e+16
2014-03-11,168,289947,290114,3.1866350690373316e+16,3.18663506903733e+16
2014-03-12,182,290115,290296,3.4521879914571056e+16,3.45218799145711e+16
2014-03-13,162,290297,290458,3.4076083823215476e+16,3.40760838232155e+16
2014-03-14,133,290459,290591,2.8100170677925868e+16,2.81001706779259e+16
2014-03-15,165,290592,290756,3.4861113998930564e+16,3.4861113998930604e+16
2014-03-16,171,290757,290927,3.612879087161894e+16,3.61287908716189e+16
2014-03-17,161,290928,291088,3.4015996083804976e+16,3.4015996083805004e+16
2014-03-18,146,291089,291234,3.0846803902084024e+16,3.0846803902084e+16
2014-03-19,160,291235,291394,3.380471660502358e+16,3.3804716605023596e+16
2014-03-20,177,291395,291571,3.739646774430733e+16,3.7396467744307304e+16
2014-03-21,186,291572,291757,3.9297983053339896e+16,3.9297983053339896e+16
2014-03-22,170,291758,291927,3.5917511392837548e+16,3.59175113928376e+16
2014-03-23,214,291928,292141,4.521380845921901e+16,4.5213808459219e+16
2014-03-24,188,292142,292329,4.009667112196241e+16,4.00966711219624e+16
2014-03-25,157,292330,292486,3.907610521231666e+16,3.90761052123166e+16
2014-03-26,159,292487,292645,3.957388999209139e+16,3.95738899920914e+16
2014-03-27,173,292646,292818,4.305838345051455e+16,4.30583834505145e+16
2014-03-28,174,292819,292992,4.330727584040192e+16,4.3307275840401896e+16
2014-03-29,175,292993,293167,4.35561682302893e+16,4.3556168230289304e+16
2014-03-30,140,293168,293307,3.484493458423138e+16,3.48449345842314e+16
2014-03-31,180,293308,293487,4.4800630179726136e+16,4.48006301797261e+16
2014-04-01,171,293488,293658,4.2560598670739816e+16,4.25605986707398e+16
2014-04-02,197,293659,293855,4.903180080781141e+16,4.90318008078114e+16
2014-04-03,204,293856,294059,5.077404753702299e+16,5.0774047537023e+16
2014-04-04,195,294060,294254,4.853401602803667e+16,4.8534016028036696e+16
2014-04-05,171,294255,294425,4.753947463638034e+16,4.7539474636380296e+16
2014-04-06,151,294426,294576,4.593619832645603e+16,4.5936198326456e+16
2014-04-07,151,294577,294727,4.593619832645603e+16,4.5936198326456e+16
2014-04-08,134,294728,294861,4.076457334930534e+16,4.07645733493053e+16
2014-04-09,161,294862,295022,4.897833066595643e+16,4.89783306659564e+16
2014-04-10,155,295023,295177,4.715305126225619e+16,4.71530512622562e+16
2014-04-11,169,295178,295346,5.141203653755675e+16,5.14120365375568e+16
2014-04-12,161,295347,295507,4.897833066595643e+16,4.89783306659564e+16
2014-04-13,187,295508,295694,5.688787474865747e+16,5.68878747486575e+16
2014-04-14,193,295695,295887,5.871315415235772e+16,5.8713154152357704e+16
2014-04-15,182,295888,296069,5.536680857890727e+16,5.5366808578907304e+16
2014-04-16,159,296070,296228,4.836990419805635e+16,4.8369904198056296e+16
2014-04-17,169,296229,296397,5.3376554667298776e+16,5.33765546672988e+16
2014-04-18,160,296398,296557,5.550722397023951e+16,5.55072239702395e+16
2014-04-19,159,296558,296716,5.516030382042552e+16,5.5160303820425496e+16
2014-04-20,178,296717,296894,6.175178666689136e+16,6.17517866668914e+16
2014-04-21,171,296895,297065,5.9323345618193416e+16,5.93233456181934e+16
2014-04-22,154,297066,297219,5.3425703071355544e+16,5.3425703071355496e+16
2014-04-23,165,297220,297384,5.724182471930947e+16,5.72418247193095e+16
2014-04-24,151,297385,297535,5.238494262191355e+16,5.2384942621913496e+16
2014-04-25,182,297536,297717,6.313946726614732e+16,6.3139467266147304e+16
2014-04-26,163,297718,297880,5.654798441968149e+16,5.65479844196815e+16
2014-04-27,177,297881,298057,6.140486651707737e+16,6.14048665170774e+16
2014-04-28,152,298058,298209,5.2731862771727544e+16,5.27318627717276e+16
2014-04-29,171,298210,298380,5.998381531557678e+16,5.99838153155768e+16
2014-04-30,137,298381,298517,5.448839502770992e+16,5.4488395027709896e+16
2014-05-01,176,298518,298693,6.999968996260566e+16,6.99996899626057e+16
2014-05-02,161,298694,298854,6.403380729533807e+16,6.40338072953381e+16
2014-05-03,142,298855,298996,5.6477022583465784e+16,5.64770225834658e+16
2014-05-04,151,298997,299147,6.005655218382634e+16,6.00565521838263e+16
2014-05-05,125,299148,299272,4.971568889389592e+16,4.97156888938959e+16
2014-05-06,194,299273,299466,7.715874916332678e+16,7.71587491633268e+16
2014-05-07,159,299467,299625,6.323835627303572e+16,6.3238356273035704e+16
2014-05-08,167,299626,299792,6.64201603622451e+16,6.6420160362245096e+16
2014-05-09,170,299793,299962,6.761333689569862e+16,6.761333689569859e+16
2014-05-10,179,299963,300141,7.119286649605918e+16,7.11928664960592e+16
2014-05-11,152,300142,300293,6.045427769497751e+16,6.0454277694977496e+16
2014-05-12,164,300294,300457,6.836311868199255e+16,6.836311868199259e+16
2014-05-13,162,300458,300619,7.129712532295657e+16,7.129712532295661e+16
2014-05-14,150,300620,300769,6.60158567805154e+16,6.60158567805154e+16
2014-05-15,171,300770,300940,7.525807672978746e+16,7.52580767297874e+16
2014-05-16,181,300941,301121,7.965913384848843e+16,7.96591338484884e+16
2014-05-17,173,301122,301294,7.613828815352765e+16,7.61382881535276e+16
2014-05-18,172,301295,301466,7.569818244165755e+16,7.56981824416575e+16
2014-05-19,168,301467,301634,7.393775959417715e+16,7.39377595941772e+16
2014-05-20,177,301635,301811,7.789871100100803e+16,7.7898711001008e+16
2014-05-21,175,301812,301986,7.701849957726784e+16,7.701849957726779e+16
2014-05-22,172,301987,302158,7.569818244165755e+16,7.56981824416575e+16
2014-05-23,165,302159,302323,7.261744245856686e+16,7.26174424585669e+16
2014-05-24,154,302324,302477,7.398905414809829e+16,7.398905414809829e+16
2014-05-25,161,302478,302638,8.368082342822094e+16,8.368082342822101e+16
2014-05-26,158,302639,302796,8.212155342645285e+16,8.21215534264529e+16
2014-05-27,136,302797,302932,7.068690674682017e+16,7.06869067468202e+16
2014-05-28,169,302933,303101,8.783887676626918e+16,8.78388767662692e+16
2014-05-29,141,303102,303242,7.328569008310032e+16,7.32856900831003e+16
2014-05-30,167,303243,303409,8.679936343175714e+16,8.67993634317572e+16
2014-05-31,147,303410,303556,7.640423008663651e+16,7.64042300866365e+16
2014-06-01,175,303557,303731,9.095741676980538e+16,9.095741676980539e+16
2014-06-02,193,303732,303924,1.0031303678041394e+17,1.00313036780414e+17
2014-06-03,178,303925,304102,9.251668677157347e+16,9.25166867715735e+16
2014-06-04,181,304103,304283,9.407595677334157e+16,9.40759567733416e+16
2014-06-05,152,304284,304435,8.029630739187683e+16,8.02963073918768e+16
2014-06-06,139,304436,304574,8.123456983286096e+16,8.123456983286101e+16
2014-06-07,155,304575,304729,9.05853116841256e+16,9.05853116841256e+16
2014-06-08,136,304730,304865,7.948130573574885e+16,7.94813057357488e+16
2014-06-09,156,304866,305021,9.116973304982963e+16,9.11697330498296e+16
2014-06-10,167,305022,305188,9.759836807257406e+16,9.75983680725741e+16
2014-06-11,146,305189,305334,8.532551939278923e+16,8.53255193927892e+16
2014-06-12,172,305335,305506,1.0052047490109427e+17,1.00520474901094e+17
2014-06-13,163,305507,305669,9.52606826097579e+16,9.52606826097579e+16
2014-06-14,178,305670,305847,1.040270030953185e+17,1.04027003095318e+17
2014-06-15,190,305848,306037,1.1104005948376696e+17,1.11040059483767e+17
2014-06-16,188,306038,306225,1.098712167523589e+17,1.09871216752359e+17
2014-06-17,184,306226,306409,1.0753353128954274e+17,1.0753353128954299e+17
2014-06-18,158,306410,306567,1.0387234433237114e+17,1.0387234433237099e+17
2014-06-19,167,306568,306734,1.1176115739639227e+17,1.11761157396392e+17
2014-06-20,186,306735,306920,1.2447649865705968e+17,1.2447649865706e+17
2014-06-21,186,306921,307106,1.2447649865705968e+17,1.2447649865706e+17
2014-06-22,180,307107,307286,1.204611277326384e+17,1.20461127732638e+17
2014-06-23,176,307287,307462,1.1778421378302421e+17,1.17784213783024e+17
2014-06-24,188,307463,307650,1.2581495563186677e+17,1.2581495563186699e+17
2014-06-25,187,307651,307837,1.2514572714446323e+17,1.25145727144463e+17
2014-06-26,171,307838,308008,1.1443807134600646e+17,1.14438071346006e+17
2014-06-27,197,308009,308205,1.318380120184987e+17,1.3183801201849899e+17
2014-06-28,182,308206,308387,1.2179958470744549e+17,1.21799584707445e+17
2014-06-29,157,308388,308544,1.2125058344725797e+17,1.21250583447258e+17
2014-06-30,132,308545,308676,1.1035863293610278e+17,1.1035863293610299e+17
2014-07-01,133,308677,308809,1.1119468318561872e+17,1.1119468318561899e+17
2014-07-02,137,308810,308946,1.1453888418368243e+17,1.14538884183682e+17
2014-07-03,139,308947,309085,1.1621098468271429e+17,1.16210984682714e+17
2014-07-04,166,309086,309251,1.3878434141964442e+17,1.3878434141964402e+17
2014-07-05,152,309252,309403,1.2707963792642139e+17,1.27079637926421e+17
2014-07-06,142,309404,309545,1.1871913543126208e+17,1.18719135431262e+17
2014-07-07,150,309546,309695,1.2540753742738954e+17,1.2540753742739e+17
2014-07-08,150,309696,309845,1.2540753742738954e+17,1.2540753742739e+17
2014-07-09,166,309846,310011,1.3878434141964442e+17,1.3878434141964402e+17
2014-07-10,149,310012,310160,1.245714871778736e+17,1.24571487177874e+17
2014-07-11,156,310161,310316,1.304238389244851e+17,1.30423838924485e+17
2014-07-12,157,310317,310473,1.3151731659270523e+17,1.31517316592705e+17
2014-07-13,160,310474,310633,1.3788687862181594e+17,1.37886878621816e+17
2014-07-14,135,310634,310768,1.163420538371572e+17,1.1634205383715701e+17
2014-07-15,159,310769,310927,1.3702508563042958e+17,1.3702508563043e+17
2014-07-16,144,310928,311071,1.2409819075963434e+17,1.24098190759634e+17
2014-07-17,172,311072,311243,1.4822839451845213e+17,1.48228394518452e+17
2014-07-18,172,311244,311415,1.4822839451845213e+17,1.48228394518452e+17
2014-07-19,177,311416,311592,1.5253735947538387e+17,1.52537359475384e+17
2014-07-20,155,311593,311747,1.3357791366488418e+17,1.33577913664884e+17
2014-07-21,155,311748,311902,1.3357791366488418e+17,1.33577913664884e+17
2014-07-22,142,311903,312044,1.2237460477686165e+17,1.22374604776862e+17
2014-07-23,146,312045,312190,1.2582177674240704e+17,1.25821776742407e+17
2014-07-24,143,312191,312333,1.2323639776824798e+17,1.23236397768248e+17
2014-07-25,163,312334,312496,1.4165546729238469e+17,1.4165546729238501e+17
2014-07-26,134,312497,312630,1.2480673727629555e+17,1.24806737276296e+17
2014-07-27,153,312631,312783,1.4250321494979998e+17,1.425032149498e+17
2014-07-28,150,312784,312933,1.3970903426450981e+17,1.3970903426451e+17
2014-07-29,149,312934,313082,1.3877764070274642e+17,1.38777640702747e+17
2014-07-30,172,313083,313254,1.6019969262330442e+17,1.60199692623305e+17
2014-07-31,154,313255,313408,1.4343460851156338e+17,1.43434608511564e+17
2014-08-01,157,313409,313565,1.4622878919685354e+17,1.4622878919685398e+17
2014-08-02,163,313566,313728,1.518171505674339e+17,1.5181715056743402e+17
2014-08-03,154,313729,313882,1.4343460851156338e+17,1.43434608511564e+17
2014-08-04,128,313883,314010,1.192183759057152e+17,1.19218375905715e+17
2014-08-05,135,314011,314145,1.2573813083805894e+17,1.25738130838059e+17
2014-08-06,164,314146,314309,1.5274854412919728e+17,1.52748544129197e+17
2014-08-07,160,314310,314469,1.490229698821437e+17,1.49022969882144e+17
2014-08-08,158,314470,314627,1.5367734716707312e+17,1.53677347167073e+17
2014-08-09,182,314628,314809,1.784994155313856e+17,1.7849941553138602e+17
2014-08-10,177,314810,314986,1.735955854343695e+17,1.73595585434369e+17
2014-08-11,182,314987,315168,1.784994155313856e+17,1.7849941553138602e+17
2014-08-12,174,315169,315342,1.7065328737615987e+17,1.7065328737616e+17
2014-08-13,145,315343,315487,1.4221107281346654e+17,1.42211072813467e+17
2014-08-14,180,315488,315667,1.7653788349257917e+17,1.76537883492579e+17
2014-08-15,165,315668,315832,1.618263932015309e+17,1.61826393201531e+17
2014-08-16,158,315833,315990,1.5496103106570838e+17,1.54961031065708e+17
2014-08-17,170,315991,316160,1.6673022329854698e+17,1.66730223298547e+17
2014-08-18,198,316161,316358,1.941916718418371e+17,1.94191671841837e+17
2014-08-19,186,316359,316544,1.8917292520502144e+17,1.89172925205021e+17
2014-08-20,169,316545,316713,2.0031992108907987e+17,2.0031992108908e+17
2014-08-21,165,316714,316878,1.95578621181646e+17,1.95578621181646e+17
2014-08-22,157,316879,317035,1.8609602136677834e+17,1.8609602136677802e+17
2014-08-23,162,317036,317197,1.9202264625107066e+17,1.92022646251071e+17
2014-08-24,146,317198,317343,1.730574466213353e+17,1.73057446621335e+17
2014-08-25,137,317344,317480,1.6238952182960915e+17,1.62389521829609e+17
2014-08-26,173,317481,317653,2.050612209965137e+17,2.05061220996514e+17
2014-08-27,169,317654,317822,2.0031992108907987e+17,2.0031992108908e+17
2014-08-28,173,317823,317995,2.050612209965137e+17,2.05061220996514e+17
2014-08-29,170,317996,318165,2.015052460659383e+17,2.0150524606593802e+17
2014-08-30,182,318166,318347,2.1572914578823984e+17,2.1572914578824e+17
2014-08-31,188,318348,318535,2.2426637293630557e+17,2.24266372936306e+17
2014-09-01,136,318536,318671,1.8543391073030458e+17,1.8543391073030502e+17
2014-09-02,147,318672,318818,2.0043224174525568e+17,2.00432241745256e+17
2014-09-03,169,318819,318987,2.3042890377515792e+17,2.3042890377515798e+17
2014-09-04,158,318988,319145,2.154305727602068e+17,2.15430572760207e+17
2014-09-05,145,319146,319290,1.9770527246981002e+17,1.9770527246981002e+17
2014-09-06,179,319291,319469,2.4406375015238618e+17,2.44063750152386e+17
2014-09-07,155,319470,319624,2.113401188470383e+17,2.1134011884703798e+17
2014-09-08,144,319625,319768,1.963417878320872e+17,1.96341787832087e+17
2014-09-09,146,319769,319914,1.9906875710753286e+17,1.99068757107533e+17
2014-09-10,157,319915,320071,2.1406708812248397e+17,2.14067088122484e+17
2014-09-11,170,320072,320241,2.3179238841288074e+17,2.31792388412881e+17
2014-09-12,154,320242,320395,2.099766342093155e+17,2.09976634209315e+17
2014-09-13,181,320396,320576,2.507295809099843e+17,2.50729580909984e+17
2014-09-14,158,320577,320734,2.3428936409899942e+17,2.34289364098999e+17
2014-09-15,158,320735,320892,2.3428936409899942e+17,2.34289364098999e+17
2014-09-16,171,320893,321063,2.5356633709448643e+17,2.5356633709448598e+17
2014-09-17,186,321064,321249,2.758089982431253e+17,2.75808998243125e+17
2014-09-18,179,321250,321428,2.6542908970709386e+17,2.65429089707094e+17
2014-09-19,171,321429,321599,2.5356633709448643e+17,2.5356633709448598e+17
2014-09-20,176,321600,321775,2.6098055747736608e+17,2.60980557477366e+17
2014-09-21,164,321776,321939,2.4318642855845498e+17,2.43186428558455e+17
2014-09-22,168,321940,322107,2.4911780486475866e+17,2.49117804864759e+17
2014-09-23,150,322108,322257,2.2242661148639203e+17,2.22426611486392e+17
2014-09-24,156,322258,322413,2.3132367594584758e+17,2.31323675945848e+17
2014-09-25,172,322414,322585,2.612939847192244e+17,2.61293984719224e+17
2014-09-26,134,322586,322719,2.308858630093963e+17,2.30885863009396e+17
2014-09-27,134,322720,322853,2.308858630093963e+17,2.30885863009396e+17
2014-09-28,130,322854,322983,2.2399374769568307e+17,2.23993747695683e+17
2014-09-29,137,322984,323120,2.360549494946812e+17,2.36054949494681e+17
2014-09-30,153,323121,323273,2.6362341074953418e+17,2.63623410749534e+17
2014-10-01,155,323274,323428,2.670694684063908e+17,2.6706946840639098e+17
2014-10-02,138,323429,323566,2.3777797832310954e+17,2.3777797832311e+17
2014-10-03,146,323567,323712,2.51562208950536e+17,2.51562208950536e+17
2014-10-04,154,323713,323866,2.653464395779625e+17,2.65346439577962e+17
2014-10-05,169,323867,324035,2.9119187200438714e+17,2.91191872004387e+17
2014-10-06,161,324036,324196,2.7740764137696064e+17,2.7740764137696102e+17
2014-10-07,134,324197,324330,2.308858630093963e+17,2.30885863009396e+17
2014-10-08,144,324331,324474,2.481161512936794e+17,2.48116151293679e+17
2014-10-09,148,324475,324622,2.5580510417485245e+17,2.55805104174852e+17
2014-10-10,155,324623,324777,2.6969733697992858e+17,2.6969733697992902e+17
2014-10-11,144,324778,324921,2.5055752596845e+17,2.5055752596845002e+17
2014-10-12,148,324922,325069,2.575174572453513e+17,2.5751745724535098e+17
2014-10-13,155,325070,325224,2.6969733697992858e+17,2.6969733697992902e+17
2014-10-14,132,325225,325356,2.2967773213774608e+17,2.2967773213774602e+17
2014-10-15,151,325357,325507,2.6273740570302726e+17,2.6273740570302698e+17
2014-10-16,148,325508,325655,2.575174572453513e+17,2.5751745724535098e+17
2014-10-17,142,325656,325797,2.4707756032999933e+17,2.4707756032999898e+17
2014-10-18,164,325798,325961,2.8535718235295654e+17,2.8535718235295702e+17
2014-10-19,133,325962,326094,2.314177149569714e+17,2.31417714956971e+17
2014-10-20,137,326095,326231,2.383776462338727e+17,2.38377646233873e+17
2014-10-21,153,326232,326384,2.6621737134147792e+17,2.66217371341478e+17
2014-10-22,159,326385,326543,2.766572682568299e+17,2.7665726825682998e+17
2014-10-23,151,326544,326694,2.677713310011114e+17,2.67771331001111e+17
2014-10-24,159,326695,326853,2.8442808497911517e+17,2.84428084979115e+17
2014-10-25,155,326854,327008,2.77272661457628e+17,2.77272661457628e+17
2014-10-26,125,327009,327133,2.236069850464742e+17,2.2360698504647402e+17
2014-10-27,159,327134,327292,2.8442808497911517e+17,2.84428084979115e+17
2014-10-28,138,327293,327430,2.4686211149130752e+17,2.46862111491307e+17
2014-10-29,155,327431,327585,2.77272661457628e+17,2.77272661457628e+17
2014-10-30,170,327586,327755,3.0410549966320486e+17,3.04105499663205e+17
2014-10-31,188,327756,327943,3.3630490550989715e+17,3.3630490550989696e+17
2014-11-01,159,327944,328102,2.8442808497911517e+17,2.84428084979115e+17
2014-11-02,155,328103,328257,2.77272661457628e+17,2.77272661457628e+17
2014-11-03,169,328258,328426,3.023166437828331e+17,3.02316643782833e+17
2014-11-04,162,328427,328588,2.897946526202305e+17,2.89794652620231e+17
2014-11-05,138,328589,328726,2.6826462412688413e+17,2.6826462412688397e+17
2014-11-06,154,328727,328880,3.03181174870355e+17,3.03181174870355e+17
2014-11-07,150,328881,329030,2.953063391594368e+17,2.95306339159437e+17
2014-11-08,153,329031,329183,3.012124659426255e+17,3.01212465942625e+17
2014-11-09,150,329184,329333,2.953063391594368e+17,2.95306339159437e+17
2014-11-10,147,329334,329480,2.894002123762481e+17,2.89400212376248e+17
2014-11-11,129,329481,329609,2.5396345167711603e+17,2.53963451677116e+17
2014-11-12,147,329610,329756,2.894002123762481e+17,2.89400212376248e+17
2014-11-13,145,329757,329901,2.85462794520789e+17,2.85462794520789e+17
2014-11-14,154,329902,330055,3.03181174870355e+17,3.03181174870355e+17
2014-11-15,140,330056,330195,2.756192498821412e+17,2.7561924988214102e+17
2014-11-16,150,330196,330345,2.953063391594368e+17,2.95306339159437e+17
2014-11-17,144,330346,330489,2.8349408559305942e+17,2.83494085593059e+17
2014-11-18,154,330490,330643,3.0387350378939866e+17,3.03873503789399e+17
2014-11-19,141,330644,330784,2.8246887768912512e+17,2.8246887768912502e+17
2014-11-20,138,330785,330922,2.7645890156807987e+17,2.7645890156808e+17
2014-11-21,127,330923,331049,2.544223224575807e+17,2.54422322457581e+17
2014-11-22,154,331050,331203,3.085121075469878e+17,3.08512107546988e+17
2014-11-23,142,331204,331345,2.8447220306280685e+17,2.8447220306280698e+17
2014-11-24,147,331346,331492,2.9448882993121555e+17,2.94488829931216e+17
2014-11-25,132,331493,331624,2.6443894932598944e+17,2.64438949325989e+17
2014-11-26,137,331625,331761,2.7445557619439814e+17,2.7445557619439798e+17
2014-11-27,141,331762,331902,2.8246887768912512e+17,2.8246887768912502e+17
2014-11-28,148,331903,332050,2.9649215530489734e+17,2.96492155304897e+17
2014-11-29,157,332051,332207,3.14522083668033e+17,3.14522083668033e+17
2014-11-30,160,332208,332367,3.205320597890782e+17,3.20532059789078e+17
2014-12-01,130,332368,332497,2.6043229857862595e+17,2.6043229857862602e+17
2014-12-02,150,332498,332647,3.003824601378812e+17,3.0038246013788096e+17
2014-12-03,116,332648,332763,2.306987275885778e+17,2.3069872758857802e+17
2014-12-04,146,332764,332909,2.903621916201067e+17,2.90362191620107e+17
2014-12-05,156,332910,333065,3.102500129639497e+17,3.1025001296395e+17
2014-12-06,137,333066,333202,2.7246315241064803e+17,2.72463152410648e+17
2014-12-07,126,333203,333328,2.5058654893242077e+17,2.50586548932421e+17
2014-12-08,163,333329,333491,3.2417148790463974e+17,3.2417148790464e+17
2014-12-09,142,333492,333633,2.824070630825695e+17,2.8240706308257e+17
2014-12-10,143,333634,333776,2.8439584521695382e+17,2.8439584521695402e+17
2014-12-11,148,333777,333924,2.943397558888753e+17,2.94339755888875e+17
2014-12-12,141,333925,334065,2.804182809481852e+17,2.8041828094818502e+17
2014-12-13,146,334066,334211,2.903621916201067e+17,2.90362191620107e+17
2014-12-14,141,334212,334352,2.804182809481852e+17,2.8041828094818502e+17
2014-12-15,141,334353,334493,2.804182809481852e+17,2.8041828094818502e+17
2014-12-16,143,334494,334636,2.8439584521695382e+17,2.8439584521695402e+17
2014-12-17,128,334637,334764,2.5158507183353434e+17,2.5158507183353398e+17
2014-12-18,129,334765,334893,2.530272408729362e+17,2.53027240872936e+17
2014-12-19,137,334894,335030,2.687188527100175e+17,2.68718852710017e+17
2014-12-20,134,335031,335164,2.6283449827111203e+17,2.6283449827111197e+17
2014-12-21,132,335165,335296,2.589115953118417e+17,2.58911595311842e+17
2014-12-22,164,335297,335460,3.216780426601669e+17,3.21678042660167e+17
2014-12-23,150,335461,335610,2.942177219452746e+17,2.94217721945275e+17
2014-12-24,153,335611,335763,3.0010207638418016e+17,3.0010207638418e+17
2014-12-25,158,335764,335921,3.09909333782356e+17,3.09909333782356e+17
2014-12-26,152,335922,336073,2.9814062490454496e+17,2.98140624904545e+17
2014-12-27,152,336074,336225,2.9814062490454496e+17,2.98140624904545e+17
2014-12-28,169,336226,336394,3.314853000583428e+17,3.31485300058343e+17
2014-12-29,164,336395,336558,3.216780426601669e+17,3.21678042660167e+17
2014-12-30,155,336559,336713,3.064954761377189e+17,3.06495476137719e+17
2014-12-31,152,336714,336865,3.070814704457089e+17,3.07081470445709e+17
2015-01-01,165,336866,337030,3.333450172601444e+17,3.33345017260144e+17
2015-01-02,165,337031,337195,3.333450172601444e+17,3.33345017260144e+17
2015-01-03,162,337196,337357,3.272841987645055e+17,3.2728419876450496e+17
2015-01-04,172,337358,337529,3.4748692708330195e+17,3.47486927083302e+17
2015-01-05,156,337530,337685,3.151625617732276e+17,3.1516256177322797e+17
2015-01-06,158,337686,337843,3.192031074369869e+17,3.19203107436987e+17
2015-01-07,140,337844,337983,2.8283819646315315e+17,2.82838196463153e+17
2015-01-08,147,337984,338130,2.969801062863107e+17,2.96980106286311e+17
2015-01-09,140,338131,338270,2.8283819646315315e+17,2.82838196463153e+17
2015-01-10,147,338271,338417,2.969801062863107e+17,2.96980106286311e+17
2015-01-11,155,338418,338572,3.131422889413479e+17,3.13142288941348e+17
2015-01-12,142,338573,338714,2.913491414416838e+17,2.91349141441684e+17
2015-01-13,127,338715,338841,2.7760208346263808e+17,2.77602083462638e+17
2015-01-14,145,338842,338986,3.1694726064631936e+17,3.1694726064631904e+17
2015-01-15,151,338987,339137,3.3006231970754643e+17,3.30062319707546e+17
2015-01-16,139,339138,339276,3.038322015850922e+17,3.03832201585092e+17
2015-01-17,138,339277,339414,3.0164635840822106e+17,3.01646358408221e+17
2015-01-18,153,339415,339567,3.3443400606128877e+17,3.34434006061289e+17
2015-01-19,144,339568,339711,3.147614174694481e+17,3.14761417469448e+17
2015-01-20,118,339712,339829,2.5792949487079747e+17,2.57929494870797e+17
2015-01-21,149,339830,339978,3.25690633353804e+17,3.25690633353804e+17
2015-01-22,135,339979,340113,2.9508882887760755e+17,2.9508882887760704e+17
2015-01-23,124,340114,340237,2.7104455393202454e+17,2.71044553932025e+17
2015-01-24,126,340238,340363,2.754162402857669e+17,2.75416240285767e+17
2015-01-25,125,340364,340488,2.732303971088957e+17,2.73230397108896e+17
2015-01-26,127,340489,340615,2.7760208346263808e+17,2.77602083462638e+17
2015-01-27,149,340616,340764,3.175070266360636e+17,3.17507026636064e+17
2015-01-28,164,340765,340928,3.364764531099962e+17,3.3647645310999597e+17
2015-01-29,164,340929,341092,3.364764531099962e+17,3.3647645310999597e+17
2015-01-30,138,341093,341230,2.8313262517792355e+17,2.83132625177924e+17
2015-01-31,166,341231,341396,3.4057982448938643e+17,3.40579824489386e+17
2015-02-01,155,341397,341551,3.180112819027403e+17,3.1801128190274003e+17
2015-02-02,159,341552,341710,3.262180246615207e+17,3.26218024661521e+17
2015-02-03,127,341711,341837,2.605640825912774e+17,2.60564082591277e+17
2015-02-04,159,341838,341996,3.262180246615207e+17,3.26218024661521e+17
2015-02-05,159,341997,342155,3.262180246615207e+17,3.26218024661521e+17
2015-02-06,177,342156,342332,3.631483670760326e+17,3.63148367076033e+17
2015-02-07,159,342333,342491,3.262180246615207e+17,3.26218024661521e+17
2015-02-08,132,342492,342623,2.7082251103975293e+17,2.70822511039753e+17
2015-02-09,161,342624,342784,3.4060472261978336e+17,3.4060472261978304e+17
2015-02-10,144,342785,342928,3.1822426281390464e+17,3.18224262813905e+17
2015-02-11,158,342929,343086,3.491627328097009e+17,3.49162732809701e+17
2015-02-12,119,343087,343205,2.6297699496426845e+17,2.62976994964268e+17
2015-02-13,146,343206,343351,3.226440442418756e+17,3.22644044241876e+17
2015-02-14,160,343352,343511,3.535825142376719e+17,3.53582514237672e+17
2015-02-15,140,343512,343651,3.093846999579629e+17,3.09384699957963e+17
2015-02-16,157,343652,343808,3.469528420957155e+17,3.46952842095716e+17
2015-02-17,149,343809,343957,3.2927371638383194e+17,3.29273716383832e+17
2015-02-18,167,343958,344124,3.6905174923557e+17,3.6905174923557005e+17
2015-02-19,166,344125,344290,3.668418585215846e+17,3.66841858521585e+17
2015-02-20,158,344291,344448,3.491627328097009e+17,3.49162732809701e+17
2015-02-21,142,344449,344590,3.1380448138593376e+17,3.13804481385934e+17
2015-02-22,151,344591,344741,3.343583111331035e+17,3.34358311133104e+17
2015-02-23,142,344742,344883,3.295383966567157e+17,3.29538396656716e+17
2015-02-24,129,344884,345012,2.9936938851208685e+17,2.99369388512087e+17
2015-02-25,159,345013,345171,3.6899017653815354e+17,3.6899017653815405e+17
2015-02-26,150,345172,345321,3.481039401303335e+17,3.48103940130334e+17
2015-02-27,152,345322,345473,3.52745325998738e+17,3.52745325998738e+17
2015-02-28,142,345474,345615,3.295383966567157e+17,3.29538396656716e+17
2015-03-01,140,345616,345755,3.248970107883113e+17,3.2489701078831104e+17
2015-03-02,158,345756,345913,3.666694836039513e+17,3.66669483603951e+17
2015-03-03,158,345914,346071,3.666694836039513e+17,3.66669483603951e+17
2015-03-04,140,346072,346211,3.248970107883113e+17,3.2489701078831104e+17
2015-03-05,132,346212,346343,3.063314673146935e+17,3.0633146731469306e+17
2015-03-06,148,346344,346491,3.434625542619291e+17,3.43462554261929e+17
2015-03-07,140,346492,346631,3.248970107883113e+17,3.2489701078831104e+17
2015-03-08,156,346632,346787,3.6335806770521594e+17,3.63358067705216e+17
2015-03-09,144,346788,346931,3.394996624037961e+17,3.39499662403796e+17
2015-03-10,152,346932,347083,3.583607547595626e+17,3.58360754759563e+17
2015-03-11,154,347084,347237,3.630760278485042e+17,3.63076027848504e+17
2015-03-12,131,347238,347368,3.088503873256756e+17,3.0885038732567597e+17
2015-03-13,146,347369,347514,3.442149354927377e+17,3.44214935492738e+17
2015-03-14,131,347515,347645,3.088503873256756e+17,3.0885038732567597e+17
2015-03-15,143,347646,347788,3.371420258593253e+17,3.37142025859325e+17
2015-03-16,139,347789,347927,3.2771147968144205e+17,3.2771147968144205e+17
2015-03-17,128,347928,348055,3.017774776922632e+17,3.0177747769226304e+17
2015-03-18,153,348056,348208,3.607183913040334e+17,3.60718391304033e+17
2015-03-19,137,348209,348345,3.229962065925005e+17,3.229962065925e+17
2015-03-20,136,348346,348481,3.2063857004802963e+17,3.2063857004803e+17
2015-03-21,151,348482,348632,3.560031182150918e+17,3.56003118215092e+17
2015-03-22,142,348633,348774,3.345373274284765e+17,3.34537327428476e+17
2015-03-23,145,348775,348919,3.367395884447243e+17,3.36739588444724e+17
2015-03-24,173,348920,349092,4.0176516414439475e+17,4.01765164144395e+17
2015-03-25,162,349093,349254,3.762194022623814e+17,3.76219402262381e+17
2015-03-26,148,349255,349402,3.437066144125461e+17,3.43706614412546e+17
2015-03-27,171,349403,349573,3.971204801658469e+17,3.97120480165847e+17
2015-03-28,148,349574,349721,3.437066144125461e+17,3.43706614412546e+17
2015-03-29,153,349722,349874,3.5531832435891584e+17,3.5531832435891603e+17
2015-03-30,142,349875,350016,3.2977256247690246e+17,3.2977256247690195e+17
2015-03-31,150,350017,350166,3.48351298391094e+17,3.48351298391094e+17
2015-04-01,132,350167,350298,3.06549142584163e+17,3.06549142584163e+17
2015-04-02,166,350299,350464,3.855087702194772e+17,3.85508770219477e+17
2015-04-03,146,350465,350610,3.390619304339982e+17,3.39061930433998e+17
2015-04-04,153,350611,350763,3.5531832435891584e+17,3.5531832435891603e+17
2015-04-05,148,350764,350911,3.610699966910128e+17,3.61069996691013e+17
2015-04-06,126,350912,351037,3.097071700788848e+17,3.09707170078885e+17
2015-04-07,152,351038,351189,3.736149988253213e+17,3.7361499882532096e+17
2015-04-08,125,351190,351314,3.072491766655603e+17,3.0724917666556e+17
2015-04-09,133,351315,351447,3.2691312397215616e+17,3.26913123972156e+17
2015-04-10,152,351448,351599,3.736149988253213e+17,3.7361499882532096e+17
2015-04-11,140,351600,351739,3.441190778654275e+17,3.44119077865427e+17
2015-04-12,128,351740,351867,3.1462315690553376e+17,3.1462315690553395e+17
2015-04-13,156,351868,352023,3.8344697247861914e+17,3.83446972478619e+17
2015-04-14,149,352024,352172,3.6624101858534784e+17,3.66241018585348e+17
2015-04-15,122,352173,352294,2.998751964255869e+17,2.99875196425587e+17
2015-04-16,138,352295,352432,3.3920309103877856e+17,3.39203091038779e+17
2015-04-17,126,352433,352558,3.097071700788848e+17,3.09707170078885e+17
2015-04-18,146,352559,352704,3.588670383453744e+17,3.58867038345374e+17
2015-04-19,145,352705,352849,3.5184607422500365e+17,3.51846074225004e+17
2015-04-20,154,352850,353003,3.644770358742651e+17,3.64477035874265e+17
2015-04-21,153,353004,353156,3.6211030187508154e+17,3.6211030187508205e+17
2015-04-22,152,353157,353308,3.59743567875898e+17,3.59743567875898e+17
2015-04-23,130,353309,353438,3.0767541989385984e+17,3.0767541989386003e+17
2015-04-24,124,353439,353562,2.9347501589875846e+17,2.93475015898758e+17
2015-04-25,163,353563,353725,3.8577764186691706e+17,3.85777641866917e+17
2015-04-26,144,353726,353869,3.408096958824296e+17,3.4080969588243e+17
2015-04-27,137,353870,354006,3.242425578881447e+17,3.2424255788814496e+17
2015-04-28,153,354007,354159,3.6211030187508154e+17,3.6211030187508205e+17
2015-04-29,127,354160,354286,3.005752178963091e+17,3.00575217896309e+17
2015-04-30,134,354287,354420,3.1714235589059405e+17,3.17142355890594e+17
2015-05-01,148,354421,354568,3.502766318791638e+17,3.50276631879164e+17
2015-05-02,147,354569,354715,3.479098978799802e+17,3.4790989787997997e+17
2015-05-03,141,354716,354856,3.3377641254136134e+17,3.33776412541361e+17
2015-05-04,128,354857,354984,3.031508686767067e+17,3.0315086867670694e+17
2015-05-05,154,354985,355138,3.647283888766631e+17,3.64728388876663e+17
2015-05-06,161,355139,355299,3.8130695200742054e+17,3.81306952007421e+17
2015-05-07,141,355300,355440,3.3393962877668486e+17,3.33939628776685e+17
2015-05-08,150,355441,355590,3.55254924230516e+17,3.5525492423051603e+17
2015-05-09,129,355591,355719,3.0551923483824346e+17,3.05519234838243e+17
2015-05-10,129,355720,355848,3.0551923483824346e+17,3.05519234838243e+17
2015-05-11,158,355849,356006,3.7420185352281024e+17,3.7420185352281e+17
2015-05-12,150,356007,356156,3.55254924230516e+17,3.5525492423051603e+17
2015-05-13,162,356157,356318,3.836753181689574e+17,3.83675318168957e+17
2015-05-14,154,356319,356472,3.647283888766631e+17,3.64728388876663e+17
2015-05-15,147,356473,356619,3.481498257459056e+17,3.48149825745906e+17
2015-05-16,132,356620,356751,3.126243333228538e+17,3.12624333322854e+17
2015-05-17,171,356752,356922,4.102565278528239e+17,4.10256527852824e+17
2015-05-18,144,356923,357066,3.4937760252640634e+17,3.49377602526406e+17
2015-05-19,130,357067,357196,3.154103356141167e+17,3.15410335614117e+17
2015-05-20,145,357197,357341,3.5180383587728416e+17,3.5180383587728403e+17
2015-05-21,155,357342,357496,3.760661693860625e+17,3.76066169386062e+17
2015-05-22,138,357497,357634,3.348202024211393e+17,3.34820202421139e+17
2015-05-23,112,357635,357746,2.7173813529831568e+17,2.7173813529831603e+17
2015-05-24,146,357747,357892,3.54230069228162e+17,3.54230069228162e+17
2015-05-25,141,357893,358033,3.4209890247377286e+17,3.42098902473773e+17
2015-05-26,144,358034,358177,3.4937760252640634e+17,3.49377602526406e+17
2015-05-27,138,358178,358315,3.348202024211393e+17,3.34820202421139e+17
2015-05-28,132,358316,358447,3.202628023158723e+17,3.20262802315872e+17
2015-05-29,154,358448,358601,3.736399360351847e+17,3.73639936035185e+17
2015-05-30,136,358602,358737,3.299677357193837e+17,3.29967735719384e+17
2015-05-31,148,358738,358885,3.567819420933604e+17,3.5678194209336e+17
2015-06-01,132,358886,359017,3.122712658309908e+17,3.12271265830991e+17
2015-06-02,150,359018,359167,3.548537111715804e+17,3.5485371117158e+17
2015-06-03,142,359168,359309,3.359281799090961e+17,3.35928179909096e+17
2015-06-04,141,359310,359450,3.3356248850128557e+17,3.33562488501286e+17
2015-06-05,138,359451,359588,3.2646541427785395e+17,3.26465414277854e+17
2015-06-06,178,359589,359766,4.210930705902754e+17,4.21093070590275e+17
2015-06-07,149,359767,359915,3.5248801976376986e+17,3.5248801976377e+17
2015-06-08,157,359916,360072,3.7141355102625414e+17,3.71413551026254e+17
2015-06-09,151,360073,360223,3.572194025793909e+17,3.5721940257939104e+17
2015-06-10,169,360224,360392,3.998018479199806e+17,3.99801847919981e+17
2015-06-11,135,360393,360527,3.193683400544224e+17,3.1936834005442195e+17
2015-06-12,142,360528,360669,3.359281799090961e+17,3.35928179909096e+17
2015-06-13,159,360670,360828,3.761449338418752e+17,3.76144933841875e+17
2015-06-14,148,360829,360976,3.61934276712658e+17,3.61934276712658e+17
2015-06-15,144,360977,361120,3.5571195709077574e+17,3.55711957090776e+17
2015-06-16,118,361121,361238,2.914861870604971e+17,2.91486187060497e+17
2015-06-17,158,361239,361396,3.902950640301566e+17,3.90295064030157e+17
2015-06-18,156,361397,361552,3.853546201816736e+17,3.8535462018167405e+17
2015-06-19,147,361553,361699,3.631226228635002e+17,3.6312262286349997e+17
2015-06-20,134,361700,361833,3.310097378483609e+17,3.31009737848361e+17
2015-06-21,124,361834,361957,3.0630751860594605e+17,3.06307518605946e+17
2015-06-22,153,361958,362110,3.779439544089491e+17,3.77943954408949e+17
2015-06-23,140,362111,362250,3.458310693938098e+17,3.4583106939381e+17
2015-06-24,156,362251,362406,3.853546201816736e+17,3.8535462018167405e+17
2015-06-25,152,362407,362558,3.7547373248470765e+17,3.7547373248470803e+17
2015-06-26,154,362559,362712,3.8041417633319066e+17,3.80414176333191e+17
2015-06-27,129,362713,362841,3.186586282271535e+17,3.1865862822715296e+17
2015-06-28,141,362842,362982,3.468145438164429e+17,3.46814543816443e+17
2015-06-29,140,362983,363122,3.438102475469632e+17,3.43810247546963e+17
2015-06-30,145,363123,363267,3.5608918495935475e+17,3.56089184959355e+17
2015-07-01,135,363268,363402,3.315313101345717e+17,3.3153131013457197e+17
2015-07-02,154,363403,363556,3.781912723016596e+17,3.7819127230165997e+17
2015-07-03,161,363557,363717,3.9538178467900774e+17,3.95381784679008e+17
2015-07-04,152,363718,363869,3.73279697336703e+17,3.7327969733670304e+17
2015-07-05,142,363870,364011,3.487218225119199e+17,3.4872182251192e+17
2015-07-06,181,364012,364192,4.444975343285738e+17,4.44497534328574e+17
2015-07-07,134,364193,364326,3.290755226520934e+17,3.29075522652093e+17
2015-07-08,161,364327,364487,3.9538178467900774e+17,3.95381784679008e+17
2015-07-09,133,364488,364620,3.2661973516961504e+17,3.2661973516961504e+17
2015-07-10,154,364621,364774,3.781912723016596e+17,3.7819127230165997e+17
2015-07-11,148,364775,364922,3.657038237773657e+17,3.6570382377736704e+17
2015-07-12,135,364923,365057,3.42767691987454e+17,3.42767691987456e+17
2015-07-13,148,365058,365205,3.7577495121587526e+17,3.75774951215878e+17
2015-07-14,144,365206,365349,3.656188714532841e+17,3.6561887145328704e+17
2015-07-15,153,365350,365502,3.8847005091911424e+17,3.88470050919117e+17
2015-07-16,134,365503,365636,3.402286720468062e+17,3.40228672046808e+17
2015-07-17,147,365637,365783,3.732359312752275e+17,3.7323593127523e+17
2015-07-18,149,365784,365932,3.783139711565231e+17,3.78313971156526e+17
2015-07-19,152,365933,366084,3.859310309784664e+17,3.8593103097847e+17
2015-07-20,156,366085,366240,3.960871107410576e+17,3.96087110741061e+17
2015-07-21,127,366241,366367,3.224555324622717e+17,3.22455532462274e+17
2015-07-22,154,366368,366521,3.9100907085976205e+17,3.91009070859765e+17
2015-07-23,140,366522,366661,3.554627916906929e+17,3.55462791690696e+17
2015-07-24,169,366662,366830,4.290943699694789e+17,4.29094369969483e+17
2015-07-25,154,366831,366984,3.9537072515724e+17,3.9537072515724e+17
2015-07-26,144,366985,367128,3.74222682670225e+17,3.7422268267022496e+17
2015-07-27,149,367129,367277,3.872165258184967e+17,3.87216525818497e+17
2015-07-28,136,367278,367413,3.534325336329903e+17,3.5343253363298995e+17
2015-07-29,152,367414,367565,3.950128317074598e+17,3.9501283170746e+17
2015-07-30,134,367566,367699,3.482349963736816e+17,3.48234996373682e+17
2015-07-31,151,367700,367850,3.924140630778054e+17,3.92414063077805e+17
2015-08-01,155,367851,368005,4.028091375964228e+17,4.02809137596423e+17
2015-08-02,151,368006,368156,3.924140630778054e+17,3.92414063077805e+17
2015-08-03,157,368157,368313,4.0800667485573146e+17,4.08006674855731e+17
2015-08-04,136,368314,368449,3.534325336329903e+17,3.5343253363298995e+17
2015-08-05,133,368450,368582,3.4563622774402726e+17,3.45636227744027e+17
2015-08-06,143,368583,368725,3.716239140405707e+17,3.71623914040571e+17
2015-08-07,137,368726,368862,3.560313022626446e+17,3.56031302262645e+17
2015-08-08,161,368863,369023,4.204134049858635e+17,4.2041340498586304e+17
2015-08-09,142,369024,369165,3.7200071933628275e+17,3.72000719336283e+17
2015-08-10,167,369166,369332,4.374938037264731e+17,4.37493803726473e+17
2015-08-11,162,369333,369494,4.243951868484351e+17,4.24395186848435e+17
2015-08-12,126,369495,369620,3.3008514532656096e+17,3.30085145326561e+17
2015-08-13,147,369621,369767,3.8509933621432083e+17,3.85099336214321e+17
2015-08-14,142,369768,369909,3.7200071933628275e+17,3.72000719336283e+17
2015-08-15,137,369910,370046,3.589021024582447e+17,3.58902102458245e+17
2015-08-16,138,370047,370184,3.615218258338523e+17,3.6152182583385197e+17
2015-08-17,147,370185,370331,3.8509933621432083e+17,3.85099336214321e+17
2015-08-18,141,370332,370472,3.6938099596067514e+17,3.69380995960675e+17
2015-08-19,156,370473,370628,4.086768465947894e+17,4.08676846594789e+17
2015-08-20,150,370629,370778,3.929585063411437e+17,3.92958506341144e+17
2015-08-21,165,370779,370943,4.3225435697525786e+17,4.32254356975258e+17
2015-08-22,158,370944,371101,4.261436522015381e+17,4.26143652201538e+17
2015-08-23,134,371102,371235,3.6141297085446925e+17,3.61412970854469e+17
2015-08-24,155,371236,371390,4.180523170331545e+17,4.1805231703315405e+17
2015-08-25,135,371391,371525,3.641100825772638e+17,3.64110082577264e+17
2015-08-26,161,371526,371686,4.3423498736992166e+17,4.34234987369922e+17
2015-08-27,137,371687,371823,3.6950430602285286e+17,3.69504306022853e+17
2015-08-28,155,371824,371978,4.180523170331545e+17,4.1805231703315405e+17
2015-08-29,160,371979,372138,4.315378756471272e+17,4.31537875647127e+17
2015-08-30,150,372139,372288,4.045667584191818e+17,4.0456675841918195e+17
2015-08-31,157,372289,372445,4.2344654047874355e+17,4.23446540478743e+17
2015-09-01,154,372446,372599,4.1535520531035994e+17,4.1535520531036e+17
2015-09-02,160,372600,372759,4.315378756471272e+17,4.31537875647127e+17
2015-09-03,146,372760,372905,3.9377831152800365e+17,3.9377831152800403e+17
2015-09-04,156,372906,373061,4.344447993720615e+17,4.34444799372061e+17
2015-09-05,147,373062,373208,4.1621286913872486e+17,4.16212869138725e+17
2015-09-06,144,373209,373352,4.077187289522203e+17,4.0771872895222e+17
2015-09-07,152,373353,373504,4.303697694495658e+17,4.30369769449566e+17
2015-09-08,136,373505,373640,3.8506768845487475e+17,3.85067688454875e+17
2015-09-09,149,373641,373789,4.2187562926306125e+17,4.21875629263061e+17
2015-09-10,171,373790,373960,4.841659906307615e+17,4.84165990630761e+17
2015-09-11,158,373961,374118,4.47358049822575e+17,4.47358049822575e+17
2015-09-12,135,374119,374253,3.8223630839270656e+17,3.82236308392706e+17
2015-09-13,151,374254,374404,4.275383893873976e+17,4.27538389387398e+17
2015-09-14,152,374405,374556,4.303697694495658e+17,4.30369769449566e+17
2015-09-15,160,374557,374716,4.5302080994691136e+17,4.53020809946911e+17
2015-09-16,142,374717,374858,4.020559688278839e+17,4.02055968827884e+17
2015-09-17,144,374859,375002,4.1091002760059424e+17,4.10910027600594e+17
2015-09-18,147,375003,375149,4.335877173354286e+17,4.33587717335429e+17
2015-09-19,125,375150,375274,3.686970385505348e+17,3.68697038550535e+17
2015-09-20,128,375275,375402,3.775457674757476e+17,3.7754576747574803e+17
2015-09-21,132,375403,375534,3.893440727093646e+17,3.89344072709365e+17
2015-09-22,157,375535,375691,4.6308348041947174e+17,4.63083480419472e+17
2015-09-23,158,375692,375849,4.6603305672787603e+17,4.6603305672787603e+17
2015-09-24,140,375850,375989,4.129406831765988e+17,4.12940683176599e+17
2015-09-25,164,375990,376153,4.8373051457830195e+17,4.8373051457830195e+17
2015-09-26,147,376154,376300,4.335877173354286e+17,4.33587717335429e+17
2015-09-27,149,376301,376449,4.394868699522372e+17,4.39486869952237e+17
2015-09-28,143,376450,376592,4.217894121018116e+17,4.2178941210181203e+17
2015-09-29,174,376593,376766,5.132262776623451e+17,5.1322627766234496e+17
2015-09-30,148,376767,376914,4.365372936438329e+17,4.36537293643833e+17
2015-10-01,149,376915,377063,4.447763827585612e+17,4.44776382758561e+17
2015-10-02,138,377064,377201,4.171797634385767e+17,4.17179763438577e+17
2015-10-03,145,377202,377346,4.383410557869103e+17,4.3834105578691e+17
2015-10-04,153,377347,377499,4.6252538989929114e+17,4.62525389899291e+17
2015-10-05,153,377500,377652,4.6252538989929114e+17,4.62525389899291e+17
2015-10-06,142,377653,377794,4.2927193049476736e+17,4.29271930494767e+17
2015-10-07,133,377795,377927,4.020645546183384e+17,4.02064554618338e+17
2015-10-08,140,377928,378067,4.2322584696667206e+17,4.23225846966672e+17
2015-10-09,126,378068,378193,3.809032622700048e+17,3.80903262270005e+17
2015-10-10,160,378194,378353,4.8368668224762445e+17,4.83686682247624e+17
2015-10-11,146,378354,378499,4.413640975509579e+17,4.41364097550958e+17
2015-10-12,142,378500,378641,4.2927193049476736e+17,4.29271930494767e+17
2015-10-13,137,378642,378778,4.141567216745291e+17,4.14156721674529e+17
2015-10-14,152,378779,378930,4.595023481352435e+17,4.5950234813524397e+17
2015-10-15,166,378931,379096,5.021372887138811e+17,5.0213728871388096e+17
2015-10-16,144,379097,379240,4.3582339882065715e+17,4.35823398820657e+17
2015-10-17,136,379241,379376,4.11610987775065e+17,4.11610987775065e+17
2015-10-18,145,379377,379521,4.3884995020135616e+17,4.38849950201356e+17
2015-10-19,165,379522,379686,4.9938097781533555e+17,4.99380977815336e+17
2015-10-20,128,379687,379814,3.8739857672947283e+17,3.87398576729473e+17
2015-10-21,144,379815,379958,4.3582339882065715e+17,4.35823398820657e+17
2015-10-22,148,379959,380106,4.4792960434345306e+17,4.47929604343453e+17
2015-10-23,149,380107,380255,4.50956155724152e+17,4.50956155724152e+17
2015-10-24,145,380256,380400,4.3884995020135616e+17,4.38849950201356e+17
2015-10-25,155,380401,380555,4.6911546400834586e+17,4.6911546400834605e+17
2015-10-26,164,380556,380719,4.9635442643463654e+17,4.96354426434637e+17
2015-10-27,147,380720,380866,4.449030529627541e+17,4.44903052962754e+17
2015-10-28,139,380867,381005,4.2069064191716205e+17,4.20690641917162e+17
2015-10-29,151,381006,381156,4.660680045143288e+17,4.66068004514329e+17
2015-10-30,171,381157,381327,5.291872452793897e+17,5.2918724527939e+17
2015-10-31,147,381328,381474,4.5491535120508845e+17,4.54915351205088e+17
2015-11-01,153,381475,381627,4.7348332472366374e+17,4.73483324723664e+17
2015-11-02,153,381628,381780,4.7348332472366374e+17,4.73483324723664e+17
2015-11-03,155,381781,381935,4.7967264922985555e+17,4.79672649229855e+17
2015-11-04,155,381936,382090,4.7967264922985555e+17,4.79672649229855e+17
2015-11-05,146,382091,382236,4.518206889519926e+17,4.51820688951993e+17
2015-11-06,145,382237,382381,4.4872602669889664e+17,4.48726026698897e+17
2015-11-07,152,382382,382533,4.703886624705679e+17,4.70388662470568e+17
2015-11-08,139,382534,382672,4.301580531803215e+17,4.30158053180322e+17
2015-11-09,149,382673,382821,4.611046757112802e+17,4.6110467571128e+17
2015-11-10,146,382822,382967,4.518206889519926e+17,4.51820688951993e+17
2015-11-11,168,382968,383135,5.370557961067722e+17,5.3705579610677203e+17
2015-11-12,161,383136,383296,5.2700685765941056e+17,5.27006857659411e+17
2015-11-13,160,383297,383456,5.237335231397869e+17,5.23733523139787e+17
2015-11-14,142,383457,383598,4.648135017865603e+17,4.6481350178656e+17
2015-11-15,160,383599,383758,5.237335231397869e+17,5.23733523139787e+17
2015-11-16,173,383759,383931,5.662868718948949e+17,5.66286871894895e+17
2015-11-17,149,383932,384080,4.877268434239262e+17,4.8772684342392595e+17
2015-11-18,153,384081,384233,5.00820181502421e+17,5.00820181502421e+17
2015-11-19,136,384234,384369,4.451734946688181e+17,4.4517349466881805e+17
2015-11-20,167,384370,384536,5.466468647771528e+17,5.46646864777153e+17
2015-11-21,174,384537,384710,5.6956020641451866e+17,5.69560206414519e+17
2015-11-22,172,384711,384882,5.6301353737527123e+17,5.63013537375271e+17
2015-11-23,163,384883,385045,5.33553526698658e+17,5.33553526698658e+17
2015-11-24,156,385046,385201,5.605334241540204e+17,5.6053342415402003e+17
2015-11-25,148,385202,385349,5.350302170256986e+17,5.35030217025699e+17
2015-11-26,176,385350,385525,6.362521499765062e+17,6.36252149976506e+17
2015-11-27,133,385526,385658,4.808041815163374e+17,4.8080418151633696e+17
2015-11-28,154,385659,385812,5.5672063122944314e+17,5.56720631229443e+17
2015-11-29,149,385813,385961,5.3864528605965606e+17,5.3864528605965594e+17
2015-11-30,162,385962,386123,5.856411835011025e+17,5.856411835011021e+17
2015-12-01,167,386124,386290,6.037165286708896e+17,6.03716528670889e+17
2015-12-02,161,386291,386451,5.820261144671451e+17,5.82026114467145e+17
2015-12-03,142,386452,386593,5.133398028219542e+17,5.13339802821954e+17
2015-12-04,153,386594,386746,5.531055621954857e+17,5.53105562195486e+17
2015-12-05,175,386747,386921,6.326370809425489e+17,6.32637080942549e+17
2015-12-06,159,386922,387080,5.776501612396768e+17,5.77650161239677e+17
2015-12-07,147,387081,387227,5.780335003856972e+17,5.78033500385697e+17
2015-12-08,175,387228,387402,6.881351195067831e+17,6.88135119506783e+17
2015-12-09,168,387403,387570,6.606097147265116e+17,6.60609714726512e+17
2015-12-10,216,387571,387786,8.493553475055162e+17,8.49355347505516e+17
2015-12-11,160,387787,387946,6.291521092633443e+17,6.29152109263344e+17
2015-12-12,162,387947,388108,6.37016510629136e+17,6.37016510629136e+17
2015-12-13,142,388109,388250,5.5837249697121754e+17,5.5837249697121696e+17
2015-12-14,195,388251,388445,7.667791331647017e+17,7.66779133164702e+17
2015-12-15,183,388446,388628,7.195927249699506e+17,7.19592724969951e+17
2015-12-16,163,388629,388791,6.40948711312032e+17,6.40948711312032e+17
2015-12-17,155,388792,388946,6.094911058488645e+17,6.09491105848864e+17
2015-12-18,169,388947,389115,6.845103376991633e+17,6.84510337699163e+17
2015-12-19,157,389116,389272,7.293213036250753e+17,7.293213036250751e+17
2015-12-20,165,389273,389437,7.664841725996015e+17,7.66484172599601e+17
2015-12-21,149,389438,389586,6.921584346505491e+17,6.92158434650549e+17
2015-12-22,150,389587,389736,6.968037932723649e+17,6.96803793272365e+17
2015-12-23,157,389737,389893,7.293213036250753e+17,7.293213036250751e+17
2015-12-24,138,389894,390031,6.410594898105756e+17,6.41059489810576e+17
2015-12-25,162,390032,390193,7.525480967341541e+17,7.52548096734154e+17
2015-12-26,171,390194,390364,7.943563243304961e+17,7.94356324330496e+17
2015-12-27,205,390365,390569,9.522985174722323e+17,9.52298517472232e+17
2015-12-28,151,390570,390720,7.014491518941806e+17,7.01449151894181e+17
2015-12-29,159,390721,390879,7.386120208687068e+17,7.38612020868707e+17
2015-12-30,165,390880,391044,7.664841725996015e+17,7.66484172599601e+17
2015-12-31,142,391045,391186,7.026814980329207e+17,7.02681498032921e+17
2016-01-01,135,391187,391321,6.971291664058063e+17,6.97129166405806e+17
2016-01-02,145,391322,391466,7.487683639173472e+17,7.487683639173471e+17
2016-01-03,145,391467,391611,7.487683639173472e+17,7.487683639173471e+17
2016-01-04,181,391612,391792,9.346694749588956e+17,9.34669474958895e+17
2016-01-05,157,391793,391949,8.107354009311963e+17,8.10735400931196e+17
2016-01-06,141,391950,392090,7.281126849127309e+17,7.28112684912731e+17
2016-01-07,147,392091,392237,7.590962034196554e+17,7.59096203419655e+17
2016-01-08,173,392238,392410,8.933581169496621e+17,8.93358116949662e+17
2016-01-09,151,392411,392561,7.797518824242717e+17,7.79751882424272e+17
2016-01-10,175,392562,392736,9.036859564519704e+17,9.0368595645197e+17
2016-01-11,170,392737,392906,8.778663576961996e+17,8.778663576961989e+17
2016-01-12,170,392907,393076,8.778663576961996e+17,8.778663576961989e+17
2016-01-13,148,393077,393224,8.137101940145708e+17,8.13710194014571e+17
2016-01-14,133,393225,393357,7.494380833055954e+17,7.49438083305595e+17
2016-01-15,122,393358,393479,6.874544824306967e+17,6.874544824306961e+17
2016-01-16,142,393480,393621,8.001519385668763e+17,8.00151938566876e+17
2016-01-17,151,393622,393772,8.50865793828157e+17,8.50865793828157e+17
2016-01-18,173,393773,393945,9.748329955779564e+17,9.74832995577956e+17
2016-01-19,133,393946,394078,7.494380833055954e+17,7.49438083305595e+17
2016-01-20,152,394079,394230,8.565006666349661e+17,8.56500666634966e+17
2016-01-21,137,394231,394367,7.719775745328314e+17,7.71977574532831e+17
2016-01-22,176,394368,394543,9.917376139983836e+17,9.91737613998384e+17
2016-01-23,179,394544,394722,1.0086422324188108e+18,1.00864223241881e+18
2016-01-24,171,394723,394893,9.635632499643382e+17,9.63563249964338e+17
2016-01-25,162,394894,395055,9.128493947030565e+17,9.12849394703057e+17
2016-01-26,160,395056,395215,9.281410028101715e+17,9.28141002810171e+17
2016-01-27,155,395216,395370,9.248679078893155e+17,9.24867907889316e+17
2016-01-28,146,395371,395516,8.711659003344513e+17,8.71165900334451e+17
2016-01-29,169,395517,395685,1.0084043640857708e+18,1.00840436408577e+18
2016-01-30,187,395686,395872,1.115808379195499e+18,1.1158083791954999e+18
2016-01-31,181,395873,396053,1.0800070408255896e+18,1.08000704082559e+18
2016-02-01,161,396054,396214,9.606692462592248e+17,9.60669246259225e+17
2016-02-02,180,396215,396394,1.0740401510972714e+18,1.07404015109727e+18
2016-02-03,179,396395,396573,1.0680732613689531e+18,1.0680732613689499e+18
2016-02-04,168,396574,396741,1.0024374743574525e+18,1.00243747435745e+18
2016-02-05,188,396742,396929,1.1217752689238173e+18,1.12177526892382e+18
2016-02-06,200,396930,397129,1.1933779456636362e+18,1.19337794566364e+18
2016-02-07,176,397130,397305,1.2345379660286484e+18,1.23453796602865e+18
2016-02-08,148,397306,397453,1.060281987122313e+18,1.0602819871223101e+18
2016-02-09,176,397454,397629,1.2608758765778842e+18,1.26087587657788e+18
2016-02-10,164,397630,397793,1.1749070668112108e+18,1.17490706681121e+18
2016-02-11,192,397794,397985,1.3755009562667817e+18,1.37550095626678e+18
2016-02-12,171,397986,398156,1.2250555391751035e+18,1.2250555391751e+18
2016-02-13,156,398157,398312,1.1175945269667619e+18,1.11759452696676e+18
2016-02-14,166,398313,398478,1.189235201772323e+18,1.18923520177232e+18
2016-02-15,152,398479,398630,1.0889382570445375e+18,1.08893825704454e+18
2016-02-16,138,398631,398768,9.886413123167519e+17,9.88641312316752e+17
2016-02-17,155,398769,398923,1.1104304594862058e+18,1.11043045948621e+18
2016-02-18,169,398924,399092,1.2107274042139912e+18,1.2107274042139901e+18
2016-02-19,145,399093,399237,1.1062100583820252e+18,1.1062100583820301e+18
2016-02-20,150,399238,399387,1.2190821371578115e+18,1.21908213715781e+18
2016-02-21,128,399388,399515,1.0402834237079976e+18,1.040283423708e+18
2016-02-22,127,399516,399642,1.0321562094602788e+18,1.03215620946028e+18
2016-02-23,136,399643,399778,1.1053011376897481e+18,1.1053011376897499e+18
2016-02-24,118,399779,399896,9.590112812308096e+17,9.5901128123081e+17
2016-02-25,155,399897,400051,1.2597182083964055e+18,1.25971820839641e+18
2016-02-26,140,400052,400191,1.1378099946806234e+18,1.13780999468062e+18
2016-02-27,147,400192,400338,1.194700494414655e+18,1.1947004944146598e+18
2016-02-28,134,400339,400472,1.0890467091943105e+18,1.08904670919431e+18
2016-02-29,133,400473,400605,1.0809194949465916e+18,1.08091949494659e+18
2016-03-01,141,400606,400746,1.1459372089283421e+18,1.1459372089283401e+18
2016-03-02,157,400747,400903,1.275972636891843e+18,1.27597263689184e+18
2016-03-03,135,400904,401038,1.0971739234420293e+18,1.0971739234420301e+18
2016-03-04,155,401039,401193,1.25720065607867e+18,1.2572006560786698e+18
2016-03-05,150,401194,401343,1.1813188523917975e+18,1.1813188523917998e+18
2016-03-06,148,401344,401491,1.165567934359907e+18,1.16556793435991e+18
2016-03-07,133,401492,401624,1.0474360491207282e+18,1.04743604912073e+18
2016-03-08,154,401625,401778,1.2128206884555786e+18,1.2128206884555802e+18
2016-03-09,168,401779,401946,1.3230771146788124e+18,1.3230771146788099e+18
2016-03-10,155,401947,402101,1.2206961474715238e+18,1.22069614747152e+18
2016-03-11,160,402102,402261,1.2600734425512502e+18,1.2600734425512502e+18
2016-03-12,144,402262,402405,1.1340660982961261e+18,1.13406609829613e+18
2016-03-13,133,402406,402538,1.0474360491207282e+18,1.04743604912073e+18
2016-03-14,152,402539,402690,1.1970697704236882e+18,1.19706977042369e+18
2016-03-15,161,402691,402851,1.2679489015671954e+18,1.2679489015672e+18
2016-03-16,152,402852,403003,1.1970697704236882e+18,1.19706977042369e+18
2016-03-17,141,403004,403144,1.1104397212482903e+18,1.11043972124829e+18
2016-03-18,136,403145,403280,1.0995285218997617e+18,1.09952852189976e+18
2016-03-19,136,403281,403416,1.1188573523345262e+18,1.11885735233453e+18
2016-03-20,146,403417,403562,1.2011262753003003e+18,1.2011262753003e+18
2016-03-21,139,403563,403701,1.1435380292242584e+18,1.14353802922426e+18
2016-03-22,148,403702,403849,1.217580059893455e+18,1.21758005989345e+18
2016-03-23,149,403850,403998,1.2258069521900324e+18,1.2258069521900298e+18
2016-03-24,147,403999,404145,1.2093531675968776e+18,1.2093531675968801e+18
2016-03-25,146,404146,404291,1.2011262753003003e+18,1.2011262753003e+18
2016-03-26,153,404292,404444,1.258714521376342e+18,1.25871452137634e+18
2016-03-27,141,404445,404585,1.159991813817413e+18,1.15999181381741e+18
2016-03-28,170,404586,404755,1.3985716904181578e+18,1.39857169041816e+18
2016-03-29,157,404756,404912,1.2916220905626516e+18,1.29162209056265e+18
2016-03-30,147,404913,405059,1.2093531675968776e+18,1.2093531675968801e+18
2016-03-31,124,405060,405183,1.0201346447755974e+18,1.0201346447756e+18
2016-04-01,153,405184,405336,1.266862832811706e+18,1.26686283281171e+18
2016-04-02,139,405337,405475,1.152898486162404e+18,1.1528984861624001e+18
2016-04-03,142,405476,405617,1.1777811873025997e+18,1.1777811873026e+18
2016-04-04,166,405618,405783,1.376842796424166e+18,1.37684279642417e+18
2016-04-05,155,405784,405938,1.2856062255767816e+18,1.28560622557678e+18
2016-04-06,157,405939,406095,1.3021946930035786e+18,1.30219469300358e+18
2016-04-07,139,406096,406234,1.152898486162404e+18,1.1528984861624001e+18
2016-04-08,144,406235,406378,1.194369654729397e+18,1.1943696547294e+18
2016-04-09,162,406379,406540,1.3436658615705715e+18,1.34366586157057e+18
2016-04-10,173,406541,406713,1.434902432417956e+18,1.43490243241796e+18
2016-04-11,153,406714,406866,1.2690177581499843e+18,1.2690177581499802e+18
2016-04-12,148,406867,407014,1.2275465895829914e+18,1.2275465895829898e+18
2016-04-13,164,407015,407178,1.3602543289973688e+18,1.36025432899737e+18
2016-04-14,164,407179,407342,1.4255126873072563e+18,1.42551268730726e+18
2016-04-15,139,407343,407481,1.2346184123342477e+18,1.23461841233425e+18
2016-04-16,138,407482,407619,1.2257362654829222e+18,1.22573626548292e+18
2016-04-17,158,407620,407777,1.4033792025094323e+18,1.40337920250943e+18
2016-04-18,134,407778,407911,1.1902076780776202e+18,1.19020767807762e+18
2016-04-19,150,407912,408061,1.3323220276988283e+18,1.33232202769883e+18
2016-04-20,165,408062,408226,1.465554230468711e+18,1.46555423046871e+18
2016-04-21,151,408227,408377,1.3412041745501537e+18,1.3412041745501501e+18
2016-04-22,143,408378,408520,1.2701469997395497e+18,1.27014699973955e+18
2016-04-23,144,408521,408664,1.2790291465908751e+18,1.27902914659088e+18
2016-04-24,132,408665,408796,1.172443384374969e+18,1.17244338437497e+18
2016-04-25,127,408797,408923,1.1280326501183416e+18,1.1280326501183401e+18
2016-04-26,151,408924,409074,1.3412041745501537e+18,1.3412041745501501e+18
2016-04-27,129,409075,409203,1.1457969438209926e+18,1.14579694382099e+18
2016-04-28,135,409204,409338,1.1990036501471913e+18,1.19900365014719e+18
2016-04-29,158,409339,409496,1.40322958036089e+18,1.4032295803608899e+18
2016-04-30,146,409497,409642,1.296655181852468e+18,1.29665518185247e+18
2016-05-01,155,409643,409797,1.3765859807337846e+18,1.37658598073378e+18
2016-05-02,157,409798,409954,1.3943483804851884e+18,1.3943483804851901e+18
2016-05-03,151,409955,410105,1.3410611812309773e+18,1.34106118123098e+18
2016-05-04,167,410106,410272,1.4831603792422067e+18,1.48316037924221e+18
2016-05-05,155,410273,410427,1.3765859807337846e+18,1.37658598073378e+18
2016-05-06,162,410428,410589,1.4387543798636974e+18,1.4387543798637e+18
2016-05-07,150,410590,410739,1.3321799813552755e+18,1.33217998135528e+18
2016-05-08,168,410740,410907,1.4920415791179085e+18,1.49204157911791e+18
2016-05-09,171,410908,411078,1.518685178745014e+18,1.51868517874501e+18
2016-05-10,158,411079,411236,1.40322958036089e+18,1.4032295803608899e+18
2016-05-11,133,411237,411369,1.2633771029173473e+18,1.26337710291735e+18
2016-05-12,139,411370,411508,1.3422478695471916e+18,1.34224786954719e+18
2016-05-13,152,411509,411660,1.4677818429580805e+18,1.46778184295808e+18
2016-05-14,144,411661,411804,1.390530167012918e+18,1.3905301670129198e+18
2016-05-15,139,411805,411943,1.3422478695471916e+18,1.34224786954719e+18
2016-05-16,141,411944,412084,1.3615607885334822e+18,1.36156078853348e+18
2016-05-17,141,412085,412225,1.3615607885334822e+18,1.36156078853348e+18
2016-05-18,153,412226,412378,1.4774383024512259e+18,1.47743830245123e+18
2016-05-19,120,412379,412498,1.1587751391774305e+18,1.15877513917743e+18
2016-05-20,149,412499,412647,1.4388124644786447e+18,1.4388124644786399e+18
2016-05-21,141,412648,412788,1.3615607885334822e+18,1.36156078853348e+18
2016-05-22,184,412789,412972,1.7767885467387308e+18,1.77678854673873e+18
2016-05-23,180,412973,413152,1.7381627087661494e+18,1.7381627087661501e+18
2016-05-24,147,413153,413299,1.4245274879777876e+18,1.42452748797779e+18
2016-05-25,138,413300,413437,1.367284213203548e+18,1.3672842132035502e+18
2016-05-26,135,413438,413572,1.337560643351297e+18,1.3375606433512998e+18
2016-05-27,139,413573,413711,1.3771920698209649e+18,1.37719206982096e+18
2016-05-28,133,413712,413844,1.3177449301164628e+18,1.31774493011646e+18
2016-05-29,147,413845,413991,1.4564549227603008e+18,1.4564549227603e+18
2016-05-30,144,413992,414135,1.42673135290805e+18,1.42673135290805e+18
2016-05-31,127,414136,414262,1.2582977904119608e+18,1.25829779041196e+18
2016-06-01,143,414263,414405,1.416823496290633e+18,1.41682349629063e+18
2016-06-02,138,414406,414543,1.367284213203548e+18,1.3672842132035502e+18
2016-06-03,142,414544,414685,1.406915639673216e+18,1.40691563967322e+18
2016-06-04,119,414686,414804,1.179034937472625e+18,1.17903493747262e+18
2016-06-05,170,414805,414974,1.684335624960892e+18,1.68433562496089e+18
2016-06-06,170,414975,415144,1.684335624960892e+18,1.68433562496089e+18
2016-06-07,140,415145,415284,1.3870999264383818e+18,1.38709992643838e+18
2016-06-08,144,415285,415428,1.4052398337767977e+18,1.4052398337768e+18
2016-06-09,165,415429,415593,1.6081339309215007e+18,1.6081339309215002e+18
2016-06-10,144,415594,415737,1.4034623397133107e+18,1.40346233971331e+18
2016-06-11,156,415738,415893,1.5204175346894193e+18,1.5204175346894198e+18
2016-06-12,146,415894,416039,1.422954872209329e+18,1.4229548722093302e+18
2016-06-13,161,416040,416200,1.5691488659294646e+18,1.56914886592946e+18
2016-06-14,132,416201,416332,1.2865071447372022e+18,1.2865071447372e+18
2016-06-15,152,416333,416484,1.4814324696973832e+18,1.48143246969738e+18
2016-06-16,149,416485,416633,1.452193670953356e+18,1.45219367095336e+18
2016-06-17,149,416634,416782,1.452193670953356e+18,1.45219367095336e+18
2016-06-18,158,416783,416940,1.5399100671854374e+18,1.53991006718544e+18
2016-06-19,177,416941,417117,1.7250891258976092e+18,1.72508912589761e+18
2016-06-20,164,417118,417281,1.5983876646734917e+18,1.59838766467349e+18
2016-06-21,149,417282,417430,1.531412773078201e+18,1.5314127730782e+18
2016-06-22,129,417431,417559,1.3431445155234652e+18,1.34314451552347e+18
2016-06-23,140,417560,417699,1.45767621839756e+18,1.45767621839756e+18
2016-06-24,129,417700,417828,1.3431445155234652e+18,1.34314451552347e+18
2016-06-25,162,417829,417990,1.6867396241457492e+18,1.68673962414575e+18
2016-06-26,146,417991,418136,1.5201480563288842e+18,1.5201480563288799e+18
2016-06-27,147,418137,418283,1.5305600293174382e+18,1.53056002931744e+18
2016-06-28,148,418284,418431,1.5409720023059924e+18,1.5409720023059901e+18
2016-06-29,146,418432,418577,1.5201480563288842e+18,1.5201480563288799e+18
2016-06-30,150,418578,418727,1.5617959482831004e+18,1.5617959482831002e+18
2016-07-01,155,418728,418882,1.6138558132258708e+18,1.61385581322587e+18
2016-07-02,149,418883,419031,1.5513839752945464e+18,1.55138397529455e+18
2016-07-03,154,419032,419185,1.6034438402373166e+18,1.60344384023732e+18
2016-07-04,151,419186,419336,1.573973227426708e+18,1.57397322742671e+18
2016-07-05,145,419337,419481,1.5381771269495322e+18,1.53817712694953e+18
2016-07-06,140,419482,419621,1.4851365363650655e+18,1.4851365363650698e+18
2016-07-07,137,419622,419758,1.4533121820143854e+18,1.45331218201439e+18
2016-07-08,145,419759,419903,1.5381771269495322e+18,1.53817712694953e+18
2016-07-09,149,419904,420052,1.5806095994171054e+18,1.58060959941711e+18
2016-07-10,156,420053,420208,1.6548664262353587e+18,1.65486642623536e+18
2016-07-11,143,420209,420351,1.5169608907157455e+18,1.51696089071575e+18
2016-07-12,143,420352,420494,1.5169608907157455e+18,1.51696089071575e+18
2016-07-13,129,420495,420623,1.368447237079239e+18,1.36844723707924e+18
2016-07-14,141,420624,420764,1.4957446544819587e+18,1.49574465448196e+18
2016-07-15,135,420765,420899,1.4320959457805988e+18,1.4320959457806e+18
2016-07-16,157,420900,421056,1.665474544352252e+18,1.6654745443522499e+18
2016-07-17,149,421057,421205,1.5806095994171054e+18,1.58060959941711e+18
2016-07-18,148,421206,421353,1.5700479980708628e+18,1.57004799807086e+18
2016-07-19,128,421354,421481,1.3584345336266842e+18,1.35843453362668e+18
2016-07-20,150,421482,421631,1.591915469093769e+18,1.59191546909377e+18
2016-07-21,133,421632,421764,1.4114983825964762e+18,1.41149838259648e+18
2016-07-22,129,421765,421893,1.3690473034206426e+18,1.36904730342064e+18
2016-07-23,131,421894,422024,1.3902728430085594e+18,1.3902728430085599e+18
2016-07-24,124,422025,422148,1.3159834544508503e+18,1.3159834544508498e+18
2016-07-25,131,422149,422279,1.3902728430085594e+18,1.3902728430085599e+18
2016-07-26,129,422280,422408,1.3690473034206426e+18,1.36904730342064e+18
2016-07-27,128,422409,422536,1.3584345336266842e+18,1.35843453362668e+18
2016-07-28,136,422537,422672,1.4433366919783514e+18,1.44333669197835e+18
2016-07-29,147,422673,422819,1.5600771597118938e+18,1.56007715971189e+18
2016-07-30,119,422820,422938,1.2629196054810583e+18,1.26291960548106e+18
2016-07-31,154,422939,423092,1.6343665482696028e+18,1.6343665482696e+18
2016-08-01,153,423093,423245,1.6237537784756442e+18,1.62375377847564e+18
2016-08-02,154,423246,423399,1.6113023944271547e+18,1.61130239442715e+18
2016-08-03,166,423400,423565,1.6660035473509373e+18,1.6660035473509402e+18
2016-08-04,153,423566,423718,1.5355333900282737e+18,1.53553339002827e+18
2016-08-05,169,423719,423887,1.696112045194629e+18,1.6961120451946301e+18
2016-08-06,166,423888,424053,1.6660035473509373e+18,1.6660035473509402e+18
2016-08-07,148,424054,424201,1.4853525602887877e+18,1.48535256028879e+18
2016-08-08,148,424202,424349,1.4853525602887877e+18,1.48535256028879e+18
2016-08-09,124,424350,424473,1.2444845775392545e+18,1.24448457753925e+18
2016-08-10,151,424474,424624,1.5154610581324792e+18,1.51546105813248e+18
2016-08-11,150,424625,424774,1.5054248921845821e+18,1.50542489218458e+18
2016-08-12,149,424775,424923,1.4953887262366848e+18,1.49538872623668e+18
2016-08-13,163,424924,425086,1.6358950495072458e+18,1.6358950495072502e+18
2016-08-14,163,425087,425249,1.6358950495072458e+18,1.6358950495072502e+18
2016-08-15,146,425250,425395,1.4806727866097134e+18,1.48067278660971e+18
2016-08-16,135,425396,425530,1.4587821709289833e+18,1.45878217092898e+18
2016-08-17,123,425531,425653,1.3291126446241846e+18,1.32911264462418e+18
2016-08-18,154,425654,425807,1.6640922542449144e+18,1.66409225424491e+18
2016-08-19,154,425808,425961,1.6640922542449144e+18,1.66409225424491e+18
2016-08-20,155,425962,426116,1.6748980481036477e+18,1.67489804810365e+18
2016-08-21,163,426117,426279,1.7613443989735132e+18,1.76134439897351e+18
2016-08-22,158,426280,426437,1.7073154296798474e+18,1.7073154296798502e+18
2016-08-23,147,426438,426584,1.588451697233782e+18,1.58845169723378e+18
2016-08-24,152,426585,426736,1.642480666527448e+18,1.64248066652745e+18
2016-08-25,130,426737,426866,1.4047532016353172e+18,1.40475320163532e+18
2016-08-26,132,426867,426998,1.4263647893527836e+18,1.42636478935278e+18
2016-08-27,144,426999,427142,1.5560343156575823e+18,1.55603431565758e+18
2016-08-28,152,427143,427294,1.642480666527448e+18,1.64248066652745e+18
2016-08-29,149,427295,427443,1.6188014620198216e+18,1.61880146201982e+18
2016-08-30,164,427444,427607,1.7997090589716006e+18,1.7997090589716e+18
2016-08-31,134,427608,427741,1.4704939872085033e+18,1.4704939872085e+18
2016-09-01,140,427742,427881,1.5363370015611226e+18,1.53633700156112e+18
2016-09-02,153,427882,428034,1.6789968659917978e+18,1.6789968659918e+18
2016-09-03,126,428035,428160,1.382703301405011e+18,1.38270330140501e+18
2016-09-04,179,428161,428339,1.9643165948531517e+18,1.96431659485315e+18
2016-09-05,140,428340,428479,1.5363370015611226e+18,1.53633700156112e+18
2016-09-06,136,428480,428615,1.4924416586593764e+18,1.49244165865938e+18
2016-09-07,152,428616,428767,1.6680230302663613e+18,1.6680230302663598e+18
2016-09-08,144,428768,428911,1.5802323444628687e+18,1.58023234446287e+18
2016-09-09,142,428912,429053,1.5582846730119956e+18,1.558284673012e+18
2016-09-10,155,429054,429208,1.7009445374426708e+18,1.70094453744267e+18
2016-09-11,164,429209,429372,1.7997090589716006e+18,1.7997090589716e+18
2016-09-12,163,429373,429535,1.821039510201437e+18,1.82103951020144e+18
2016-09-13,165,429536,429700,1.8523251396003172e+18,1.85232513960032e+18
2016-09-14,156,429701,429856,1.751289222894845e+18,1.75128922289484e+18
2016-09-15,154,429857,430010,1.7288367969602957e+18,1.7288367969603e+18
2016-09-16,139,430011,430149,1.5604436024511754e+18,1.56044360245118e+18
2016-09-17,163,430150,430312,1.8298727136657677e+18,1.82987271366577e+18
2016-09-18,145,430313,430457,1.6278008802548237e+18,1.62780088025482e+18
2016-09-19,133,430458,430590,1.4930863246475274e+18,1.49308632464753e+18
2016-09-20,151,430591,430741,1.6951581580584717e+18,1.6951581580584701e+18
2016-09-21,166,430742,430907,1.863551352567592e+18,1.8635513525675901e+18
2016-09-22,141,430908,431048,1.582896028385725e+18,1.58289602838572e+18
2016-09-23,136,431049,431184,1.5267649635493514e+18,1.52676496354935e+18
2016-09-24,166,431185,431350,1.863551352567592e+18,1.8635513525675901e+18
2016-09-25,185,431351,431535,2.1625580931396052e+18,2.1625580931396099e+18
2016-09-26,153,431536,431688,1.8346947823113303e+18,1.83469478231133e+18
2016-09-27,167,431689,431855,2.0025753506274002e+18,2.0025753506274e+18
2016-09-28,148,431856,432003,1.7747374364841623e+18,1.77473743648416e+18
2016-09-29,143,432004,432146,1.7147800906569946e+18,1.71478009065699e+18
2016-09-30,142,432147,432288,1.702788621491561e+18,1.70278862149156e+18
2016-10-01,157,432289,432445,1.8826606589730644e+18,1.88266065897306e+18
2016-10-02,141,432446,432586,1.6907971523261274e+18,1.6907971523261302e+18
2016-10-03,151,432587,432737,1.810711843980463e+18,1.81071184398046e+18
2016-10-04,158,432738,432895,1.894652128138498e+18,1.8946521281385e+18
2016-10-05,167,432896,433062,2.0025753506274002e+18,2.0025753506274e+18
2016-10-06,161,433063,433223,1.9306265356347988e+18,1.9306265356348e+18
2016-10-07,143,433224,433366,1.7147800906569946e+18,1.71478009065699e+18
2016-10-08,169,433367,433535,2.109095859820457e+18,2.10909585982046e+18
2016-10-09,160,433536,433695,2.0561976845730196e+18,2.0561976845730202e+18
2016-10-10,124,433696,433819,1.5935532055440904e+18,1.5935532055440899e+18
2016-10-11,139,433820,433958,1.7863217384728108e+18,1.78632173847281e+18
2016-10-12,144,433959,434102,1.8505779161157176e+18,1.85057791611572e+18
2016-10-13,128,434103,434230,1.6449581476584159e+18,1.64495814765842e+18
2016-10-14,136,434231,434366,1.747768031887067e+18,1.74776803188707e+18
2016-10-15,142,434367,434508,1.824875445058555e+18,1.82487544505855e+18
2016-10-16,130,434509,434638,1.6706606187155786e+18,1.6706606187155802e+18
2016-10-17,125,434639,434763,1.6064044410726717e+18,1.60640444107267e+18
2016-10-18,155,434764,434918,1.9919415069301128e+18,1.99194150693011e+18
2016-10-19,125,434919,435043,1.6064044410726717e+18,1.60640444107267e+18
2016-10-20,134,435044,435177,1.7220655608299041e+18,1.7220655608299e+18
2016-10-21,164,435178,435341,2.1076026266873452e+18,2.10760262668734e+18
2016-10-22,149,435342,435490,1.9063009500822592e+18,1.90630095008226e+18
2016-10-23,144,435491,435634,1.8154701249900966e+18,1.8154701249901e+18
2016-10-24,143,435635,435777,1.802862693566554e+18,1.80286269356655e+18
2016-10-25,139,435778,435916,1.7524329678723843e+18,1.7524329678723802e+18
2016-10-26,138,435917,436054,1.7398255364488417e+18,1.73982553644884e+18
2016-10-27,162,436055,436216,2.0424038906138614e+18,2.04240389061386e+18
2016-10-28,152,436217,436368,1.9163295763784366e+18,1.91632957637844e+18
2016-10-29,149,436369,436517,1.878507282107809e+18,1.87850728210781e+18
2016-10-30,168,436518,436685,2.1180484791551163e+18,2.1180484791551199e+18
2016-10-31,147,436686,436832,1.853292419260724e+18,1.85329241926072e+18
2016-11-01,144,436833,436976,1.8154701249900966e+18,1.8154701249901e+18
2016-11-02,133,436977,437109,1.67678837933113e+18,1.67678837933113e+18
2016-11-03,155,437110,437264,1.954151870649064e+18,1.95415187064906e+18
2016-11-04,116,437265,437380,1.4624620451309112e+18,1.46246204513091e+18
2016-11-05,147,437381,437527,1.8560815967281316e+18,1.85608159672813e+18
2016-11-06,153,437528,437680,1.936557439096852e+18,1.9365574390968502e+18
2016-11-07,146,437681,437826,1.8479567719486298e+18,1.84795677194863e+18
2016-11-08,169,437827,437995,2.1390732497213601e+18,2.13907324972136e+18
2016-11-09,147,437996,438142,1.8606140101126615e+18,1.86061401011266e+18
2016-11-10,168,438143,438310,2.1264160115573284e+18,2.12641601155733e+18
2016-11-11,163,438311,438473,2.0631298207371694e+18,2.0631298207371702e+18
2016-11-12,168,438474,438641,2.1264160115573284e+18,2.12641601155733e+18
2016-11-13,142,438642,438783,1.7973278192925028e+18,1.7973278192925e+18
2016-11-14,172,438784,438955,2.1770449642134554e+18,2.1770449642134602e+18
2016-11-15,156,438956,439111,1.9745291535889472e+18,1.97452915358895e+18
2016-11-16,171,439112,439282,2.1643877260494236e+18,2.16438772604942e+18
2016-11-17,159,439283,439441,2.0125008680810424e+18,2.01250086808104e+18
2016-11-18,148,439442,439589,2.011089712251626e+18,2.0110897122516298e+18
2016-11-19,142,439590,439731,1.9891927397281956e+18,1.9891927397282e+18
2016-11-20,128,439732,439859,1.7930751456704863e+18,1.79307514567049e+18
2016-11-21,139,439860,439998,1.9471675410015437e+18,1.9471675410015398e+18
2016-11-22,134,439999,440132,1.8771255431237903e+18,1.87712554312379e+18
2016-11-23,147,440133,440279,2.059234737605949e+18,2.0592347376059502e+18
2016-11-24,162,440280,440441,2.2693607312392092e+18,2.26936073123921e+18
2016-11-25,152,440442,440593,2.1292767354837023e+18,2.1292767354837e+18
2016-11-26,153,440594,440746,2.143285135059253e+18,2.1432851350592502e+18
2016-11-27,144,440747,440890,2.017209538879297e+18,2.0172095388793e+18
2016-11-28,164,440891,441054,2.2973775303903104e+18,2.2973775303903101e+18
2016-11-29,149,441055,441203,2.0872515367570504e+18,2.08725153675705e+18
2016-11-30,142,441204,441345,1.9891927397281956e+18,1.9891927397282e+18
2016-12-01,146,441346,441491,2.0452263380303985e+18,2.0452263380304e+18
2016-12-02,143,441492,441634,2.0355324650914214e+18,2.0355324650914202e+18
2016-12-03,172,441635,441806,2.4518950173418875e+18,2.45189501734189e+18
2016-12-04,148,441807,441954,2.109770131201162e+18,2.1097701312011602e+18
2016-12-05,152,441955,442106,2.1667909455579497e+18,2.16679094555795e+18
2016-12-06,150,442107,442256,2.1382805383795558e+18,2.1382805383795602e+18
2016-12-07,174,442257,442430,2.480405424520281e+18,2.48040542452028e+18
2016-12-08,157,442431,442587,2.238066963503934e+18,2.2380669635039299e+18
2016-12-09,135,442588,442722,1.9244524845416026e+18,1.9244524845416e+18
2016-12-10,132,442723,442854,1.881686873774012e+18,1.88168687377401e+18
2016-12-11,187,442855,443041,2.6657230711798405e+18,2.66572307117984e+18
2016-12-12,156,443042,443197,2.2238117599147372e+18,2.22381175991474e+18
2016-12-13,178,443198,443375,2.537426238877069e+18,2.5374262388770703e+18
2016-12-14,139,443376,443514,1.98147329889839e+18,1.98147329889839e+18
2016-12-15,127,443515,443641,1.9522514967757873e+18,1.9522514967757898e+18
2016-12-16,133,443642,443774,2.050571628560357e+18,2.05057162856036e+18
2016-12-17,144,443775,443918,2.220167778290911e+18,2.2201677782909102e+18
2016-12-18,141,443919,444059,2.173914282909851e+18,2.17391428290985e+18
2016-12-19,151,444060,444210,2.328092600846718e+18,2.32809260084672e+18
2016-12-20,138,444211,444348,2.1276607875287908e+18,2.12766078752879e+18
2016-12-21,159,444349,444507,2.451435255196212e+18,2.45143525519621e+18
2016-12-22,159,444508,444666,2.451435255196212e+18,2.45143525519621e+18
2016-12-23,152,444667,444818,2.343510432640405e+18,2.3435104326404e+18
2016-12-24,137,444819,444955,2.112242955735104e+18,2.1122429557351e+18
2016-12-25,165,444956,445120,2.5439422459583324e+18,2.54394224595833e+18
2016-12-26,142,445121,445262,2.1893321147035377e+18,2.1893321147035402e+18
2016-12-27,156,445263,445418,2.4051817598151516e+18,2.40518175981515e+18
2016-12-28,164,445419,445582,2.5461279937321866e+18,2.54612799373219e+18
2016-12-29,150,445583,445732,2.36885640597071e+18,2.36885640597071e+18
2016-12-30,157,445733,445889,2.479403038249342e+18,2.47940303824934e+18
2016-12-31,148,445890,446037,2.3372716538911007e+18,2.3372716538911e+18
2017-01-01,156,446038,446193,2.4636106622095375e+18,2.46361066220954e+18
2017-01-02,159,446194,446352,2.5109877903289513e+18,2.5109877903289503e+18
2017-01-03,164,446353,446516,2.5899496705279744e+18,2.58994967052797e+18
2017-01-04,153,446517,446669,2.416233534090124e+18,2.4162335340901197e+18
2017-01-05,140,446670,446809,2.2109326455726638e+18,2.21093264557266e+18
2017-01-06,161,446810,446970,2.5425725424085606e+18,2.54257254240856e+18
2017-01-07,138,446971,447108,2.1793478934930545e+18,2.1793478934930499e+18
2017-01-08,167,447109,447275,2.637326798647388e+18,2.63732679864739e+18
2017-01-09,136,447276,447411,2.147763141413445e+18,2.14776314141344e+18
2017-01-10,160,447412,447571,2.5458803755223347e+18,2.54588037552233e+18
2017-01-11,153,447572,447724,2.562350134115003e+18,2.562350134115e+18
2017-01-12,172,447725,447896,2.88055047756719e+18,2.88055047756719e+18
2017-01-13,150,447897,448046,2.512107974622552e+18,2.51210797462255e+18
2017-01-14,172,448047,448218,2.88055047756719e+18,2.88055047756719e+18
2017-01-15,167,448219,448385,2.796813545079772e+18,2.79681354507977e+18
2017-01-16,169,448386,448554,2.8303083180747397e+18,2.83030831807474e+18
2017-01-17,158,448555,448712,2.64608706660242e+18,2.64608706660242e+18
2017-01-18,150,448713,448862,2.512107974622552e+18,2.51210797462255e+18
2017-01-19,174,448863,449036,2.914045250562157e+18,2.9140452505621596e+18
2017-01-20,189,449037,449225,3.1652560480244106e+18,3.16525604802441e+18
2017-01-21,181,449226,449406,3.031276956044542e+18,3.03127695604454e+18
2017-01-22,174,449407,449580,2.950275252528677e+18,2.95027525252868e+18
2017-01-23,138,449581,449718,2.695734742143494e+18,2.69573474214349e+18
2017-01-24,149,449719,449867,2.9106121491259453e+18,2.91061214912595e+18
2017-01-25,149,449868,450016,2.9106121491259453e+18,2.91061214912595e+18
2017-01-26,155,450017,450171,3.0278180074800097e+18,3.0278180074800097e+18
2017-01-27,170,450172,450341,3.32083265336517e+18,3.32083265336517e+18
2017-01-28,152,450342,450493,2.9692150783029775e+18,2.96921507830298e+18
2017-01-29,167,450494,450660,3.2622297241881385e+18,3.26222972418814e+18
2017-01-30,144,450661,450804,2.8129406004975585e+18,2.81294060049756e+18
2017-01-31,145,450805,450949,2.832474910223236e+18,2.83247491022324e+18
2017-02-01,192,450950,451141,3.750587467330077e+18,3.75058746733008e+18
2017-02-02,157,451142,451298,3.0668866269313644e+18,3.06688662693136e+18
2017-02-03,149,451299,451447,2.9106121491259453e+18,2.91061214912595e+18
2017-02-04,144,451448,451591,2.824555824368052e+18,2.8245558243680497e+18
2017-02-05,159,451592,451750,3.336807820808764e+18,3.33680782080876e+18
2017-02-06,125,451751,451875,2.6232765886861353e+18,2.62327658868614e+18
2017-02-07,151,451876,452026,3.168918119132851e+18,3.1689181191328497e+18
2017-02-08,146,452027,452172,3.063987055585406e+18,3.06398705558541e+18
2017-02-09,169,452173,452341,3.5466699479036554e+18,3.54666994790366e+18
2017-02-10,147,452342,452488,3.084973268294895e+18,3.08497326829489e+18
2017-02-11,139,452489,452627,2.9170835666189824e+18,2.91708356661898e+18
2017-02-12,140,452628,452767,2.9380697793284716e+18,2.93806977932847e+18
2017-02-13,163,452768,452930,3.42075267164672e+18,3.42075267164672e+18
2017-02-14,169,452931,453099,3.5466699479036554e+18,3.54666994790366e+18
2017-02-15,139,453100,453238,2.9170835666189824e+18,2.91708356661898e+18
2017-02-16,151,453239,453389,3.168918119132851e+18,3.1689181191328497e+18
2017-02-17,151,453390,453540,3.168918119132851e+18,3.1689181191328497e+18
2017-02-18,151,453541,453691,3.2540250265387556e+18,3.2540250265387597e+18
2017-02-19,134,453692,453825,2.9361125638584054e+18,2.93611256385841e+18
2017-02-20,148,453826,453973,3.242870592918237e+18,3.2428705929182397e+18
2017-02-21,138,453974,454111,3.023757715018357e+18,3.02375771501836e+18
2017-02-22,138,454112,454249,3.023757715018357e+18,3.02375771501836e+18
2017-02-23,150,454250,454399,3.286693168498213e+18,3.2866931684982103e+18
2017-02-24,163,454400,454562,3.571539909768058e+18,3.57153990976806e+18
2017-02-25,167,454563,454729,3.659185060928012e+18,3.6591850609280097e+18
2017-02-26,178,454730,454907,3.9002092266178836e+18,3.90020922661788e+18
2017-02-27,144,454908,455051,3.1552254417582853e+18,3.15522544175829e+18
2017-02-28,153,455052,455204,3.352427031868177e+18,3.35242703186818e+18
2017-03-01,144,455205,455348,3.1552254417582853e+18,3.15522544175829e+18
2017-03-02,157,455349,455505,3.440072183028129e+18,3.44007218302813e+18
2017-03-03,151,455506,455656,3.3493453870368783e+18,3.34934538703688e+18
2017-03-04,132,455657,455788,3.023455911664414e+18,3.02345591166441e+18
2017-03-05,147,455789,455935,3.3670304470808233e+18,3.3670304470808197e+18
2017-03-06,142,455936,456077,3.25250560194202e+18,3.25250560194202e+18
2017-03-07,153,456078,456230,3.504460261247387e+18,3.5044602612473897e+18
2017-03-08,142,456231,456372,3.25250560194202e+18,3.25250560194202e+18
2017-03-09,148,456373,456520,3.389935416108584e+18,3.38993541610858e+18
2017-03-10,156,456521,456676,3.57317516833067e+18,3.57317516833067e+18
2017-03-11,149,456677,456825,3.4128403851363446e+18,3.41284038513634e+18
2017-03-12,155,456826,456980,3.5502701993029094e+18,3.55027019930291e+18
2017-03-13,145,456981,457125,3.321220509025302e+18,3.3212205090253e+18
2017-03-14,156,457126,457281,3.57317516833067e+18,3.57317516833067e+18
2017-03-15,142,457282,457423,3.25250560194202e+18,3.25250560194202e+18
2017-03-16,153,457424,457576,3.504460261247387e+18,3.5044602612473897e+18
2017-03-17,154,457577,457730,3.6008692633022075e+18,3.6008692633022095e+18
2017-03-18,157,457731,457887,3.71264713922961e+18,3.71264713922961e+18
2017-03-19,165,457888,458052,3.901826611292263e+18,3.90182661129226e+18
2017-03-20,136,458053,458188,3.2160510250651407e+18,3.2160510250651397e+18
2017-03-21,142,458189,458330,3.357935629112133e+18,3.35793562911213e+18
2017-03-22,159,458331,458489,3.759942007245273e+18,3.75994200724527e+18
2017-03-23,148,458490,458637,3.499820233159125e+18,3.4998202331591204e+18
2017-03-24,176,458638,458813,4.161948385378411e+18,4.16194838537841e+18
2017-03-25,133,458814,458946,3.1451087230416445e+18,3.14510872304164e+18
2017-03-26,166,458947,459112,3.9254740453000945e+18,3.9254740453000904e+18
2017-03-27,132,459113,459244,3.121461289033813e+18,3.12146128903381e+18
2017-03-28,155,459245,459399,3.6653522712139464e+18,3.66535227121395e+18
2017-03-29,138,459400,459537,3.263345893080805e+18,3.2633458930807997e+18
2017-03-30,164,459538,459701,3.9424177274047176e+18,3.94241772740472e+18
2017-03-31,135,459702,459836,3.352999966358019e+18,3.35299996635802e+18
2017-04-01,132,459837,459968,3.278488855994508e+18,3.27848885599451e+18
2017-04-02,158,459969,460126,3.924251812478278e+18,3.92425181247828e+18
2017-04-03,176,460127,460302,4.3713184746593526e+18,4.37131847465935e+18
2017-04-04,125,460303,460427,3.1046295984796483e+18,3.10462959847965e+18
2017-04-05,162,460428,460589,4.0235999596296284e+18,4.02359995962963e+18
2017-04-06,147,460590,460736,3.6510444078120663e+18,3.65104440781207e+18
2017-04-07,162,460737,460898,4.0235999596296284e+18,4.02359995962963e+18
2017-04-08,137,460899,461035,3.402674039933693e+18,3.40267403993369e+18
2017-04-09,159,461036,461194,3.9490888492661156e+18,3.94908884926612e+18
2017-04-10,147,461195,461341,3.6510444078120663e+18,3.65104440781207e+18
2017-04-11,167,461342,461508,4.1477851435688156e+18,4.1477851435688197e+18
2017-04-12,142,461509,461650,3.526859223872879e+18,3.52685922387288e+18
2017-04-13,127,461651,461777,3.274289421195794e+18,3.2742894211957903e+18
2017-04-14,139,461778,461916,3.59864652693503e+18,3.59864652693503e+18
2017-04-15,150,461917,462066,3.883431503886723e+18,3.88343150388672e+18
2017-04-16,146,462067,462212,3.779873330449744e+18,3.77987333044974e+18
2017-04-17,138,462213,462350,3.572756983575785e+18,3.57275698357579e+18
2017-04-18,146,462351,462496,3.779873330449744e+18,3.77987333044974e+18
2017-04-19,143,462497,462639,3.702204700372009e+18,3.70220470037201e+18
2017-04-20,138,462640,462777,3.572756983575785e+18,3.57275698357579e+18
2017-04-21,167,462778,462944,4.323553740993885e+18,4.32355374099389e+18
2017-04-22,145,462945,463089,3.753983787090499e+18,3.7539837870905e+18
2017-04-23,153,463090,463242,3.9611001339644575e+18,3.96110013396446e+18
2017-04-24,124,463243,463366,3.210303376546358e+18,3.2103033765463603e+18
2017-04-25,148,463367,463514,3.8316524171682335e+18,3.83165241716823e+18
2017-04-26,153,463515,463667,3.9611001339644575e+18,3.96110013396446e+18
2017-04-27,147,463668,463814,3.813586224729904e+18,3.8135862247299e+18
2017-04-28,136,463815,463950,3.5288591985257754e+18,3.52885919852578e+18
2017-04-29,173,463951,464123,4.4889164804776376e+18,4.48891648047764e+18
2017-04-30,151,464124,464274,3.9180716101278817e+18,3.9180716101278797e+18
2017-05-01,150,464275,464424,3.892124116021075e+18,3.8921241160210703e+18
2017-05-02,158,464425,464582,4.0997040688755313e+18,4.0997040688755297e+18
2017-05-03,132,464583,464714,3.425069222098547e+18,3.42506922209855e+18
2017-05-04,168,464715,464882,4.359179009943602e+18,4.3591790099435996e+18
2017-05-05,129,464883,465011,3.347226739778126e+18,3.34722673977813e+18
2017-05-06,168,465012,465179,4.359179009943602e+18,4.3591790099435996e+18
2017-05-07,167,465180,465346,4.3332315158367954e+18,4.3332315158368005e+18
2017-05-08,180,465347,465526,4.670548939225288e+18,4.67054893922529e+18
2017-05-09,155,465527,465681,4.0218615865551104e+18,4.02186158655511e+18
2017-05-10,148,465682,465829,4.0933296629219374e+18,4.09332966292194e+18
2017-05-11,135,465830,465964,3.7579010494969805e+18,3.75790104949698e+18
2017-05-12,154,465965,466118,4.286790826833598e+18,4.2867908268336e+18
2017-05-13,158,466119,466276,4.398136043114991e+18,4.39813604311499e+18
2017-05-14,164,466277,466440,4.565153867537081e+18,4.5651538675370803e+18
2017-05-15,170,466441,466610,4.732171691959171e+18,4.73217169195917e+18
2017-05-16,132,466611,466742,3.6743921372859356e+18,3.6743921372859397e+18
2017-05-17,155,466743,466897,4.314627130903946e+18,4.31462713090395e+18
2017-05-18,142,466898,467039,3.9527551779894185e+18,3.95275517798942e+18
2017-05-19,164,467040,467203,4.565153867537081e+18,4.5651538675370803e+18
2017-05-20,165,467204,467368,4.592990171607429e+18,4.59299017160743e+18
2017-05-21,147,467369,467515,4.09193669834116e+18,4.09193669834116e+18
2017-05-22,146,467516,467661,4.0641003942708116e+18,4.0641003942708096e+18
2017-05-23,168,467662,467829,4.887381026346983e+18,4.887381026346979e+18
2017-05-24,154,467830,467983,4.5620096331843625e+18,4.5620096331843604e+18
2017-05-25,163,467984,468146,4.828620585773062e+18,4.82862058577306e+18
2017-05-26,153,468147,468299,4.532386194007841e+18,4.5323861940078403e+18
2017-05-27,168,468300,468467,4.976737781655672e+18,4.97673778165567e+18
2017-05-28,165,468468,468632,4.887867464126106e+18,4.88786746412611e+18
2017-05-29,151,468633,468783,4.4731393156547963e+18,4.4731393156548004e+18
2017-05-30,179,468784,468962,5.302595612597416e+18,5.30259561259742e+18
2017-05-31,164,468963,469126,4.858244024949584e+18,4.858244024949581e+18
2017-06-01,170,469127,469296,5.035984660008716e+18,5.03598466000872e+18
2017-06-02,146,469297,469442,4.3250221197721856e+18,4.32502211977219e+18
2017-06-03,192,469443,469634,5.687700321892204e+18,5.6877003218922e+18
2017-06-04,161,469635,469795,5.049391513268765e+18,5.04939151326877e+18
2017-06-05,164,469796,469959,5.533581086114245e+18,5.533581086114239e+18
2017-06-06,151,469960,470110,5.094943560995436e+18,5.09494356099544e+18
2017-06-07,165,470111,470275,5.567322434200308e+18,5.56732243420031e+18
2017-06-08,165,470276,470440,5.567322434200308e+18,5.56732243420031e+18
2017-06-09,151,470441,470591,5.094943560995436e+18,5.09494356099544e+18
2017-06-10,141,470592,470732,4.757530080134814e+18,4.75753008013481e+18
2017-06-11,146,470733,470878,4.926236820565125e+18,4.92623682056512e+18
2017-06-12,147,470879,471025,4.959978168651187e+18,4.959978168651189e+18
2017-06-13,141,471026,471166,4.757530080134814e+18,4.75753008013481e+18
2017-06-14,140,471167,471306,4.723788732048752e+18,4.72378873204875e+18
2017-06-15,153,471307,471459,5.162426257167561e+18,5.16242625716756e+18
2017-06-16,148,471460,471607,4.993719516737249e+18,4.993719516737249e+18
2017-06-17,145,471608,471752,4.907231276247324e+18,4.90723127624732e+18
2017-06-18,145,471753,471897,5.129905644301051e+18,5.12990564430105e+18
2017-06-19,151,471898,472048,5.342177601996265e+18,5.34217760199627e+18
2017-06-20,138,472049,472186,4.882255026989967e+18,4.88225502698997e+18
2017-06-21,140,472187,472326,4.953012346221705e+18,4.953012346221709e+18
2017-06-22,139,472327,472465,4.917633686605836e+18,4.91763368660584e+18
2017-06-23,160,472466,472625,5.660585538539087e+18,5.66058553853909e+18
2017-06-24,146,472626,472771,5.16528430391692e+18,5.16528430391692e+18
2017-06-25,122,472772,472893,4.3161964731360625e+18,4.31619647313606e+18
2017-06-26,142,472894,473035,5.023769665453444e+18,5.02376966545344e+18
2017-06-27,131,473036,473166,4.634604409678884e+18,4.63460440967888e+18
2017-06-28,157,473167,473323,5.55444955969148e+18,5.55444955969148e+18
2017-06-29,120,473324,473443,4.245439153904324e+18,4.2454391539043195e+18
2017-06-30,154,473444,473597,5.448313580843872e+18,5.448313580843869e+18
2017-07-01,164,473598,473761,5.801798164054623e+18,5.80179816405462e+18
2017-07-02,188,473762,473949,6.622798790677027e+18,6.62279879067703e+18
2017-07-03,170,473950,474119,5.988701034122844e+18,5.98870103412285e+18
2017-07-04,153,474120,474272,5.389830930710561e+18,5.38983093071056e+18
2017-07-05,149,474273,474421,5.248920318142965e+18,5.24892031814296e+18
2017-07-06,142,474422,474563,5.002326746149672e+18,5.00232674614967e+18
2017-07-07,148,474564,474711,5.213692665001065e+18,5.213692665001071e+18
2017-07-08,165,474712,474876,5.812562768413349e+18,5.81256276841335e+18
2017-07-09,138,474877,475014,4.861416133582076e+18,4.86141613358208e+18
2017-07-10,197,475015,475211,6.939847668954118e+18,6.93984766895412e+18
2017-07-11,173,475212,475384,6.094383993548541e+18,6.09438399354854e+18
2017-07-12,177,475385,475561,6.235294606116137e+18,6.23529460611614e+18
2017-07-13,157,475562,475718,5.530741543278157e+18,5.53074154327816e+18
2017-07-14,139,475719,475857,5.287415705444831e+18,5.287415705444829e+18
2017-07-15,127,475858,475984,5.079131871918123e+18,5.07913187191812e+18
2017-07-16,163,475985,476147,6.518885788367346e+18,6.51888578836735e+18
2017-07-17,148,476148,476295,5.91898832318017e+18,5.91898832318017e+18
2017-07-18,165,476296,476460,6.59887211705897e+18,6.59887211705897e+18
2017-07-19,149,476461,476609,5.958981487525981e+18,5.95898148752598e+18
2017-07-20,162,476610,476771,6.478892624021534e+18,6.478892624021531e+18
2017-07-21,154,476772,476925,6.15894730925504e+18,6.15894730925504e+18
2017-07-22,160,476926,477085,6.398906295329911e+18,6.39890629532991e+18
2017-07-23,172,477086,477257,6.878824267479651e+18,6.878824267479649e+18
2017-07-24,178,477258,477435,7.118783253554523e+18,7.11878325355452e+18
2017-07-25,148,477436,477583,5.91898832318017e+18,5.91898832318017e+18
2017-07-26,147,477584,477730,5.878995158834358e+18,5.878995158834359e+18
2017-07-27,154,477731,477884,6.416436636346872e+18,6.41643663634687e+18
2017-07-28,150,477885,478034,6.414280018148933e+18,6.41428001814893e+18
2017-07-29,157,478035,478191,6.713613085662549e+18,6.71361308566255e+18
2017-07-30,147,478192,478338,6.285994417785954e+18,6.28599441778595e+18
2017-07-31,145,478339,478483,6.200470684210635e+18,6.20047068421063e+18
2017-08-01,149,478484,478632,6.371518151361273e+18,6.37151815136127e+18
2017-08-02,152,478633,478784,6.499803751724251e+18,6.49980375172425e+18
2017-08-03,138,478785,478922,5.901137616697018e+18,5.901137616697019e+18
2017-08-04,179,478923,479101,7.654374154991058e+18,7.65437415499106e+18
2017-08-05,177,479102,479278,7.568850421415738e+18,7.568850421415739e+18
2017-08-06,140,479279,479418,5.986661350272337e+18,5.98666135027234e+18
2017-08-07,153,479419,479571,6.542565618511911e+18,6.54256561851191e+18
2017-08-08,164,479572,479735,7.012946153176165e+18,7.012946153176169e+18
2017-08-09,138,479736,479873,6.107869283108131e+18,6.10786928310813e+18
2017-08-10,134,479874,480007,6.149818078320447e+18,6.149818078320451e+18
2017-08-11,144,480008,480151,6.608759725956302e+18,6.6087597259563e+18
2017-08-12,135,480152,480286,6.195712243084033e+18,6.19571224308403e+18
2017-08-13,148,480287,480434,6.792336385010644e+18,6.79233638501064e+18
2017-08-14,130,480435,480564,5.966241419266106e+18,5.96624141926611e+18
2017-08-15,152,480565,480716,6.975913044064986e+18,6.97591304406499e+18
2017-08-16,130,480717,480846,5.966241419266106e+18,5.96624141926611e+18
2017-08-17,179,480847,481025,8.215055492681791e+18,8.21505549268179e+18
2017-08-18,149,481026,481174,6.83823054977423e+18,6.838230549774231e+18
2017-08-19,151,481175,481325,6.930018879301401e+18,6.9300188793014e+18
2017-08-20,130,481326,481455,5.966241419266106e+18,5.96624141926611e+18
2017-08-21,115,481456,481570,5.277828947812324e+18,5.277828947812319e+18
2017-08-22,89,481571,481659,4.084580663959103e+18,4.0845806639591e+18
2017-08-23,159,481660,481818,7.297172197410083e+18,7.29717219741008e+18
2017-08-24,101,481819,481919,4.46799201920994e+18,4.46799201920994e+18
2017-08-25,101,481920,482020,4.459277507652013e+18,4.45927750765201e+18
2017-08-26,105,482021,482125,4.635882557460015e+18,4.63588255746001e+18
2017-08-27,155,482126,482280,6.843445680060036e+18,6.84344568006004e+18
2017-08-28,129,482281,482409,5.695512856308025e+18,5.69551285630802e+18
2017-08-29,149,482410,482558,6.578538105348034e+18,6.57853810534803e+18
2017-08-30,168,482559,482726,7.417412091936035e+18,7.417412091936031e+18
2017-08-31,163,482727,482889,7.196655779676037e+18,7.19665577967604e+18
2017-09-01,174,482890,483063,7.682319666648033e+18,7.68231966664803e+18
2017-09-02,164,483064,483227,7.240807042128037e+18,7.240807042128041e+18
2017-09-03,154,483228,483381,6.799294417608036e+18,6.79929441760804e+18
2017-09-04,175,483382,483556,7.726470929100033e+18,7.72647092910003e+18
2017-09-05,197,483557,483753,8.697798703044025e+18,8.69779870304403e+18
2017-09-06,162,483754,483915,7.283044485786574e+18,7.28304448578657e+18
2017-09-07,176,483916,484091,8.072925276644234e+18,8.07292527664423e+18
2017-09-08,175,484092,484266,8.027056383026937e+18,8.02705638302694e+18
2017-09-09,169,484267,484435,7.751843021323155e+18,7.751843021323161e+18
2017-09-10,138,484436,484573,6.32990731918695e+18,6.32990731918695e+18
2017-09-11,174,484574,484747,7.98118748940964e+18,7.98118748940964e+18
2017-09-12,188,484748,484935,8.623352000051797e+18,8.6233520000518e+18
2017-09-13,190,484936,485125,8.715089787286392e+18,8.71508978728639e+18
2017-09-14,174,485126,485299,7.98118748940964e+18,7.98118748940964e+18
2017-09-15,180,485300,485479,8.256400851113422e+18,8.25640085111342e+18
2017-09-16,169,485480,485648,7.751843021323155e+18,7.751843021323161e+18
2017-09-17,176,485649,485824,8.072925276644234e+18,8.07292527664423e+18
2017-09-18,127,485825,485951,6.687570059311229e+18,6.68757005931123e+18
2017-09-19,156,485952,486107,8.556655830409413e+18,8.55665583040941e+18
2017-09-20,117,486108,486224,6.417491872807072e+18,6.41749187280707e+18
2017-09-21,176,486225,486400,9.6536629881542e+18,9.6536629881542e+18
2017-09-22,139,486401,486539,7.624199746326345e+18,7.62419974632635e+18
2017-09-23,166,486540,486705,9.105159409281806e+18,9.105159409281799e+18
2017-09-24,145,486706,486850,7.953301893649781e+18,7.95330189364978e+18
2017-09-25,125,486851,486975,6.856294735904992e+18,6.85629473590499e+18
2017-09-26,138,486976,487113,7.569349388439106e+18,7.5693493884391e+18
2017-09-27,147,487114,487260,8.063002609424259e+18,8.06300260942426e+18
2017-09-28,177,487261,487437,9.708513346041438e+18,9.708513346041438e+18
2017-09-29,169,487438,487606,9.269710482943525e+18,9.26971048294352e+18
2017-09-30,138,487607,487744,7.569349388439106e+18,7.5693493884391e+18
2017-10-01,130,487745,487874,7.133598092471876e+18,7.133598092471869e+18
2017-10-02,150,487875,488024,8.380132039620179e+18,8.38013203962018e+18
2017-10-03,183,488025,488207,1.0223761088336617e+19,1.02237610883366e+19
2017-10-04,134,488208,488341,7.48625128872736e+18,7.48625128872736e+18
2017-10-05,125,488342,488466,6.983443366350149e+18,6.98344336635015e+18
2017-10-06,159,488467,488625,8.88293996199739e+18,8.88293996199739e+18
2017-10-07,158,488626,488783,8.827072415066588e+18,8.82707241506659e+18
2017-10-08,182,488784,488965,1.0167893541405817e+19,1.01678935414058e+19
2017-10-09,161,488966,489126,8.994675055858992e+18,8.99467505585899e+18
2017-10-10,160,489127,489286,8.93880750892819e+18,8.93880750892819e+18
2017-10-11,139,489287,489425,7.765589023381366e+18,7.76558902338137e+18
2017-10-12,153,489426,489578,8.547734680412582e+18,8.547734680412579e+18
2017-10-13,136,489579,489714,7.597986382588962e+18,7.59798638258896e+18
2017-10-14,141,489715,489855,7.877324117242968e+18,7.877324117242969e+18
2017-10-15,195,489856,490050,1.1485102166636372e+19,1.14851021666364e+19
2017-10-16,174,490051,490224,1.0351762427509387e+19,1.03517624275094e+19
2017-10-17,164,490225,490388,9.756833552365173e+18,9.75683355236517e+18
2017-10-18,151,490389,490539,8.983426014677698e+18,8.9834260146777e+18
2017-10-19,178,490540,490717,1.0589733977567072e+19,1.05897339775671e+19
2017-10-20,179,490718,490896,1.0649226865081494e+19,1.06492268650815e+19
2017-10-21,153,490897,491049,9.10241178970654e+18,9.102411789706539e+18
2017-10-22,182,491050,491231,1.0827705527624757e+19,1.08277055276248e+19
2017-10-23,171,491232,491402,1.0173283764966121e+19,1.01732837649661e+19
2017-10-24,167,491403,491569,9.935312214908436e+18,9.93531221490844e+18
2017-10-25,185,491570,491754,1.100618419016802e+19,1.1006184190168e+19
2017-10-26,180,491755,491934,1.1103293011298687e+19,1.11032930112987e+19
2017-10-27,104,491935,492038,7.510989943599505e+18,7.510989943599499e+18
2017-10-28,85,492039,492123,6.1387898577496e+18,6.1387898577496e+18
2017-10-29,154,492124,492277,1.1122042801099233e+19,1.11220428010992e+19
2017-10-30,147,492278,492424,1.0616495401049272e+19,1.0616495401049299e+19
2017-10-31,138,492425,492562,9.966505886699321e+18,9.966505886699321e+18
2017-11-01,156,492563,492718,1.1266484915399223e+19,1.1266484915399199e+19
2017-11-02,150,492719,492868,1.0833158572499255e+19,1.08331585724993e+19
2017-11-03,119,492869,492987,8.594305800849424e+18,8.594305800849419e+18
2017-11-04,130,492988,493117,9.388737429499365e+18,9.38873742949936e+18
2017-11-05,141,493118,493258,1.0183169058149304e+19,1.01831690581493e+19
2017-11-06,133,493259,493391,9.605400600949348e+18,9.60540060094935e+18
2017-11-07,156,493392,493547,1.1266484915399223e+19,1.1266484915399199e+19
2017-11-08,144,493548,493691,1.039983222959929e+19,1.0399832229599302e+19
2017-11-09,153,493692,493844,1.104982174394924e+19,1.10498217439492e+19
2017-11-10,120,493845,493964,8.468739815610464e+18,8.468739815610459e+18
2017-11-11,80,493965,494044,5.42606316330811e+18,5.42606316330811e+18
2017-11-12,80,494045,494124,5.42606316330811e+18,5.42606316330811e+18
2017-11-13,140,494125,494264,9.495610535789208e+18,9.4956105357892e+18
2017-11-14,128,494265,494392,8.681701061292984e+18,8.68170106129298e+18
2017-11-15,152,494393,494544,1.0309520010285429e+19,1.03095200102854e+19
2017-11-16,152,494545,494696,1.0309520010285429e+19,1.03095200102854e+19
2017-11-17,167,494697,494863,1.1326906853405708e+19,1.13269068534057e+19
2017-11-18,136,494864,494999,9.2243073776238e+18,9.2243073776238e+18
2017-11-19,160,495000,495159,1.0852126326616244e+19,1.08521263266162e+19
2017-11-20,175,495160,495334,1.1869513169736524e+19,1.1869513169736501e+19
2017-11-21,173,495335,495507,1.1733861590653819e+19,1.17338615906538e+19
2017-11-22,148,495508,495655,1.003821685212002e+19,1.003821685212e+19
2017-11-23,157,495656,495812,1.064864895799219e+19,1.06486489579922e+19
2017-11-24,149,495813,495961,1.0083527025504862e+19,1.0083527025504901e+19
2017-11-25,156,495962,496117,1.0445729471511845e+19,1.04457294715118e+19
2017-11-26,153,496118,496270,1.0244850058598154e+19,1.02448500585982e+19
2017-11-27,170,496271,496440,1.1383166731775726e+19,1.1383166731775699e+19
2017-11-28,156,496441,496596,1.0445729471511845e+19,1.04457294715118e+19
2017-11-29,173,496597,496769,1.1584046144689414e+19,1.15840461446894e+19
2017-11-30,167,496770,496936,1.1182287318862037e+19,1.1182287318862e+19
2017-12-01,183,496937,497119,1.2253644187735044e+19,1.2253644187735001e+19
2017-12-02,161,497120,497280,1.078052849303466e+19,1.07805284930347e+19
2017-12-03,176,497281,497456,1.1784925557603103e+19,1.17849255576031e+19
2017-12-04,181,497457,497637,1.2119724579125918e+19,1.21197245791259e+19
2017-12-05,178,497638,497815,1.191884516621223e+19,1.1918845166212198e+19
2017-12-06,188,497816,498003,1.3218896976181938e+19,1.32188969761819e+19
2017-12-07,152,498004,498155,1.2020755111456197e+19,1.20207551114562e+19
2017-12-08,156,498156,498311,1.2337090772283994e+19,1.2337090772284e+19
2017-12-09,174,498312,498485,1.3760601246009078e+19,1.37606012460091e+19
2017-12-10,164,498486,498649,1.2969762093939587e+19,1.2969762093939601e+19
2017-12-11,171,498650,498820,1.3523349500388231e+19,1.35233495003882e+19
2017-12-12,156,498821,498976,1.2337090772283994e+19,1.2337090772284e+19
2017-12-13,186,498977,499162,1.4709608228492452e+19,1.47096082284925e+19
2017-12-14,185,499163,499347,1.4630524313285505e+19,1.4630524313285499e+19
2017-12-15,169,499348,499516,1.3365181669974331e+19,1.3365181669974299e+19
2017-12-16,171,499517,499687,1.3523349500388231e+19,1.35233495003882e+19
2017-12-17,185,499688,499872,1.4630524313285505e+19,1.4630524313285499e+19
2017-12-18,182,499873,500054,1.5613766249626315e+19,1.5613766249626298e+19
2017-12-19,140,500055,500194,1.3035760950520295e+19,1.30357609505203e+19
2017-12-20,136,500195,500330,1.2663310637648286e+19,1.26633106376483e+19
2017-12-21,132,500331,500462,1.2290860324776276e+19,1.2290860324776298e+19
2017-12-22,155,500463,500617,1.4432449623790332e+19,1.44324496237903e+19
2017-12-23,139,500618,500756,1.2942648372302293e+19,1.29426483723023e+19
2017-12-24,152,500757,500908,1.4153111889136325e+19,1.41531118891363e+19
2017-12-25,135,500909,501043,1.2570198059430283e+19,1.25701980594303e+19
2017-12-26,142,501044,501185,1.32219861069563e+19,1.32219861069563e+19
2017-12-27,156,501186,501341,1.4525562202008334e+19,1.45255622020083e+19
2017-12-28,149,501342,501490,1.3873774154482317e+19,1.3873774154482299e+19
2017-12-29,165,501491,501655,1.5363575405970356e+19,1.53635754059704e+19
2017-12-30,147,501656,501802,1.3687548998046312e+19,1.36875489980463e+19
2017-12-31,163,501803,501965,1.5177350249534351e+19,1.51773502495343e+19
2018-01-01,156,501966,502121,1.4923655718422442e+19,1.4923655718422399e+19
2018-01-02,171,502122,502292,1.6415540667356703e+19,1.64155406673567e+19
2018-01-03,157,502293,502449,1.5071578273538044e+19,1.5071578273538e+19
2018-01-04,168,502450,502617,1.6127548725824133e+19,1.61275487258241e+19
2018-01-05,143,502618,502760,1.3727615879719379e+19,1.3727615879719401e+19
2018-01-06,168,502761,502928,1.6127548725824133e+19,1.61275487258241e+19
2018-01-07,162,502929,503090,1.5551564842758994e+19,1.5551564842759e+19
2018-01-08,166,503091,503256,1.5935554098135753e+19,1.59355540981357e+19
2018-01-09,164,503257,503420,1.5743559470447372e+19,1.57435594704474e+19
2018-01-10,166,503421,503586,1.5935554098135753e+19,1.59355540981357e+19
2018-01-11,193,503587,503779,1.852748157192888e+19,1.85274815719289e+19
2018-01-12,178,503780,503957,1.7087521864266031e+19,1.7087521864266e+19
2018-01-13,149,503958,504106,1.5881806209457164e+19,1.58818062094572e+19
2018-01-14,155,504107,504261,1.7165770554581074e+19,1.7165770554581098e+19
2018-01-15,150,504262,504411,1.661203602056233e+19,1.66120360205623e+19
2018-01-16,159,504412,504570,1.760875818179607e+19,1.76087581817961e+19
2018-01-17,167,504571,504737,1.849473343622606e+19,1.84947334362261e+19
2018-01-18,173,504738,504910,1.9159214877048553e+19,1.91592148770486e+19
2018-01-19,165,504911,505075,1.8273239622618563e+19,1.8273239622618601e+19
2018-01-20,178,505076,505253,1.9712949411067298e+19,1.9712949411067298e+19
2018-01-21,187,505254,505440,2.0709671572301038e+19,2.0709671572301e+19
2018-01-22,167,505441,505607,1.849473343622606e+19,1.84947334362261e+19
2018-01-23,177,505608,505784,1.960220250426355e+19,1.96022025042636e+19
2018-01-24,176,505785,505960,1.94914555974598e+19,1.94914555974598e+19
2018-01-25,158,505961,506118,1.9419246343651496e+19,1.94192463436515e+19
2018-01-26,155,506119,506273,2.00569495413983e+19,2.0056949541398303e+19
2018-01-27,157,506274,506430,2.0315748890319565e+19,2.03157488903196e+19
2018-01-28,158,506431,506588,2.0445148564780196e+19,2.04451485647802e+19
2018-01-29,148,506589,506736,1.9151151820173865e+19,1.91511518201739e+19
2018-01-30,167,506737,506903,2.1609745634925896e+19,2.16097456349259e+19
2018-01-31,117,506904,507020,1.513976191189424e+19,1.51397619118942e+19
2018-02-01,160,507021,507180,2.070394791370146e+19,2.07039479137015e+19
2018-02-02,168,507181,507348,2.1739145309386527e+19,2.17391453093865e+19
2018-02-03,158,507349,507506,2.0445148564780196e+19,2.04451485647802e+19
2018-02-04,178,507507,507684,2.3033142053992858e+19,2.3033142053992903e+19
2018-02-05,185,507685,507869,2.393893977521729e+19,2.39389397752173e+19
2018-02-06,170,507870,508039,2.2105953912944054e+19,2.21059539129441e+19
2018-02-07,141,508040,508180,2.0149017211913322e+19,2.0149017211913298e+19
2018-02-08,131,508181,508311,1.872000889901167e+19,1.8720008899011703e+19
2018-02-09,135,508312,508446,1.929161222417233e+19,1.9291612224172302e+19
2018-02-10,143,508447,508589,2.0434818874493653e+19,2.04348188744937e+19
2018-02-11,151,508590,508740,2.1578025524814975e+19,2.1578025524815e+19
2018-02-12,166,508741,508906,2.3721537994167456e+19,2.37215379941675e+19
2018-02-13,164,508907,509070,2.3435736331587125e+19,2.3435736331587097e+19
2018-02-14,179,509071,509249,2.5579248800939606e+19,2.55792488009396e+19
2018-02-15,131,509250,509380,1.872000889901167e+19,1.8720008899011703e+19
2018-02-16,157,509381,509537,2.2435430512555966e+19,2.2435430512556003e+19
2018-02-17,149,509538,509686,2.1292223862234644e+19,2.12922238622346e+19
2018-02-18,162,509687,509848,2.3149934669006795e+19,2.31499346690068e+19
2018-02-19,162,509849,510010,2.3149934669006795e+19,2.31499346690068e+19
2018-02-20,141,510011,510151,2.0835108497258213e+19,2.08351084972582e+19
2018-02-21,169,510152,510320,2.5265138826723426e+19,2.52651388267234e+19
2018-02-22,149,510321,510469,2.227518156912301e+19,2.2275181569123e+19
2018-02-23,148,510470,510617,2.2125683706242986e+19,2.2125683706243002e+19
2018-02-24,145,510618,510762,2.1677190117602922e+19,2.1677190117602898e+19
2018-02-25,171,510763,510933,2.5564134552483467e+19,2.55641345524835e+19
2018-02-26,141,510934,511074,2.107919866608284e+19,2.10791986660828e+19
2018-02-27,160,511075,511234,2.3919658060803236e+19,2.3919658060803203e+19
2018-02-28,155,511235,511389,2.317216874640313e+19,2.3172168746403103e+19
2018-03-01,165,511390,511554,2.466714737520334e+19,2.46671473752033e+19
2018-03-02,156,511555,511710,2.3321666609283154e+19,2.33216666092831e+19
2018-03-03,180,511711,511890,2.6909615318403658e+19,2.69096153184037e+19
2018-03-04,148,511891,512038,2.2125683706242986e+19,2.2125683706243002e+19
2018-03-05,149,512039,512187,2.402098352929025e+19,2.40209835292903e+19
2018-03-06,156,512188,512343,2.5517998107558072e+19,2.55179981075581e+19
2018-03-07,157,512344,512500,2.568157501850396e+19,2.5681575018504e+19
2018-03-08,162,512501,512662,2.649945957323338e+19,2.6499459573233398e+19
2018-03-09,146,512663,512808,2.3882228998099223e+19,2.3882228998099202e+19
2018-03-10,140,512809,512948,2.290076753242391e+19,2.2900767532423897e+19
2018-03-11,153,512949,513101,2.5027267374720418e+19,2.5027267374720397e+19
2018-03-12,161,513102,513262,2.6335882662287495e+19,2.63358826622875e+19
2018-03-13,158,513263,513420,2.584515192944984e+19,2.58451519294498e+19
2018-03-14,144,513421,513564,2.355507517620745e+19,2.35550751762074e+19
2018-03-15,144,513565,513708,2.355507517620745e+19,2.35550751762074e+19
2018-03-16,156,513709,513864,2.5517998107558072e+19,2.55179981075581e+19
2018-03-17,149,513865,514013,2.4372959730936877e+19,2.43729597309369e+19
2018-03-18,151,514014,514164,2.54266089713916e+19,2.54266089713916e+19
2018-03-19,155,514165,514319,2.667920695987404e+19,2.6679206959874e+19
2018-03-20,127,514320,514446,2.18597373155097e+19,2.18597373155097e+19
2018-03-21,152,514447,514598,2.6162835212263576e+19,2.61628352122636e+19
2018-03-22,143,514599,514741,2.461371996943218e+19,2.4613719969432203e+19
2018-03-23,133,514742,514874,2.289248081073063e+19,2.28924808107306e+19
2018-03-24,156,514875,515030,2.6851330875744195e+19,2.6851330875744203e+19
2018-03-25,135,515031,515165,2.323672864247094e+19,2.32367286424709e+19
2018-03-26,150,515166,515315,2.5818587380523266e+19,2.5818587380523303e+19
2018-03-27,152,515316,515467,2.6162835212263576e+19,2.61628352122636e+19
2018-03-28,135,515468,515602,2.323672864247094e+19,2.32367286424709e+19
2018-03-29,152,515603,515754,2.6162835212263576e+19,2.61628352122636e+19
2018-03-30,162,515755,515916,2.7884074370965127e+19,2.7884074370965103e+19
2018-03-31,128,515917,516044,2.2031861231379853e+19,2.20318612313799e+19
2018-04-01,162,516045,516206,2.8151789820914803e+19,2.8151789820914803e+19
2018-04-02,156,516207,516362,2.7227579616213955e+19,2.7227579616214e+19
2018-04-03,163,516363,516525,2.8449329983608173e+19,2.84493299836082e+19
2018-04-04,147,516526,516672,2.5656757715278524e+19,2.56567577152785e+19
2018-04-05,156,516673,516828,2.7227579616213955e+19,2.7227579616214e+19
2018-04-06,138,516829,516966,2.40859358143431e+19,2.40859358143431e+19
2018-04-07,180,516967,517146,3.1416438018708427e+19,3.1416438018708402e+19
2018-04-08,161,517147,517307,2.810025845006697e+19,2.8100258450066997e+19
2018-04-09,147,517308,517454,2.5656757715278524e+19,2.56567577152785e+19
2018-04-10,164,517455,517618,2.862386575037878e+19,2.86238657503788e+19
2018-04-11,161,517619,517779,2.810025845006697e+19,2.8100258450066997e+19
2018-04-12,154,517780,517933,2.6878508082672746e+19,2.68785080826727e+19
2018-04-13,165,517934,518098,2.879840151714938e+19,2.87984015171494e+19
2018-04-14,137,518099,518235,2.593479627031835e+19,2.59347962703183e+19
2018-04-15,163,518236,518398,3.1109116953830486e+19,3.11091169538305e+19
2018-04-16,141,518399,518539,2.691034043245463e+19,2.6910340432454603e+19
2018-04-17,162,518540,518701,3.091826347558613e+19,3.09182634755861e+19
2018-04-18,160,518702,518861,3.0536556519097418e+19,3.0536556519097397e+19
2018-04-19,178,518862,519039,3.3971919127495827e+19,3.3971919127495803e+19
2018-04-20,137,519040,519176,2.6146926519477195e+19,2.61469265194772e+19
2018-04-21,159,519177,519335,3.034570304085306e+19,3.0345703040853103e+19
2018-04-22,160,519336,519495,3.0536556519097418e+19,3.0536556519097397e+19
2018-04-23,153,519496,519648,2.9200582171386925e+19,2.92005821713869e+19
2018-04-24,159,519649,519807,3.034570304085306e+19,3.0345703040853103e+19
2018-04-25,123,519808,519930,2.3474977824056164e+19,2.34749778240562e+19
2018-04-26,141,519931,520071,2.691034043245463e+19,2.6910340432454603e+19
2018-04-27,142,520072,520213,2.7882432432945496e+19,2.78824324329455e+19
2018-04-28,128,520214,520341,2.5592018829784457e+19,2.5592018829784502e+19
2018-04-29,158,520342,520499,3.159014824301523e+19,3.15901482430152e+19
2018-04-30,155,520500,520654,3.0990335301692146e+19,3.0990335301692097e+19
2018-05-01,158,520655,520812,3.159014824301523e+19,3.15901482430152e+19
2018-05-02,140,520813,520952,2.7991270595076743e+19,2.79912705950767e+19
2018-05-03,151,520953,521103,3.019058471326137e+19,3.01905847132614e+19
2018-05-04,138,521104,521241,2.7591395300861362e+19,2.75913953008614e+19
2018-05-05,161,521242,521402,3.218996118433831e+19,3.21899611843383e+19
2018-05-06,137,521403,521539,2.739145765375367e+19,2.73914576537537e+19
2018-05-07,150,521540,521689,2.999064706615368e+19,2.99906470661537e+19
2018-05-08,139,521690,521828,2.7791332947969053e+19,2.77913329479691e+19
2018-05-09,160,521829,521988,3.1990023537230615e+19,3.19900235372306e+19
2018-05-10,154,521989,522142,3.0790397654584455e+19,3.07903976545844e+19
2018-05-11,127,522143,522269,2.615509549995627e+19,2.6155095499956298e+19
2018-05-12,165,522270,522434,3.3988897188254183e+19,3.39888971882542e+19
2018-05-13,148,522435,522582,3.0487010811282493e+19,3.04870108112825e+19
2018-05-14,132,522583,522714,2.7191117750603272e+19,2.71911177506033e+19
2018-05-15,146,522715,522860,3.007502417869759e+19,3.00750241786976e+19
2018-05-16,179,522861,523039,3.6872803616348512e+19,3.6872803616348496e+19
2018-05-17,132,523040,523171,2.7191117750603272e+19,2.71911177506033e+19
2018-05-18,148,523172,523319,3.0487010811282493e+19,3.04870108112825e+19
2018-05-19,154,523320,523473,3.1722970709037208e+19,3.17229707090372e+19
2018-05-20,144,523474,523617,2.966303754611269e+19,2.96630375461127e+19
2018-05-21,157,523618,523774,3.2340950657914565e+19,3.23409506579146e+19
2018-05-22,151,523775,523925,3.110499076015985e+19,3.11049907601599e+19
2018-05-23,162,523926,524087,3.3370917239376826e+19,3.3370917239376798e+19
2018-05-24,143,524088,524230,3.003259211992889e+19,3.00325921199289e+19
2018-05-25,176,524231,524406,3.768153393027566e+19,3.76815339302757e+19
2018-05-26,162,524407,524568,3.4684139185821917e+19,3.4684139185821897e+19
2018-05-27,164,524569,524732,3.5112338435029594e+19,3.5112338435029602e+19
2018-05-28,156,524733,524888,3.3399541438198882e+19,3.3399541438198903e+19
2018-05-29,139,524889,525027,2.9759847819933622e+19,2.97598478199336e+19
2018-05-30,174,525028,525201,3.725333468106798e+19,3.7253334681068e+19
2018-05-31,170,525202,525371,3.6396936182652625e+19,3.63969361826526e+19
2018-06-01,166,525372,525537,3.554053768423727e+19,3.55405376842373e+19
2018-06-02,152,525538,525689,3.254314293978353e+19,3.25431429397835e+19
2018-06-03,163,525690,525852,3.4898238810425754e+19,3.4898238810425803e+19
2018-06-04,183,525853,526035,3.918023130250253e+19,3.91802313025025e+19
2018-06-05,175,526036,526210,3.857007946522769e+19,3.85700794652277e+19
2018-06-06,147,526211,526357,3.6103754486898627e+19,3.61037544868986e+19
2018-06-07,143,526358,526500,3.5121339398819746e+19,3.51213393988197e+19
2018-06-08,145,526501,526645,3.5612546942859186e+19,3.5612546942859203e+19
2018-06-09,143,526646,526788,3.5121339398819746e+19,3.51213393988197e+19
2018-06-10,127,526789,526915,3.119167904650421e+19,3.11916790465042e+19
2018-06-11,140,526916,527055,3.438452808276058e+19,3.43845280827606e+19
2018-06-12,145,527056,527200,3.5612546942859186e+19,3.5612546942859203e+19
2018-06-13,143,527201,527343,3.5121339398819746e+19,3.51213393988197e+19
2018-06-14,153,527344,527496,3.757737711901695e+19,3.7577377119017e+19
2018-06-15,153,527497,527649,3.757737711901695e+19,3.7577377119017e+19
2018-06-16,166,527650,527815,4.077022615527332e+19,4.077022615527331e+19
2018-06-17,157,527816,527972,3.855979220709583e+19,3.85597922070958e+19
2018-06-18,164,527973,528136,4.027901861123388e+19,4.02790186112339e+19
2018-06-19,155,528137,528291,3.874859206788643e+19,3.87485920678864e+19
2018-06-20,155,528292,528446,3.912259614054306e+19,3.912259614054311e+19
2018-06-21,170,528447,528616,4.2908653831563354e+19,4.2908653831563395e+19
2018-06-22,151,528617,528767,3.811298075627098e+19,3.8112980756271e+19
2018-06-23,160,528768,528927,4.038461537088315e+19,4.0384615370883195e+19
2018-06-24,171,528928,529098,4.316105767763137e+19,4.31610576776314e+19
2018-06-25,157,529099,529255,3.96274038326791e+19,3.96274038326791e+19
2018-06-26,146,529256,529401,3.685096152593089e+19,3.6850961525930897e+19
2018-06-27,121,529402,529522,3.0540865374230405e+19,3.05408653742304e+19
2018-06-28,157,529523,529679,3.96274038326791e+19,3.96274038326791e+19
2018-06-29,151,529680,529830,3.811298075627098e+19,3.8112980756271e+19
2018-06-30,141,529831,529971,3.558894229559079e+19,3.55889422955908e+19
2018-07-01,147,529972,530118,3.7103365371998904e+19,3.71033653719989e+19
2018-07-02,141,530119,530259,3.632869723145134e+19,3.6328697231451304e+19
2018-07-03,116,530260,530375,3.0929068693117575e+19,3.09290686931176e+19
2018-07-04,134,530376,530509,3.5728406938601345e+19,3.57284069386013e+19
2018-07-05,137,530510,530646,3.6528296646181974e+19,3.6528296646182e+19
2018-07-06,160,530647,530806,4.266078440430013e+19,4.26607844043001e+19
2018-07-07,156,530807,530962,4.159426479419262e+19,4.15942647941926e+19
2018-07-08,158,530963,531120,4.212752459924637e+19,4.21275245992464e+19
2018-07-09,136,531121,531256,3.6261666743655096e+19,3.62616667436551e+19
2018-07-10,149,531257,531405,3.9727855476504486e+19,3.972785547650449e+19
2018-07-11,135,531406,531540,3.5995036841128223e+19,3.5995036841128202e+19
2018-07-12,141,531541,531681,3.759481625628948e+19,3.75948162562895e+19
2018-07-13,143,531682,531824,3.812807606134323e+19,3.81280760613432e+19
2018-07-14,133,531825,531957,3.5461777036074467e+19,3.5461777036074496e+19
2018-07-15,133,531958,532090,3.5461777036074467e+19,3.5461777036074496e+19
2018-07-16,120,532091,532210,3.1995588303225078e+19,3.19955883032251e+19
2018-07-17,159,532211,532369,4.105142646719399e+19,4.1051426467193995e+19
2018-07-18,174,532370,532543,4.479336551901344e+19,4.47933655190134e+19
2018-07-19,171,532544,532714,4.402106611351321e+19,4.40210661135132e+19
2018-07-20,154,532715,532868,3.964470281567856e+19,3.9644702815678595e+19
2018-07-21,137,532869,533005,3.526833951784392e+19,3.5268339517843902e+19
2018-07-22,182,533006,533187,4.685283060034739e+19,4.68528306003474e+19
2018-07-23,166,533188,533353,4.273390043767949e+19,4.27339004376795e+19
2018-07-24,159,533354,533512,4.093186849151228e+19,4.09318684915123e+19
2018-07-25,177,533513,533689,4.556566492451367e+19,4.55656649245137e+19
2018-07-26,165,533690,533854,4.247646730251275e+19,4.24764673025127e+19
2018-07-27,167,533855,534021,4.299133357284623e+19,4.29913335728462e+19
2018-07-28,145,534022,534166,3.732780459917787e+19,3.73278045991779e+19
2018-07-29,170,534167,534336,4.748018804824072e+19,4.74801880482407e+19
2018-07-30,134,534337,534470,3.963025020889871e+19,3.96302502088987e+19
2018-07-31,147,534471,534617,4.347497597543365e+19,4.34749759754336e+19
2018-08-01,150,534618,534767,4.436222038309556e+19,4.43622203830956e+19
2018-08-02,153,534768,534920,4.5249464790757474e+19,4.52494647907575e+19
2018-08-03,166,534921,535086,4.909419055729241e+19,4.9094190557292405e+19
2018-08-04,176,535087,535262,5.205167191616545e+19,5.20516719161655e+19
2018-08-05,160,535263,535422,4.73197017419686e+19,4.7319701741968605e+19
2018-08-06,131,535423,535553,3.87430058012368e+19,3.87430058012368e+19
2018-08-07,151,535554,535704,4.465796851898287e+19,4.46579685189829e+19
2018-08-08,157,535705,535861,4.6432457334306685e+19,4.64324573343067e+19
2018-08-09,149,535862,536010,4.406647224720826e+19,4.40664722472083e+19
2018-08-10,176,536011,536186,5.205167191616545e+19,5.20516719161655e+19
2018-08-11,170,536187,536356,5.2485702544105095e+19,5.2485702544105095e+19
2018-08-12,155,536357,536511,4.923027307942139e+19,4.92302730794214e+19
2018-08-13,150,536512,536661,4.764219975427876e+19,4.76421997542788e+19
2018-08-14,136,536662,536797,4.319559444387938e+19,4.31955944438794e+19
2018-08-15,161,536798,536958,5.113596106959254e+19,5.11359610695926e+19
2018-08-16,158,536959,537116,5.0183117074506965e+19,5.0183117074507e+19
2018-08-17,152,537117,537268,4.827742908433581e+19,4.82774290843358e+19
2018-08-18,160,537269,537428,5.081834640456402e+19,5.0818346404564e+19
2018-08-19,145,537429,537573,4.605412642913613e+19,4.60541264291361e+19
2018-08-20,150,537574,537723,4.764219975427876e+19,4.76421997542788e+19
2018-08-21,148,537724,537871,4.7006970424221704e+19,4.7006970424221704e+19
2018-08-22,160,537872,538031,5.081834640456402e+19,5.0818346404564e+19
2018-08-23,149,538032,538180,4.732458508925023e+19,4.73245850892502e+19
2018-08-24,146,538181,538326,4.729560507535265e+19,4.72956050753526e+19
2018-08-25,135,538327,538461,4.514564591449453e+19,4.51456459144945e+19
2018-08-26,173,538462,538634,5.7853309208944796e+19,5.7853309208944796e+19
2018-08-27,185,538635,538819,6.18662555124554e+19,6.18662555124554e+19
2018-08-28,153,538820,538972,5.116506536976045e+19,5.11650653697604e+19
2018-08-29,139,538973,539111,4.648329468233141e+19,4.64832946823314e+19
2018-08-30,154,539112,539265,5.149947756171967e+19,5.14994775617197e+19
2018-08-31,155,539266,539420,5.183388975367888e+19,5.1833889753678905e+19
2018-09-01,151,539421,539571,5.049624098584202e+19,5.0496240985842e+19
2018-09-02,144,539572,539715,4.815535564212749e+19,4.81553556421275e+19
2018-09-03,144,539716,539859,4.815535564212749e+19,4.81553556421275e+19
2018-09-04,126,539860,539985,4.213593618686158e+19,4.21359361868616e+19
2018-09-05,132,539986,540117,4.414240933861688e+19,4.41424093386169e+19
2018-09-06,150,540118,540267,5.01618287938828e+19,5.0161828793882804e+19
2018-09-07,152,540268,540419,5.274651363948388e+19,5.27465136394839e+19
2018-09-08,150,540420,540569,5.233894295488582e+19,5.23389429548858e+19
2018-09-09,163,540570,540732,5.687498467764258e+19,5.68749846776426e+19
2018-09-10,135,540733,540867,4.710504865939726e+19,4.71050486593973e+19
2018-09-11,141,540868,541008,4.9198606377592685e+19,4.91986063775927e+19
2018-09-12,168,541009,541176,5.861961610947214e+19,5.8619616109472104e+19
2018-09-13,148,541177,541324,5.1641090382154015e+19,5.164109038215401e+19
2018-09-14,132,541325,541456,4.6058269800299545e+19,4.60582698002995e+19
2018-09-15,140,541457,541596,4.884968009122678e+19,4.88496800912268e+19
2018-09-16,139,541597,541735,4.8500753804860875e+19,4.85007538048609e+19
2018-09-17,135,541736,541870,4.710504865939726e+19,4.71050486593973e+19
2018-09-18,142,541871,542012,4.9547532663958585e+19,4.95475326639586e+19
2018-09-19,156,542013,542168,5.4432500673081246e+19,5.44325006730812e+19
2018-09-20,154,542169,542322,5.386067597661506e+19,5.386067597661499e+19
2018-09-21,144,542323,542466,5.120054387786142e+19,5.12005438778614e+19
2018-09-22,155,542467,542621,5.511169653519804e+19,5.5111696535198e+19
2018-09-23,150,542622,542771,5.33338998727723e+19,5.33338998727723e+19
2018-09-24,148,542772,542919,5.262278120780201e+19,5.2622781207801995e+19
2018-09-25,169,542920,543088,6.008952718999017e+19,6.00895271899902e+19
2018-09-26,139,543089,543227,4.9422747215435686e+19,4.94227472154357e+19
2018-09-27,143,543228,543370,5.084498454537627e+19,5.08449845453763e+19
2018-09-28,154,543371,543524,5.4756137202712895e+19,5.47561372027129e+19
2018-09-29,152,543525,543676,5.40450185377426e+19,5.40450185377426e+19
2018-09-30,163,543677,543839,5.795617119507925e+19,5.79561711950792e+19
2018-10-01,158,543840,543997,5.617837453265348e+19,5.617837453265351e+19
2018-10-02,137,543998,544134,4.871162855046539e+19,4.87116285504654e+19
2018-10-03,145,544135,544279,5.155610321034657e+19,5.15561032103466e+19
2018-10-04,150,544280,544429,5.498710847382214e+19,5.49871084738221e+19
2018-10-05,130,544430,544559,4.8176505206128206e+19,4.8176505206128206e+19
2018-10-06,125,544560,544684,4.6323562698200195e+19,4.63235626982002e+19
2018-10-07,142,544685,544826,5.262356722515543e+19,5.2623567225155396e+19
2018-10-08,135,544827,544961,5.002944771405622e+19,5.00294477140562e+19
2018-10-09,130,544962,545091,4.8176505206128206e+19,4.8176505206128206e+19
2018-10-10,144,545092,545235,5.336474422832663e+19,5.33647442283266e+19
2018-10-11,159,545236,545394,5.892357175211065e+19,5.8923571752110694e+19
2018-10-12,132,545395,545526,4.891768220929941e+19,4.89176822092994e+19
2018-10-13,141,545527,545667,5.225297872356983e+19,5.22529787235698e+19
2018-10-14,114,545668,545781,4.224708918075858e+19,4.2247089180758606e+19
2018-10-15,162,545782,545943,6.003533725686746e+19,6.00353372568675e+19
2018-10-16,135,545944,546078,5.002944771405622e+19,5.00294477140562e+19
2018-10-17,138,546079,546216,5.114121321881302e+19,5.1141213218813e+19
2018-10-18,138,546217,546354,5.088420066816462e+19,5.08842006681646e+19
2018-10-19,142,546355,546496,5.070273658346713e+19,5.070273658346711e+19
2018-10-20,143,546497,546639,5.105979810870282e+19,5.10597981087028e+19
2018-10-21,138,546640,546777,4.927449048252439e+19,4.9274490482524406e+19
2018-10-22,155,546778,546932,5.534453641153104e+19,5.5344536411531e+19
2018-10-23,154,546933,547086,5.4987474886295355e+19,5.4987474886295405e+19
2018-10-24,113,547087,547199,4.0347952351632245e+19,4.03479523516322e+19
2018-10-25,137,547200,547336,4.89174289572887e+19,4.891742895728869e+19
2018-10-26,143,547337,547479,5.105979810870282e+19,5.10597981087028e+19
2018-10-27,136,547480,547615,4.8560367432053015e+19,4.8560367432053e+19
2018-10-28,140,547616,547755,4.998861353299576e+19,4.99886135329958e+19
2018-10-29,146,547756,547901,5.213098268440987e+19,5.2130982684409905e+19
2018-10-30,154,547902,548055,5.4987474886295355e+19,5.4987474886295405e+19
2018-10-31,163,548056,548218,5.820102861341649e+19,5.82010286134165e+19
2018-11-01,154,548219,548372,5.498909569977906e+19,5.49890956997791e+19
2018-11-02,143,548373,548515,5.1070835076711326e+19,5.10708350767113e+19
2018-11-03,161,548516,548676,5.7499331799654e+19,5.7499331799654e+19
2018-11-04,123,548677,548799,4.392806094010837e+19,4.392806094010841e+19
2018-11-05,144,548800,548943,5.142797378354147e+19,5.14279737835415e+19
2018-11-06,128,548944,549071,4.571375447425911e+19,4.57137544742591e+19
2018-11-07,130,549072,549201,4.642803188791941e+19,4.642803188791941e+19
2018-11-08,121,549202,549322,4.321378352644808e+19,4.32137835264481e+19
2018-11-09,127,549323,549449,4.5356615767428964e+19,4.5356615767429005e+19
2018-11-10,131,549450,549580,4.6785170594749555e+19,4.6785170594749506e+19
2018-11-11,146,549581,549726,5.214225119720177e+19,5.21422511972018e+19
2018-11-12,140,549727,549866,4.999941895622088e+19,4.99994189562209e+19
2018-11-13,120,549867,549986,4.285664481961793e+19,4.28566448196179e+19
2018-11-14,135,549987,550121,4.8213725422070145e+19,4.82137254220701e+19
2018-11-15,127,550122,550248,4.5356615767428964e+19,4.5356615767429005e+19
2018-11-16,126,550249,550374,4.481466856439646e+19,4.48146685643965e+19
2018-11-17,145,550375,550519,4.795693649760813e+19,4.795693649760811e+19
2018-11-18,123,550520,550642,4.068071164969515e+19,4.06807116496951e+19
2018-11-19,126,550643,550768,4.167292412895601e+19,4.1672924128956e+19
2018-11-20,132,550769,550900,4.365734908747773e+19,4.36573490874777e+19
2018-11-21,105,550901,551005,3.4727436774129967e+19,3.472743677413e+19
2018-11-22,122,551006,551127,4.0349974156608184e+19,4.03499741566082e+19
2018-11-23,125,551128,551252,4.134218663586905e+19,4.1342186635868996e+19
2018-11-24,143,551253,551395,4.729546151143422e+19,4.72954615114342e+19
2018-11-25,127,551396,551522,4.200366162204296e+19,4.2003661622043e+19
2018-11-26,111,551523,551633,3.671186173265169e+19,3.6711861732651704e+19
2018-11-27,131,551634,551764,4.332661159439077e+19,4.33266115943908e+19
2018-11-28,118,551765,551882,3.902702418426037e+19,3.9027024184260395e+19
2018-11-29,105,551883,551987,3.4727436774129967e+19,3.472743677413e+19
2018-11-30,101,551988,552088,3.3404486801782153e+19,3.34044868017821e+19
2018-12-01,124,552089,552212,4.10114491427821e+19,4.10114491427821e+19
2018-12-02,114,552213,552326,3.770407421191256e+19,3.7704074211912606e+19
2018-12-03,114,552327,552440,3.4851039806117843e+19,3.48510398061178e+19
2018-12-04,138,552441,552578,3.873442758986482e+19,3.87344275898648e+19
2018-12-05,130,552579,552708,3.648895352668424e+19,3.64889535266842e+19
2018-12-06,135,552709,552843,3.78923748161721e+19,3.78923748161721e+19
2018-12-07,114,552844,552957,3.1998005400323092e+19,3.19980054003231e+19
2018-12-08,127,552958,553084,3.5646900752991527e+19,3.56469007529915e+19
2018-12-09,128,553085,553212,3.5927585010889097e+19,3.5927585010889097e+19
2018-12-10,124,553213,553336,3.480484797929881e+19,3.48048479792988e+19
2018-12-11,125,553337,553461,3.5085532237196382e+19,3.5085532237196403e+19
2018-12-12,120,553462,553581,3.3682110947708522e+19,3.36821109477085e+19
2018-12-13,131,553582,553712,3.6769637784581812e+19,3.6769637784581804e+19
2018-12-14,146,553713,553858,4.097990165304539e+19,4.09799016530454e+19
2018-12-15,149,553859,554007,4.18219544267381e+19,4.18219544267381e+19
2018-12-16,115,554008,554122,3.2278689658220667e+19,3.22786896582207e+19
2018-12-17,160,554123,554282,4.490948126361139e+19,4.49094812636114e+19
2018-12-18,128,554283,554410,3.5632316438721217e+19,3.5632316438721204e+19
2018-12-19,149,554411,554559,3.7822407403736556e+19,3.78224074037366e+19
2018-12-20,135,554560,554694,3.4268624157747855e+19,3.42686241577479e+19
2018-12-21,140,554695,554834,3.553783245988668e+19,3.55378324598867e+19
2018-12-22,175,554835,555009,4.442229057485843e+19,4.4422290574858396e+19
2018-12-23,176,555010,555185,4.467613223528619e+19,4.46761322352862e+19
2018-12-24,152,555186,555337,3.858393238501985e+19,3.85839323850198e+19
2018-12-25,159,555338,555496,4.03608240080142e+19,4.03608240080142e+19
2018-12-26,157,555497,555653,3.985314068715867e+19,3.98531406871587e+19
2018-12-27,174,555654,555827,4.4168448914430665e+19,4.41684489144307e+19
2018-12-28,167,555828,555994,4.239155729143631e+19,4.23915572914363e+19
2018-12-29,138,555995,556132,3.503014913903115e+19,3.5030149139031097e+19
2018-12-30,176,556133,556308,4.467613223528619e+19,4.46761322352862e+19
2018-12-31,155,556309,556463,4.056754956591828e+19,4.05675495659183e+19
2019-01-01,149,556464,556612,4.161598527337559e+19,4.16159852733756e+19
2019-01-02,151,556613,556763,4.217458910254842e+19,4.217458910254839e+19
2019-01-03,155,556764,556918,4.329179676089407e+19,4.3291796760894095e+19
2019-01-04,149,556919,557067,4.161598527337559e+19,4.16159852733756e+19
2019-01-05,163,557068,557230,4.552621207758537e+19,4.55262120775854e+19
2019-01-06,141,557231,557371,3.938156995668429e+19,3.93815699566843e+19
2019-01-07,141,557372,557512,3.938156995668429e+19,3.93815699566843e+19
2019-01-08,169,557513,557681,4.720202356510385e+19,4.720202356510391e+19
2019-01-09,164,557682,557845,4.580551399217178e+19,4.58055139921718e+19
2019-01-10,156,557846,558001,4.357109867548048e+19,4.35710986754805e+19
2019-01-11,148,558002,558149,4.133668335878918e+19,4.13366833587892e+19
2019-01-12,138,558150,558287,3.854366421292505e+19,3.8543664212925006e+19
2019-01-13,137,558288,558424,3.826436229833864e+19,3.82643622983386e+19
2019-01-14,149,558425,558573,4.348935390096377e+19,4.34893539009638e+19
2019-01-15,132,558574,558705,3.860929398485475e+19,3.86092939848548e+19
2019-01-16,133,558706,558838,3.890178863625517e+19,3.89017886362552e+19
2019-01-17,127,558839,558965,3.714682072785269e+19,3.71468207278527e+19
2019-01-18,138,558966,559103,4.0364261893257224e+19,4.03642618932572e+19
2019-01-19,133,559104,559236,3.890178863625517e+19,3.89017886362552e+19
2019-01-20,157,559237,559393,4.5921660269865075e+19,4.59216602698651e+19
2019-01-21,150,559394,559543,4.387419771006218e+19,4.38741977100622e+19
2019-01-22,130,559544,559673,3.802430468205393e+19,3.80243046820539e+19
2019-01-23,146,559674,559819,4.270421910446053e+19,4.27042191044605e+19
2019-01-24,162,559820,559981,4.738413352686714e+19,4.73841335268671e+19
2019-01-25,138,559982,560119,4.0364261893257224e+19,4.03642618932572e+19
2019-01-26,150,560120,560269,4.387419771006218e+19,4.38741977100622e+19
2019-01-27,137,560270,560406,4.007176724185681e+19,4.0071767241856795e+19
2019-01-28,145,560407,560551,4.205331562180277e+19,4.20533156218028e+19
2019-01-29,146,560552,560697,4.2201068245195465e+19,4.22010682451955e+19
2019-01-30,136,560698,560833,3.931058411881223e+19,3.9310584118812205e+19
2019-01-31,155,560834,560988,4.480250395894037e+19,4.48025039589404e+19
2019-02-01,158,560989,561146,4.566964919685534e+19,4.56696491968553e+19
2019-02-02,144,561147,561290,4.162297141991882e+19,4.1622971419918795e+19
2019-02-03,138,561291,561428,3.9888680944088875e+19,3.98886809440889e+19
2019-02-04,147,561429,561575,4.249011665783379e+19,4.24901166578338e+19
2019-02-05,147,561576,561722,4.249011665783379e+19,4.24901166578338e+19
2019-02-06,164,561723,561886,4.740393967268528e+19,4.7403939672685306e+19
2019-02-07,174,561887,562060,5.029442379906851e+19,5.02944237990685e+19
2019-02-08,163,562061,562223,4.711489126004696e+19,4.7114891260047e+19
2019-02-09,150,562224,562373,4.3357261895748755e+19,4.3357261895748805e+19
2019-02-10,140,562374,562513,4.1080343910221455e+19,4.1080343910221505e+19
2019-02-11,145,562514,562658,4.369136164103915e+19,4.36913616410391e+19
2019-02-12,128,562659,562786,3.856892613829664e+19,3.85689261382966e+19
2019-02-13,153,562787,562939,4.610191952468269e+19,4.61019195246827e+19
2019-02-14,141,562940,563080,4.248608269921739e+19,4.24860826992174e+19
2019-02-15,127,563081,563207,3.82676064028412e+19,3.826760640284121e+19
2019-02-16,150,563208,563357,4.519796031831636e+19,4.51979603183164e+19
2019-02-17,159,563358,563516,4.790983793741534e+19,4.79098379374153e+19
2019-02-18,155,563517,563671,4.670455899559357e+19,4.67045589955936e+19
2019-02-19,156,563672,563827,4.700587873104902e+19,4.7005878731049e+19
2019-02-20,130,563828,563957,3.917156560920752e+19,3.9171565609207505e+19
2019-02-21,119,563958,564076,3.585704851919766e+19,3.5857048519197704e+19
2019-02-22,162,564077,564238,4.881379714378166e+19,4.8813797143781695e+19
2019-02-23,143,564239,564381,4.308872217012827e+19,4.30887221701283e+19
2019-02-24,137,564382,564518,4.13008251419887e+19,4.1300825141988704e+19
2019-02-25,143,564519,564661,4.316213391363618e+19,4.31621339136362e+19
2019-02-26,161,564662,564822,4.859512979087711e+19,4.85951297908771e+19
2019-02-27,141,564823,564963,4.255846770505386e+19,4.2558467705053905e+19
2019-02-28,150,564964,565113,4.527496564367432e+19,4.52749656436743e+19
2019-03-01,162,565114,565275,4.889696289516827e+19,4.88969628951683e+19
2019-03-02,132,565276,565407,3.98419697664334e+19,3.984196976643341e+19
2019-03-03,146,565408,565553,4.406763322650967e+19,4.40676332265097e+19
2019-03-04,137,565554,565690,4.1351135287889215e+19,4.13511352878892e+19
2019-03-05,149,565691,565839,4.497313253938316e+19,4.49731325393832e+19
2019-03-06,128,565840,565967,3.863463734926875e+19,3.86346373492687e+19
2019-03-07,142,565968,566109,4.286030080934502e+19,4.2860300809345e+19
2019-03-08,146,566110,566255,4.406763322650967e+19,4.40676332265097e+19
2019-03-09,138,566256,566393,4.1652968392180376e+19,4.16529683921804e+19
2019-03-10,136,566394,566529,4.104430862394893e+19,4.10443086239489e+19
2019-03-11,142,566530,566671,4.2839445354340155e+19,4.2839445354340205e+19
2019-03-12,143,566672,566814,4.314113158922987e+19,4.3141131589229896e+19
2019-03-13,135,566815,566949,4.072764171011213e+19,4.0727641710112104e+19
2019-03-14,155,566950,567104,4.676136640790648e+19,4.67613664079065e+19
2019-03-15,153,567105,567257,4.6157993938127045e+19,4.6157993938127e+19
2019-03-16,163,567258,567420,4.917485628702422e+19,4.91748562870242e+19
2019-03-17,146,567421,567566,4.404619029389903e+19,4.4046190293899e+19
2019-03-18,161,567567,567727,4.857148381724479e+19,4.8571483817244795e+19
2019-03-19,174,567728,567901,5.249340487081111e+19,5.24934048708111e+19
2019-03-20,161,567902,568062,4.857148381724479e+19,4.8571483817244795e+19
2019-03-21,143,568063,568205,4.314113158922987e+19,4.3141131589229896e+19
2019-03-22,161,568206,568366,4.857148381724479e+19,4.8571483817244795e+19
2019-03-23,145,568367,568511,4.37445040590093e+19,4.37445040590093e+19
2019-03-24,150,568512,568661,4.756725084429353e+19,4.75672508442935e+19
2019-03-25,148,568662,568809,4.693302083303629e+19,4.6933020833036304e+19
2019-03-26,134,568810,568943,4.249341075423558e+19,4.2493410754235605e+19
2019-03-27,149,568944,569092,4.725013583866491e+19,4.72501358386649e+19
2019-03-28,146,569093,569238,4.629879082177904e+19,4.6298790821779e+19
2019-03-29,147,569239,569385,4.661590582740766e+19,4.66159058274077e+19
2019-03-30,139,569386,569524,4.407898578237869e+19,4.40789857823787e+19
2019-03-31,139,569525,569663,4.407898578237869e+19,4.40789857823787e+19
2019-04-01,136,569664,569799,4.312764076549282e+19,4.31276407654928e+19
2019-04-02,157,569800,569956,4.978705588369388e+19,4.97870558836939e+19
2019-04-03,142,569957,570098,4.5030330799264555e+19,4.5030330799264604e+19
2019-04-04,140,570099,570238,4.439610078800731e+19,4.43961007880073e+19
2019-04-05,158,570239,570396,5.0104170889322504e+19,5.01041708893225e+19
2019-04-06,139,570397,570535,4.40844571991955e+19,4.40844571991955e+19
2019-04-07,141,570536,570676,4.480964951503182e+19,4.48096495150318e+19
2019-04-08,148,570677,570824,4.703424204414688e+19,4.70342420441469e+19
2019-04-09,132,570825,570956,4.194945912045532e+19,4.19494591204553e+19
2019-04-10,148,570957,571104,4.703424204414688e+19,4.70342420441469e+19
2019-04-11,157,571105,571261,4.989443243872338e+19,4.98944324387234e+19
2019-04-12,151,571262,571412,4.798763884233905e+19,4.7987638842339e+19
2019-04-13,135,571413,571547,4.290285591864749e+19,4.29028559186475e+19
2019-04-14,122,571548,571669,3.87714697931481e+19,3.87714697931481e+19
2019-04-15,145,571670,571814,4.608084524595471e+19,4.60808452459547e+19
2019-04-16,145,571815,571959,4.608084524595471e+19,4.60808452459547e+19
2019-04-17,138,571960,572097,4.385625271683966e+19,4.38562527168397e+19
2019-04-18,149,572098,572246,4.73520409768776e+19,4.73520409768776e+19
2019-04-19,152,572247,572398,4.8305437775069766e+19,4.830543777506981e+19
2019-04-20,131,572399,572529,4.16316601877246e+19,4.1631660187724595e+19
2019-04-21,162,572530,572691,5.11891926714095e+19,5.1189192671409504e+19
2019-04-22,134,572692,572825,4.23186555416624e+19,4.23186555416624e+19
2019-04-23,116,572826,572941,3.663406002114058e+19,3.66340600211406e+19
2019-04-24,163,572942,573104,5.1477170546947555e+19,5.14771705469476e+19
2019-04-25,143,573105,573247,4.5160953301923316e+19,4.51609533019233e+19
2019-04-26,151,573248,573398,4.768744019993301e+19,4.7687440199933e+19
2019-04-27,137,573399,573535,4.326608812841604e+19,4.3266088128416e+19
2019-04-28,163,573536,573698,5.1477170546947555e+19,5.14771705469476e+19
2019-04-29,163,573699,573861,5.1477170546947555e+19,5.14771705469476e+19
2019-04-30,140,573862,574001,4.421352071516968e+19,4.42135207151697e+19
2019-05-01,171,574002,574172,5.400365744495726e+19,5.40036574449573e+19
2019-05-02,184,574173,574356,5.810919865422302e+19,5.8109198654223e+19
2019-05-03,152,574357,574508,4.800325106218422e+19,4.80032510621842e+19
2019-05-04,132,574509,574640,4.3092854411232756e+19,4.30928544112328e+19
2019-05-05,129,574641,574769,4.2978500695040885e+19,4.297850069504089e+19
2019-05-06,151,574770,574920,5.030816748024162e+19,5.0308167480241594e+19
2019-05-07,127,574921,575047,4.231216735093173e+19,4.231216735093169e+19
2019-05-08,152,575048,575199,5.064133415229619e+19,5.06413341522962e+19
2019-05-09,150,575200,575349,4.9975000808187036e+19,4.9975000808187e+19
2019-05-10,125,575350,575474,4.164583400682257e+19,4.16458340068226e+19
2019-05-11,130,575475,575604,4.331166736709547e+19,4.33116673670955e+19
2019-05-12,158,575605,575762,5.264033418462367e+19,5.26403341846237e+19
2019-05-13,167,575763,575929,5.563883423311488e+19,5.5638834233114894e+19
2019-05-14,152,575930,576081,5.064133415229619e+19,5.06413341522962e+19
2019-05-15,149,576082,576230,4.964183413613246e+19,4.96418341361325e+19
2019-05-16,146,576231,576376,4.864233411996873e+19,4.8642334119968694e+19
2019-05-17,151,576377,576527,5.030816748024162e+19,5.0308167480241594e+19
2019-05-18,153,576528,576680,5.098735558218063e+19,5.09873555821806e+19
2019-05-19,163,576681,576843,5.432612302609906e+19,5.43261230260991e+19
2019-05-20,161,576844,577004,5.365954482945981e+19,5.36595448294598e+19
2019-05-21,153,577005,577157,5.0993232042902815e+19,5.09932320429028e+19
2019-05-22,167,577158,577324,5.565927941937756e+19,5.565927941937761e+19
2019-05-23,158,577325,577482,5.265967753450094e+19,5.26596775345009e+19
2019-05-24,153,577483,577635,5.0993232042902815e+19,5.09932320429028e+19
2019-05-25,140,577636,577775,4.666047376474769e+19,4.66604737647477e+19
2019-05-26,165,577776,577940,5.499270122273831e+19,5.4992701222738305e+19
2019-05-27,167,577941,578107,5.565927941937756e+19,5.565927941937761e+19
2019-05-28,164,578108,578271,5.465941212441869e+19,5.4659412124418695e+19
2019-05-29,174,578272,578445,5.799230310761497e+19,5.7992303107615e+19
2019-05-30,160,578446,578605,5.3851726714232906e+19,5.38517267142329e+19
2019-05-31,117,578606,578722,4.338626057638549e+19,4.33862605763855e+19
2019-06-01,151,578723,578873,5.599423373533507e+19,5.59942337353351e+19
2019-06-02,131,578874,579004,4.857777893595296e+19,4.8577778935953e+19
2019-06-03,119,579005,579123,4.4127906056323695e+19,4.41279060563237e+19
2019-06-04,154,579124,579277,5.7106701955242385e+19,5.71067019552424e+19
2019-06-05,160,579278,579437,5.933163839505701e+19,5.9331638395057e+19
2019-06-06,157,579438,579594,5.8219170175149695e+19,5.82191701751497e+19
2019-06-07,158,579595,579752,5.85899929151188e+19,5.85899929151188e+19
2019-06-08,124,579753,579876,4.5982019756169224e+19,4.59820197561692e+19
2019-06-09,147,579877,580023,5.4510942775458636e+19,5.4510942775458595e+19
2019-06-10,157,580024,580180,5.8219170175149695e+19,5.82191701751497e+19
2019-06-11,143,580181,580323,5.302765181558222e+19,5.30276518155822e+19
2019-06-12,131,580324,580454,4.857777893595296e+19,4.8577778935953e+19
2019-06-13,151,580455,580605,5.599423373533507e+19,5.59942337353351e+19
2019-06-14,169,580606,580774,6.2251625635735446e+19,6.22516256357354e+19
2019-06-15,146,580775,580920,5.377519223201435e+19,5.37751922320143e+19
2019-06-16,130,580921,581050,4.788202048056072e+19,4.78820204805607e+19
2019-06-17,133,581051,581183,4.898699018395827e+19,4.89869901839583e+19
2019-06-18,163,581184,581346,6.003668721793383e+19,6.0036687217933795e+19
2019-06-19,177,581347,581523,6.519321250045575e+19,6.519321250045579e+19
2019-06-20,144,581524,581667,5.303854576308264e+19,5.30385457630826e+19
2019-06-21,133,581668,581800,4.898699018395827e+19,4.89869901839583e+19
2019-06-22,141,581801,581941,5.1933576059685085e+19,5.19335760596851e+19
2019-06-23,181,581942,582122,6.666650543831916e+19,6.66665054383192e+19
2019-06-24,177,582123,582299,6.519321250045575e+19,6.519321250045579e+19
2019-06-25,146,582300,582445,5.377519223201435e+19,5.37751922320143e+19
2019-06-26,165,582446,582610,6.0773333686865535e+19,6.07733336868655e+19
2019-06-27,142,582611,582752,5.567054068008567e+19,5.567054068008569e+19
2019-06-28,163,582753,582915,6.4293187573804696e+19,6.4293187573804696e+19
2019-06-29,174,582916,583089,6.86319916432025e+19,6.8631991643202494e+19
2019-06-30,152,583090,583241,5.995438350440689e+19,5.99543835044069e+19
2019-07-01,143,583242,583384,5.640445290217232e+19,5.6404452902172295e+19
2019-07-02,158,583385,583542,6.23210039058966e+19,6.2321003905896595e+19
2019-07-03,172,583543,583714,6.7843118176039264e+19,6.78431181760393e+19
2019-07-04,167,583715,583881,6.587093450813117e+19,6.58709345081312e+19
2019-07-05,189,583882,584070,7.454854264692679e+19,7.45485426469268e+19
2019-07-06,178,584071,584248,7.020973857752898e+19,7.0209738577528996e+19
2019-07-07,153,584249,584401,6.03488202379885e+19,6.03488202379885e+19
2019-07-08,178,584402,584579,7.020973857752898e+19,7.0209738577528996e+19
2019-07-09,154,584580,584733,6.602089593534628e+19,6.6020895935346295e+19
2019-07-10,129,584734,584862,5.812505593338185e+19,5.8125055933381845e+19
2019-07-11,129,584863,584991,5.812505593338185e+19,5.8125055933381845e+19
2019-07-12,164,584992,585155,7.389541994631507e+19,7.389541994631507e+19
2019-07-13,141,585156,585296,6.353203788067324e+19,6.353203788067325e+19
2019-07-14,145,585297,585441,6.533436519643704e+19,6.533436519643704e+19
2019-07-15,146,585442,585587,6.578494702537799e+19,6.5784947025377985e+19
2019-07-16,162,585588,585749,7.299425628843318e+19,7.299425628843317e+19
2019-07-17,133,585750,585882,5.992738324914564e+19,5.992738324914565e+19
2019-07-18,121,585883,586003,5.452040130185427e+19,5.452040130185427e+19
2019-07-19,118,586004,586121,5.316865581503144e+19,5.316865581503144e+19
2019-07-20,177,586122,586298,7.975298372254741e+19,7.975298372254743e+19
2019-07-21,149,586299,586447,6.7136692512200835e+19,6.713669251220084e+19
2019-07-22,158,586448,586605,7.119192897266938e+19,7.119192897266938e+19
2019-07-23,143,586606,586748,6.420032493722812e+19,6.420032493722812e+19
2019-07-24,139,586749,586887,6.228281134553915e+19,6.228281134553916e+19
2019-07-25,150,586888,587037,6.721166691964662e+19,6.721166691964662e+19
2019-07-26,166,587038,587203,7.438091139107565e+19,7.438091139107565e+19
2019-07-27,152,587204,587355,6.810782247857525e+19,6.810782247857523e+19
2019-07-28,175,587356,587530,7.841361140625449e+19,7.841361140625447e+19
2019-07-29,168,587531,587698,7.527706695000428e+19,7.527706695000428e+19
2019-07-30,142,587699,587840,6.36270446839321e+19,6.362704468393211e+19
2019-07-31,171,587841,588011,7.662130028839723e+19,7.662130028839723e+19
2019-08-01,142,588012,588153,6.36270446839321e+19,6.362704468393211e+19
2019-08-02,169,588154,588322,7.57251447294686e+19,7.572514472946858e+19
2019-08-03,173,588323,588495,7.751745584732586e+19,7.751745584732584e+19
2019-08-04,167,588496,588662,7.482898917053997e+19,7.482898917053995e+19
2019-08-05,143,588663,588805,7.054686181990622e+19,7.054686181990622e+19
2019-08-06,161,588806,588966,7.991626903403817e+19,7.991626903403815e+19
2019-08-07,153,588967,589119,7.594527429942757e+19,7.594527429942759e+19
2019-08-08,142,589120,589261,7.048515653933802e+19,7.048515653933802e+19
2019-08-09,147,589262,589408,7.2967028248469635e+19,7.2967028248469635e+19
2019-08-10,151,589409,589559,7.495252561577492e+19,7.495252561577492e+19
2019-08-11,153,589560,589712,7.594527429942757e+19,7.594527429942759e+19
2019-08-12,133,589713,589845,6.601778746290112e+19,6.6017787462901105e+19
2019-08-13,157,589846,590002,7.793077166673286e+19,7.793077166673284e+19
2019-08-14,152,590003,590154,7.544889995760126e+19,7.544889995760126e+19
2019-08-15,157,590155,590311,7.793077166673286e+19,7.793077166673284e+19
2019-08-16,147,590312,590458,7.2967028248469635e+19,7.2967028248469635e+19
2019-08-17,128,590459,590586,6.35359157537695e+19,6.353591575376949e+19
2019-08-18,126,590587,590712,6.278940741868819e+19,6.278940741868819e+19
2019-08-19,163,590713,590875,8.251450479037576e+19,8.251450479037576e+19
2019-08-20,153,590876,591028,7.745226523268399e+19,7.745226523268399e+19
2019-08-21,136,591029,591164,6.884645798460799e+19,6.884645798460799e+19
2019-08-22,141,591165,591305,7.137757776345387e+19,7.137757776345385e+19
2019-08-23,153,591306,591458,7.745226523268399e+19,7.745226523268399e+19
2019-08-24,160,591459,591618,8.099583292306822e+19,8.099583292306822e+19
2019-08-25,155,591619,591773,7.846471314422233e+19,7.846471314422233e+19
2019-08-26,137,591774,591910,6.9352681940377166e+19,6.935268194037716e+19
2019-08-27,135,591911,592045,6.834023402883881e+19,6.834023402883881e+19
2019-08-28,151,592046,592196,7.643981732114563e+19,7.643981732114563e+19
2019-08-29,165,592197,592361,8.35269527019141e+19,8.35269527019141e+19
2019-08-30,160,592362,592521,8.099583292306822e+19,8.099583292306822e+19
2019-08-31,166,592522,592687,8.403317665768328e+19,8.403317665768328e+19
2019-09-01,143,592688,592830,7.61053983346369e+19,7.61053983346369e+19
2019-09-02,149,592831,592979,7.978634993155264e+19,7.978634993155265e+19
2019-09-03,164,592980,593143,8.781853281056806e+19,8.781853281056806e+19
2019-09-04,136,593144,593279,7.282512476973926e+19,7.282512476973927e+19
2019-09-05,165,593280,593444,8.835401166916908e+19,8.835401166916906e+19
2019-09-06,158,593445,593602,8.460565965896188e+19,8.460565965896188e+19
2019-09-07,150,593603,593752,8.032182879015366e+19,8.032182879015366e+19
2019-09-08,177,593753,593929,9.477975797238143e+19,9.477975797238145e+19
2019-09-09,146,593930,594075,7.817991335574954e+19,7.817991335574954e+19
2019-09-10,182,594076,594257,9.745715226538657e+19,9.745715226538657e+19
2019-09-11,184,594258,594441,9.852810998258863e+19,9.85281099825886e+19
2019-09-12,158,594442,594599,8.460565965896188e+19,8.460565965896188e+19
2019-09-13,150,594600,594749,8.199000347587635e+19,8.199000347587636e+19
2019-09-14,155,594750,594904,9.161812562606e+19,9.161812562606e+19
2019-09-15,147,594905,595051,8.68894481743924e+19,8.68894481743924e+19
2019-09-16,163,595052,595214,9.634680307772762e+19,9.634680307772762e+19
2019-09-17,148,595215,595362,8.748053285585084e+19,8.748053285585083e+19
2019-09-18,174,595363,595536,1.0284873457377059e+20,1.0284873457377057e+20
2019-09-19,148,595537,595684,8.748053285585084e+19,8.748053285585083e+19
2019-09-20,151,595685,595835,8.92537869002262e+19,8.92537869002262e+19
2019-09-21,166,595836,596001,9.812005712210297e+19,9.812005712210297e+19
2019-09-22,166,596002,596167,9.812005712210297e+19,9.812005712210297e+19
2019-09-23,114,596168,596281,6.738365368626349e+19,6.738365368626347e+19
2019-09-24,157,596282,596438,9.28002949889769e+19,9.28002949889769e+19
2019-09-25,156,596439,596594,9.220921030751845e+19,9.220921030751845e+19
2019-09-26,171,596595,596765,1.0237176197619786e+20,1.0237176197619786e+20
2019-09-27,132,596766,596897,8.372681631844727e+19,8.372681631844727e+19
2019-09-28,159,596898,597056,1.0085275601994783e+20,1.0085275601994783e+20
2019-09-29,136,597057,597192,8.626399257052144e+19,8.626399257052144e+19
2019-09-30,130,597193,597322,8.245822819241019e+19,8.24582281924102e+19
2019-10-01,143,597323,597465,9.07040510116512e+19,9.07040510116512e+19
2019-10-02,148,597466,597613,9.38755213267439e+19,9.387552132674388e+19
2019-10-03,147,597614,597760,9.324122726372536e+19,9.324122726372536e+19
2019-10-04,147,597761,597907,9.324122726372536e+19,9.324122726372536e+19
2019-10-05,158,597908,598065,1.0021846195692929e+20,1.0021846195692929e+20
2019-10-06,149,598066,598214,9.450981538976244e+19,9.450981538976245e+19
2019-10-07,155,598215,598369,9.831557976787367e+19,9.831557976787367e+19
2019-10-08,162,598370,598531,1.0275563820900345e+20,1.0275563820900345e+20
2019-10-09,138,598532,598669,8.75325806965585e+19,8.75325806965585e+19
2019-10-10,162,598670,598831,1.0374297269808959e+20,1.037429726980896e+20
2019-10-11,156,598832,598987,1.0087517608460966e+20,1.0087517608460965e+20
2019-10-12,133,598988,599120,8.600255396957099e+19,8.600255396957099e+19
2019-10-13,142,599121,599262,9.182227566676002e+19,9.182227566676002e+19
2019-10-14,135,599263,599397,8.729582545783521e+19,8.72958254578352e+19
2019-10-15,153,599398,599550,9.893526885221332e+19,9.89352688522133e+19
2019-10-16,143,599551,599693,9.246891141089214e+19,9.246891141089214e+19
2019-10-17,150,599694,599843,9.699536161981696e+19,9.699536161981696e+19
2019-10-18,160,599844,600003,1.0346171906113813e+20,1.0346171906113813e+20
2019-10-19,142,600004,600145,9.182227566676002e+19,9.182227566676002e+19
2019-10-20,146,600146,600291,9.440881864328849e+19,9.440881864328849e+19
2019-10-21,159,600292,600450,1.0281508331700601e+20,1.0281508331700601e+20
2019-10-22,169,600451,600619,1.0928144075832718e+20,1.0928144075832718e+20
2019-10-23,168,600620,600787,1.0931423341859665e+20,1.0931423341859665e+20
2019-10-24,133,600788,600920,9.052075285884187e+19,9.052075285884187e+19
2019-10-25,138,600921,601058,9.392378868060286e+19,9.392378868060285e+19
2019-10-26,140,601059,601198,9.528500300930725e+19,9.528500300930723e+19
2019-10-27,115,601199,601313,7.826982390050236e+19,7.826982390050236e+19
2019-10-28,134,601314,601447,9.120136002319408e+19,9.120136002319408e+19
2019-10-29,133,601448,601580,9.052075285884187e+19,9.052075285884187e+19
2019-10-30,134,601581,601714,9.120136002319408e+19,9.120136002319408e+19
2019-10-31,132,601715,601846,8.984014569448969e+19,8.984014569448967e+19
2019-11-01,130,601847,601976,8.847893136578529e+19,8.847893136578529e+19
2019-11-02,134,601977,602110,9.120136002319408e+19,9.120136002319408e+19
2019-11-03,138,602111,602248,9.392378868060286e+19,9.392378868060285e+19
2019-11-04,132,602249,602380,8.984014569448969e+19,8.984014569448967e+19
2019-11-05,144,602381,602524,9.800743166671603e+19,9.800743166671602e+19
2019-11-06,132,602525,602656,8.984014569448969e+19,8.984014569448967e+19
2019-11-07,135,602657,602791,9.149562900498704e+19,9.149562900498702e+19
2019-11-08,128,602792,602919,8.093630611613324e+19,8.093630611613324e+19
2019-11-09,144,602920,603063,9.10533443806499e+19,9.10533443806499e+19
2019-11-10,166,603064,603229,1.049642719943603e+20,1.0496427199436028e+20
2019-11-11,151,603230,603380,9.547954862137593e+19,9.547954862137593e+19
2019-11-12,135,603381,603515,8.536251035685929e+19,8.536251035685929e+19
2019-11-13,135,603516,603650,8.536251035685929e+19,8.536251035685929e+19
2019-11-14,169,603651,603819,1.0686121666895718e+20,1.0686121666895718e+20
2019-11-15,158,603820,603977,9.990575286210198e+19,9.990575286210198e+19
2019-11-16,148,603978,604125,9.358260394677907e+19,9.358260394677905e+19
2019-11-17,154,604126,604279,9.737649329597281e+19,9.737649329597281e+19
2019-11-18,140,604280,604419,8.852408481452073e+19,8.852408481452073e+19
2019-11-19,147,604420,604566,9.295028905524678e+19,9.295028905524676e+19
2019-11-20,142,604567,604708,8.978871459758532e+19,8.978871459758532e+19
2019-11-21,137,604709,604845,8.720619579641935e+19,8.720619579641933e+19
2019-11-22,132,604846,604977,8.512720365307557e+19,8.512720365307557e+19
2019-11-23,173,604978,605150,1.1156822903016722e+20,1.115682290301672e+20
2019-11-24,131,605151,605281,8.448230059509773e+19,8.448230059509771e+19
2019-11-25,125,605282,605406,8.061288224723065e+19,8.061288224723067e+19
2019-11-26,122,605407,605528,7.867817307329711e+19,7.867817307329711e+19
2019-11-27,139,605529,605667,8.964152505892048e+19,8.964152505892048e+19
2019-11-28,163,605668,605830,1.0511919845038876e+20,1.0511919845038875e+20
2019-11-29,136,605831,605966,8.770681588498694e+19,8.770681588498696e+19
2019-11-30,126,605967,606092,8.12577853052085e+19,8.12577853052085e+19
2019-12-01,139,606093,606231,8.964152505892048e+19,8.964152505892048e+19
2019-12-02,145,606232,606376,9.351094340678756e+19,9.351094340678756e+19
2019-12-03,158,606377,606534,1.0189468316049954e+20,1.0189468316049954e+20
2019-12-04,167,606535,606701,1.0769881068230014e+20,1.0769881068230015e+20
2019-12-05,145,606702,606846,9.336239866941905e+19,9.336239866941905e+19
2019-12-06,145,606847,606991,9.281613737716064e+19,9.281613737716064e+19
2019-12-07,155,606992,607146,9.921725029972345e+19,9.921725029972345e+19
2019-12-08,148,607147,607294,9.473647125392948e+19,9.473647125392946e+19
2019-12-09,148,607295,607442,9.473647125392948e+19,9.473647125392946e+19
2019-12-10,148,607443,607590,9.473647125392948e+19,9.473647125392946e+19
2019-12-11,132,607591,607722,8.449469057782899e+19,8.449469057782899e+19
2019-12-12,133,607723,607855,8.513480187008528e+19,8.51348018700853e+19
2019-12-13,152,607856,608007,9.72969164229546e+19,9.72969164229546e+19
2019-12-14,151,608008,608158,9.665680513069833e+19,9.665680513069834e+19
2019-12-15,124,608159,608282,7.937380023977874e+19,7.937380023977876e+19
2019-12-16,157,608283,608439,1.0049747288423601e+20,1.00497472884236e+20
2019-12-17,141,608440,608580,9.025569220813552e+19,9.025569220813552e+19
2019-12-18,134,608581,608714,8.577491316234155e+19,8.577491316234156e+19
2019-12-19,157,608715,608871,1.0064014400517274e+20,1.0064014400517272e+20
2019-12-20,156,608872,609027,1.0041377896363249e+20,1.0041377896363247e+20
2019-12-21,176,609028,609203,1.1328734036922645e+20,1.1328734036922645e+20
2019-12-22,169,609204,609372,1.0878159387726856e+20,1.0878159387726856e+20
2019-12-23,143,609373,609515,9.20459640499964e+19,9.20459640499964e+19
2019-12-24,125,609516,609640,8.045975878496182e+19,8.045975878496182e+19
2019-12-25,128,609641,609768,8.23907929958009e+19,8.239079299580089e+19
2019-12-26,167,609769,609935,1.0749423773670918e+20,1.0749423773670918e+20
2019-12-27,145,609936,610080,9.33333201905558e+19,9.33333201905558e+19
2019-12-28,149,610081,610229,9.590803247167459e+19,9.59080324716746e+19
2019-12-29,155,610230,610384,9.977010089335279e+19,9.977010089335277e+19
2019-12-30,166,610385,610550,1.0685055966642948e+20,1.0685055966642946e+20
2019-12-31,145,610551,610695,9.33333201905558e+19,9.33333201905558e+19
2020-01-01,174,610696,610869,1.1292977450430367e+20,1.1292977450430366e+20
2020-01-02,141,610870,611010,9.671771831238092e+19,9.67177183123809e+19
2020-01-03,169,611011,611179,1.1592407372193181e+20,1.1592407372193181e+20
2020-01-04,168,611180,611347,1.15238132457305e+20,1.15238132457305e+20
2020-01-05,163,611348,611510,1.1180842613417091e+20,1.1180842613417093e+20
2020-01-06,135,611511,611645,9.260207072462001e+19,9.260207072462001e+19
2020-01-07,176,611646,611821,1.2072566257431953e+20,1.2072566257431953e+20
2020-01-08,142,611822,611963,9.740365957700773e+19,9.740365957700773e+19
2020-01-09,157,611964,612120,1.0769277854641001e+20,1.0769277854641e+20
2020-01-10,149,612121,612269,1.0220524842939546e+20,1.0220524842939548e+20
2020-01-11,163,612270,612432,1.1180842613417091e+20,1.1180842613417093e+20
2020-01-12,151,612433,612583,1.035771309586491e+20,1.035771309586491e+20
2020-01-13,143,612584,612726,9.808960084163456e+19,9.808960084163456e+19
2020-01-14,145,612727,612871,9.98502509686384e+19,9.98502509686384e+19
2020-01-15,151,612872,613022,1.1091511936618417e+20,1.1091511936618419e+20
2020-01-16,159,613023,613181,1.1679141708094883e+20,1.1679141708094887e+20
2020-01-17,159,613182,613340,1.1679141708094883e+20,1.1679141708094887e+20
2020-01-18,132,613341,613472,9.69589122936179e+19,9.69589122936179e+19
2020-01-19,150,613473,613622,1.1018058215183858e+20,1.101805821518386e+20
2020-01-20,152,613623,613774,1.1164965658052977e+20,1.1164965658052978e+20
2020-01-21,153,613775,613927,1.1238419379487534e+20,1.1238419379487538e+20
2020-01-22,156,613928,614083,1.1458780543791209e+20,1.1458780543791209e+20
2020-01-23,159,614084,614242,1.1679141708094883e+20,1.1679141708094887e+20
2020-01-24,152,614243,614394,1.1164965658052977e+20,1.1164965658052978e+20
2020-01-25,164,614395,614558,1.2046410315267675e+20,1.2046410315267677e+20
2020-01-26,143,614559,614701,1.0503882165141943e+20,1.0503882165141945e+20
2020-01-27,129,614702,614830,9.475530065058111e+19,9.475530065058111e+19
2020-01-28,142,614831,614972,1.0749295068599439e+20,1.0749295068599442e+20
2020-01-29,160,614973,615132,1.2301183171279212e+20,1.2301183171279212e+20
2020-01-30,156,615133,615288,1.1993653591997235e+20,1.1993653591997234e+20
2020-01-31,144,615289,615432,1.1071064854151302e+20,1.10710648541513e+20
2020-02-01,151,615433,615583,1.1609241617894764e+20,1.1609241617894764e+20
2020-02-02,143,615584,615726,1.0994182459330806e+20,1.0994182459330806e+20
2020-02-03,148,615727,615874,1.137859443343328e+20,1.1378594433433279e+20
2020-02-04,132,615875,616006,1.0148476116305356e+20,1.0148476116305356e+20
2020-02-05,159,616007,616165,1.2224300776458717e+20,1.2224300776458718e+20
2020-02-06,135,616166,616300,1.0379123300766843e+20,1.0379123300766843e+20
2020-02-07,139,616301,616439,1.0686652880048824e+20,1.0686652880048823e+20
2020-02-08,139,616440,616578,1.0686652880048824e+20,1.0686652880048823e+20
2020-02-09,153,616579,616731,1.1763006407535752e+20,1.1763006407535752e+20
2020-02-10,122,616732,616853,9.379652168100402e+19,9.3796521681004e+19
2020-02-11,148,616854,617001,1.1421089575459083e+20,1.142108957545908e+20
2020-02-12,142,617002,617143,1.097422751892226e+20,1.097422751892226e+20
2020-02-13,141,617144,617284,1.0896944226535485e+20,1.0896944226535485e+20
2020-02-14,135,617285,617419,1.0433244472214828e+20,1.0433244472214826e+20
2020-02-15,142,617420,617561,1.097422751892226e+20,1.097422751892226e+20
2020-02-16,142,617562,617703,1.097422751892226e+20,1.097422751892226e+20
2020-02-17,157,617704,617860,1.213347690472392e+20,1.2133476904723918e+20
2020-02-18,150,617861,618010,1.1592493858016479e+20,1.1592493858016479e+20
2020-02-19,141,618011,618151,1.0896944226535485e+20,1.0896944226535485e+20
2020-02-20,126,618152,618277,9.737694840733842e+19,9.737694840733842e+19
2020-02-21,154,618278,618431,1.1901627027563587e+20,1.1901627027563587e+20
2020-02-22,148,618432,618579,1.1437927273242924e+20,1.1437927273242924e+20
2020-02-23,142,618580,618721,1.097422751892226e+20,1.097422751892226e+20
2020-02-24,141,618722,618862,1.0896944226535485e+20,1.0896944226535485e+20
2020-02-25,144,618863,619006,1.110053843400511e+20,1.110053843400511e+20
2020-02-26,136,619007,619142,1.0470077542728596e+20,1.0470077542728596e+20
2020-02-27,147,619143,619289,1.1316922049861054e+20,1.1316922049861052e+20
2020-02-28,158,619290,619447,1.2163766556993525e+20,1.2163766556993525e+20
2020-02-29,139,619448,619586,1.0701035135582903e+20,1.0701035135582903e+20
2020-03-01,177,619587,619763,1.3626497978404155e+20,1.3626497978404153e+20
2020-03-02,149,619764,619912,1.1470893778430594e+20,1.1470893778430594e+20
2020-03-03,153,619913,620065,1.1778837235569674e+20,1.1778837235569674e+20
2020-03-04,167,620066,620232,1.2856639335556455e+20,1.2856639335556455e+20
2020-03-05,163,620233,620395,1.2548695878417374e+20,1.2548695878417374e+20
2020-03-06,155,620396,620550,1.1932808964139214e+20,1.1932808964139213e+20
2020-03-07,157,620551,620707,1.2086780692708753e+20,1.2086780692708752e+20
2020-03-08,158,620708,620865,1.2163766556993525e+20,1.2163766556993525e+20
2020-03-09,150,620866,621015,1.201420634511651e+20,1.201420634511651e+20
2020-03-10,132,621016,621147,1.0861624139191229e+20,1.0861624139191229e+20
2020-03-11,119,621148,621266,9.791918731543608e+19,9.791918731543606e+19
2020-03-12,151,621267,621417,1.2425039734983888e+20,1.2425039734983888e+20
2020-03-13,125,621418,621542,1.0285628919688664e+20,1.0285628919688664e+20
2020-03-14,128,621543,621670,1.0532484013761192e+20,1.053248401376119e+20
2020-03-15,119,621671,621789,9.791918731543608e+19,9.791918731543606e+19
2020-03-16,119,621790,621908,9.791918731543608e+19,9.791918731543606e+19
2020-03-17,123,621909,622031,1.0121058856973645e+20,1.0121058856973645e+20
2020-03-18,100,622032,622131,8.22850313575093e+19,8.228503135750929e+19
2020-03-19,107,622132,622238,8.804498355253495e+19,8.804498355253497e+19
2020-03-20,109,622239,622347,8.969068417968515e+19,8.969068417968515e+19
2020-03-21,124,622348,622471,1.0203343888331155e+20,1.0203343888331153e+20
2020-03-22,127,622472,622598,1.0450198982403683e+20,1.0450198982403681e+20
2020-03-23,112,622599,622710,9.215923512041043e+19,9.215923512041043e+19
2020-03-24,132,622711,622842,1.0861624139191229e+20,1.0861624139191229e+20
2020-03-25,92,622843,622934,7.570222884890857e+19,7.570222884890855e+19
2020-03-26,160,622935,623094,1.1183654639914911e+20,1.118365463991491e+20
2020-03-27,155,623095,623249,1.0719727486378048e+20,1.0719727486378046e+20
2020-03-28,135,623250,623384,9.336536842974424e+19,9.336536842974424e+19
2020-03-29,151,623385,623535,1.0443089357697324e+20,1.0443089357697324e+20
2020-03-30,147,623536,623682,1.0166451229016598e+20,1.0166451229016598e+20
2020-03-31,159,623683,623841,1.0996365615058774e+20,1.0996365615058772e+20
2020-04-01,153,623842,623994,1.0581408422037686e+20,1.0581408422037684e+20
2020-04-02,153,623995,624147,1.0581408422037686e+20,1.0581408422037684e+20
2020-04-03,132,624148,624279,9.12905824646388e+19,9.12905824646388e+19
2020-04-04,157,624280,624436,1.085804655071841e+20,1.0858046550718408e+20
2020-04-05,175,624437,624611,1.2102918129781672e+20,1.210291812978167e+20
2020-04-06,128,624612,624739,8.852420117783156e+19,8.852420117783154e+19
2020-04-07,168,624740,624907,1.1618801404590403e+20,1.1618801404590404e+20
2020-04-08,144,624908,625051,1.0326070452088557e+20,1.0326070452088555e+20
2020-04-09,154,625052,625205,1.1265057782639462e+20,1.1265057782639459e+20
2020-04-10,163,625206,625368,1.1923405315391118e+20,1.1923405315391118e+20
2020-04-11,159,625369,625527,1.1630806411945936e+20,1.1630806411945938e+20
2020-04-12,153,625528,625680,1.1191908056778165e+20,1.1191908056778164e+20
2020-04-13,171,625681,625851,1.2508603122281479e+20,1.250860312228148e+20
2020-04-14,168,625852,626019,1.2289153944697594e+20,1.2289153944697594e+20
2020-04-15,169,626020,626188,1.2362303670558889e+20,1.2362303670558889e+20
2020-04-16,154,626189,626342,1.1265057782639462e+20,1.1265057782639459e+20
2020-04-17,127,626343,626469,9.29001518438449e+19,9.29001518438449e+19
2020-04-18,158,626470,626627,1.1557656686084642e+20,1.1557656686084642e+20
2020-04-19,152,626628,626779,1.1118758330916869e+20,1.1118758330916869e+20
2020-04-20,161,626780,626940,1.1777105863668528e+20,1.1777105863668526e+20
2020-04-21,149,626941,627089,1.1603961981187667e+20,1.1603961981187667e+20
2020-04-22,131,627090,627220,1.0392346723346884e+20,1.0392346723346883e+20
2020-04-23,142,627221,627362,1.1264986524543952e+20,1.1264986524543951e+20
2020-04-24,144,627363,627506,1.1423648306579782e+20,1.1423648306579782e+20
2020-04-25,136,627507,627642,1.078900117843646e+20,1.0789001178436459e+20
2020-04-26,137,627643,627779,1.0868332069454376e+20,1.0868332069454375e+20
2020-04-27,141,627780,627920,1.1185655633526037e+20,1.1185655633526037e+20
2020-04-28,154,627921,628074,1.2216957216758936e+20,1.2216957216758936e+20
2020-04-29,145,628075,628219,1.1502979197597698e+20,1.1502979197597698e+20
2020-04-30,135,628220,628354,1.0709670287418545e+20,1.0709670287418543e+20
2020-05-01,141,628355,628495,1.1185655633526037e+20,1.1185655633526037e+20
2020-05-02,148,628496,628643,1.1740971870651444e+20,1.1740971870651443e+20
2020-05-03,168,628644,628811,1.3327589691009751e+20,1.3327589691009755e+20
2020-05-04,158,628812,628969,1.2534280780830599e+20,1.2534280780830597e+20
2020-05-05,158,628970,629127,1.2633090387563808e+20,1.2633090387563805e+20
2020-05-06,154,629128,629281,1.2328844565559773e+20,1.2328844565559771e+20
2020-05-07,147,629282,629428,1.1768442539852508e+20,1.1768442539852507e+20
2020-05-08,137,629429,629565,1.096786821741356e+20,1.0967868217413558e+20
2020-05-09,136,629566,629701,1.0887810785169665e+20,1.0887810785169664e+20
2020-05-10,170,629702,629871,1.3609763481462091e+20,1.3609763481462088e+20
2020-05-11,157,629872,630028,1.2569016862291457e+20,1.2569016862291455e+20
2020-05-12,146,630029,630174,1.1688385107608614e+20,1.1688385107608612e+20
2020-05-13,119,630175,630293,9.52683443702345e+19,9.526834437023449e+19
2020-05-14,114,630294,630407,9.126547275803977e+19,9.126547275803976e+19
2020-05-15,125,630408,630532,1.000717903048682e+20,1.000717903048682e+20
2020-05-16,126,630533,630658,1.0087236462730715e+20,1.0087236462730715e+20
2020-05-17,102,630659,630760,8.165858088877238e+19,8.165858088877236e+19
2020-05-18,128,630761,630888,1.0247351327218504e+20,1.0247351327218504e+20
2020-05-19,115,630889,631003,9.206604708047872e+19,9.206604708047872e+19
2020-05-20,115,631004,631118,8.673159676375672e+19,8.673159676375672e+19
2020-05-21,131,631119,631249,9.857962370355072e+19,9.85796237035507e+19
2020-05-22,111,631250,631360,8.352929947400092e+19,8.352929947400094e+19
2020-05-23,119,631361,631479,8.954942916582084e+19,8.954942916582084e+19
2020-05-24,116,631480,631595,8.729188053138838e+19,8.729188053138837e+19
2020-05-25,125,631596,631720,9.406452643468578e+19,9.406452643468578e+19
2020-05-26,124,631721,631844,9.33120102232083e+19,9.33120102232083e+19
2020-05-27,138,631845,631982,1.0384723718389316e+20,1.0384723718389316e+20
2020-05-28,131,631983,632113,9.857962370355072e+19,9.85796237035507e+19
2020-05-29,127,632114,632240,9.556955885764077e+19,9.556955885764076e+19
2020-05-30,156,632241,632396,1.1739252899048795e+20,1.1739252899048797e+20
2020-05-31,150,632397,632546,1.1287743172162303e+20,1.1287743172162303e+20
2020-06-01,134,632547,632680,1.008371723379832e+20,1.008371723379832e+20
2020-06-02,129,632681,632809,9.707459128059575e+19,9.707459128059575e+19
2020-06-03,139,632810,632948,1.0459975339537064e+20,1.0459975339537064e+20
2020-06-04,151,632949,633099,1.0831927422458893e+20,1.0831927422458893e+20
2020-06-05,179,633100,633278,1.2219236772521375e+20,1.2219236772521373e+20
2020-06-06,196,633279,633474,1.3379722946448e+20,1.3379722946447999e+20
2020-06-07,159,633475,633633,1.0853958920842995e+20,1.0853958920842997e+20
2020-06-08,162,633634,633795,1.1058750598594748e+20,1.1058750598594747e+20
2020-06-09,160,633796,633955,1.0922222813426912e+20,1.0922222813426914e+20
2020-06-10,164,633956,634119,1.1195278383762586e+20,1.1195278383762586e+20
2020-06-11,185,634120,634304,1.2628820128024889e+20,1.2628820128024887e+20
2020-06-12,163,634305,634467,1.1127014491178667e+20,1.1127014491178666e+20
2020-06-13,158,634468,634625,1.0785695028259077e+20,1.0785695028259078e+20
2020-06-14,170,634626,634795,1.16048617392661e+20,1.16048617392661e+20
2020-06-15,138,634796,634933,9.420417176580719e+19,9.42041717658072e+19
2020-06-16,150,634934,635083,1.0688493753919552e+20,1.0688493753919552e+20
2020-06-17,138,635084,635221,1.0828361757348618e+20,1.0828361757348618e+20
2020-06-18,123,635222,635344,9.651365914158547e+19,9.651365914158547e+19
2020-06-19,143,635345,635487,1.1220693705078641e+20,1.122069370507864e+20
2020-06-20,137,635488,635624,1.0749895367802613e+20,1.0749895367802613e+20
2020-06-21,146,635625,635770,1.1456092873716654e+20,1.1456092873716654e+20
2020-06-22,143,635771,635913,1.1220693705078641e+20,1.122069370507864e+20
2020-06-23,158,635914,636071,1.2397689548268711e+20,1.2397689548268713e+20
2020-06-24,139,636072,636210,1.0906828146894624e+20,1.0906828146894622e+20
2020-06-25,141,636211,636351,1.1063760925986632e+20,1.1063760925986632e+20
2020-06-26,164,636352,636515,1.286848788554474e+20,1.286848788554474e+20
2020-06-27,138,636516,636653,1.0828361757348618e+20,1.0828361757348618e+20
2020-06-28,150,636654,636803,1.1769958431900674e+20,1.1769958431900674e+20
2020-06-29,145,636804,636948,1.137762648417065e+20,1.137762648417065e+20
2020-06-30,147,636949,637095,1.1534454521897345e+20,1.1534454521897343e+20
2020-07-01,162,637096,637257,1.2711130903923196e+20,1.2711130903923196e+20
2020-07-02,164,637258,637421,1.2868058445946937e+20,1.2868058445946934e+20
2020-07-03,163,637422,637584,1.2789594674935066e+20,1.2789594674935066e+20
2020-07-04,157,637585,637741,1.2318812048863841e+20,1.231881204886384e+20
2020-07-05,163,637742,637904,1.2789594674935066e+20,1.2789594674935066e+20
2020-07-06,154,637905,638058,1.208342073582823e+20,1.208342073582823e+20
2020-07-07,161,638059,638219,1.2632667132911324e+20,1.2632667132911324e+20
2020-07-08,151,638220,638370,1.1848029422792617e+20,1.1848029422792617e+20
2020-07-09,164,638371,638534,1.2868058445946937e+20,1.2868058445946934e+20
2020-07-10,161,638535,638695,1.2632667132911324e+20,1.2632667132911324e+20
2020-07-11,156,638696,638851,1.2240348277851972e+20,1.224034827785197e+20
2020-07-12,152,638852,639003,1.1926493193804489e+20,1.1926493193804487e+20
2020-07-13,147,639004,639150,1.2147483612740125e+20,1.2147483612740125e+20
2020-07-14,144,639151,639294,1.2416713854257393e+20,1.2416713854257391e+20
2020-07-15,138,639295,639432,1.1899350776996667e+20,1.1899350776996667e+20
2020-07-16,136,639433,639568,1.172689641790976e+20,1.172689641790976e+20
2020-07-17,118,639569,639686,1.0174807186127587e+20,1.0174807186127587e+20
2020-07-18,130,639687,639816,1.1209533340649036e+20,1.1209533340649036e+20
2020-07-19,131,639817,639947,1.129576052019249e+20,1.1295760520192488e+20
2020-07-20,141,639948,640088,1.215803231562703e+20,1.215803231562703e+20
2020-07-21,125,640089,640213,1.0778397442931766e+20,1.0778397442931766e+20
2020-07-22,144,640214,640357,1.2416713854257393e+20,1.2416713854257391e+20
2020-07-23,136,640358,640493,1.172689641790976e+20,1.172689641790976e+20
2020-07-24,161,640494,640654,1.388257590649611e+20,1.388257590649611e+20
2020-07-25,142,640655,640796,1.2244259495170484e+20,1.2244259495170484e+20
2020-07-26,158,640797,640954,1.362389436786575e+20,1.362389436786575e+20
2020-07-27,149,640955,641103,1.2808209807778554e+20,1.2808209807778554e+20
2020-07-28,145,641104,641248,1.2143704039523443e+20,1.2143704039523441e+20
2020-07-29,148,641249,641396,1.2394953088617035e+20,1.2394953088617033e+20
2020-07-30,135,641397,641531,1.130620720921147e+20,1.1306207209211468e+20
2020-07-31,153,641532,641684,1.2813701503773021e+20,1.2813701503773021e+20
2020-08-01,137,641685,641821,1.1473706575273864e+20,1.1473706575273863e+20
2020-08-02,141,641822,641962,1.1808705307398654e+20,1.1808705307398654e+20
2020-08-03,162,641963,642124,1.3567448651053797e+20,1.3567448651053798e+20
2020-08-04,145,642125,642269,1.2143704039523443e+20,1.2143704039523441e+20
2020-08-05,129,642270,642398,1.0803709111024291e+20,1.0803709111024291e+20
2020-08-06,156,642399,642554,1.3064950552866613e+20,1.3064950552866613e+20
2020-08-07,152,642555,642706,1.2729951820741824e+20,1.2729951820741824e+20
2020-08-08,142,642707,642848,1.1892454990429851e+20,1.189245499042985e+20
2020-08-09,156,642849,643004,1.3064950552866613e+20,1.3064950552866613e+20
2020-08-10,137,643005,643141,1.149264194995897e+20,1.1492641949958968e+20
2020-08-11,154,643142,643295,1.2974189284212303e+20,1.2974189284212302e+20
2020-08-12,157,643296,643452,1.3226933231307348e+20,1.3226933231307347e+20
2020-08-13,147,643453,643599,1.2384453407657201e+20,1.2384453407657201e+20
2020-08-14,167,643600,643766,1.4069413054957494e+20,1.4069413054957498e+20
2020-08-15,156,643767,643922,1.3142685248942334e+20,1.3142685248942332e+20
2020-08-16,152,643923,644074,1.2805693319482275e+20,1.2805693319482275e+20
2020-08-17,125,644075,644199,1.0530997795626877e+20,1.0530997795626877e+20
2020-08-18,140,644200,644339,1.1794717531102098e+20,1.1794717531102097e+20
2020-08-19,138,644340,644477,1.162622156637207e+20,1.162622156637207e+20
2020-08-20,146,644478,644623,1.2300205425292186e+20,1.2300205425292186e+20
2020-08-21,155,644624,644778,1.3058437266577318e+20,1.3058437266577318e+20
2020-08-22,136,644779,644914,1.1457725601642039e+20,1.1457725601642039e+20
2020-08-23,157,644915,645071,1.3226933231307348e+20,1.3226933231307347e+20
2020-08-24,149,645072,645220,1.2859310089647322e+20,1.2859310089647325e+20
2020-08-25,128,645221,645348,1.1172000869546546e+20,1.1172000869546544e+20
2020-08-26,142,645349,645490,1.2393938464653215e+20,1.2393938464653217e+20
2020-08-27,129,645491,645619,1.125928212633988e+20,1.1259282126339878e+20
2020-08-28,163,645620,645782,1.422684485731322e+20,1.422684485731322e+20
2020-08-29,146,645783,645928,1.274306349182655e+20,1.2743063491826549e+20
2020-08-30,127,645929,646055,1.1084719612753214e+20,1.1084719612753214e+20
2020-08-31,150,646056,646205,1.3092188518999884e+20,1.3092188518999885e+20
2020-09-01,154,646206,646359,1.3441313546173219e+20,1.3441313546173216e+20
2020-09-02,144,646360,646503,1.2568500978239883e+20,1.2568500978239881e+20
2020-09-03,129,646504,646632,1.125928212633988e+20,1.1259282126339878e+20
2020-09-04,135,646633,646767,1.178296966709988e+20,1.1782969667099879e+20
2020-09-05,141,646768,646908,1.2306657207859882e+20,1.2306657207859882e+20
2020-09-06,150,646909,647058,1.3092188518999884e+20,1.3092188518999885e+20
2020-09-07,175,647059,647233,1.5170944206778004e+20,1.5170944206778004e+20
2020-09-08,155,647234,647388,1.3365250532879298e+20,1.3365250532879294e+20
2020-09-09,149,647389,647537,1.284788599612268e+20,1.284788599612268e+20
2020-09-10,158,647538,647695,1.3623932801257606e+20,1.3623932801257608e+20
2020-09-11,138,647696,647833,1.1899384345402217e+20,1.1899384345402217e+20
2020-09-12,170,647834,648003,1.4658661874770839e+20,1.465866187477084e+20
2020-09-13,162,648004,648165,1.3968842492428684e+20,1.3968842492428684e+20
2020-09-14,176,648166,648341,1.5176026411527458e+20,1.5176026411527455e+20
2020-09-15,156,648342,648497,1.3451477955672067e+20,1.3451477955672064e+20
2020-09-16,155,648498,648652,1.3365250532879298e+20,1.3365250532879294e+20
2020-09-17,178,648653,648830,1.5348481257112997e+20,1.5348481257112997e+20
2020-09-18,165,648831,648995,1.4227524760806993e+20,1.422752476080699e+20
2020-09-19,149,648996,649144,1.284788599612268e+20,1.284788599612268e+20
2020-09-20,142,649145,649286,1.3565438457842134e+20,1.3565438457842136e+20
2020-09-21,145,649287,649431,1.392198327594406e+20,1.392198327594406e+20
2020-09-22,129,649432,649560,1.2385764431701957e+20,1.2385764431701959e+20
2020-09-23,142,649561,649702,1.3633942242648667e+20,1.3633942242648664e+20
2020-09-24,137,649703,649839,1.3153873853823009e+20,1.3153873853823009e+20
2020-09-25,169,649840,650008,1.6226311542307216e+20,1.6226311542307212e+20
2020-09-26,150,650009,650158,1.4402051664769719e+20,1.4402051664769719e+20
2020-09-27,152,650159,650310,1.4594079020299982e+20,1.459407902029998e+20
2020-09-28,129,650311,650439,1.2385764431701957e+20,1.2385764431701959e+20
2020-09-29,141,650440,650580,1.3537928564883535e+20,1.3537928564883533e+20
2020-09-30,156,650581,650736,1.4978133731360506e+20,1.4978133731360503e+20
2020-10-01,124,650737,650860,1.19056960428763e+20,1.19056960428763e+20
2020-10-02,136,650861,650996,1.3057860176057878e+20,1.3057860176057876e+20
2020-10-03,151,650997,651147,1.449806534253485e+20,1.449806534253485e+20
2020-10-04,158,651148,651305,1.5158794574942546e+20,1.5158794574942546e+20
2020-10-05,140,651306,651445,1.3430383643112969e+20,1.3430383643112969e+20
2020-10-06,130,651446,651575,1.247107052574776e+20,1.247107052574776e+20
2020-10-07,151,651576,651726,1.44856280722147e+20,1.4485628072214702e+20
2020-10-08,162,651727,651888,1.554087250131643e+20,1.5540872501316433e+20
2020-10-09,142,651889,652030,1.3622246266586012e+20,1.3622246266586015e+20
2020-10-10,143,652031,652173,1.3718177578322533e+20,1.371817757832253e+20
2020-10-11,140,652174,652313,1.3430383643112969e+20,1.3430383643112969e+20
2020-10-12,149,652314,652462,1.4293765448741659e+20,1.429376544874166e+20
2020-10-13,166,652463,652628,1.5924597748262516e+20,1.5924597748262516e+20
2020-10-14,149,652629,652777,1.4293765448741659e+20,1.429376544874166e+20
2020-10-15,151,652778,652928,1.44856280722147e+20,1.4485628072214702e+20
2020-10-16,155,652929,653083,1.4869353319160784e+20,1.4869353319160784e+20
2020-10-17,157,653084,653240,1.525934706935392e+20,1.525934706935392e+20
2020-10-18,120,653241,653360,1.1928875569898535e+20,1.1928875569898535e+20
2020-10-19,125,653361,653485,1.242591205197764e+20,1.2425912051977639e+20
2020-10-20,144,653486,653629,1.4314650683878236e+20,1.4314650683878235e+20
2020-10-21,130,653630,653759,1.2922948534056744e+20,1.2922948534056745e+20
2020-10-22,137,653760,653896,1.361879960896749e+20,1.3618799608967489e+20
2020-10-23,131,653897,654027,1.3022355830472565e+20,1.3022355830472566e+20
2020-10-24,152,654028,654179,1.5109909055204803e+20,1.5109909055204803e+20
2020-10-25,117,654180,654296,1.1630653680651074e+20,1.1630653680651072e+20
2020-10-26,110,654297,654406,1.0934802605740327e+20,1.0934802605740325e+20
2020-10-27,99,654407,654505,9.841322345166297e+19,9.841322345166297e+19
2020-10-28,100,654506,654605,9.940729641582119e+19,9.940729641582119e+19
2020-10-29,108,654606,654713,1.0735988012908687e+20,1.0735988012908687e+20
2020-10-30,111,654714,654824,1.1034209902156148e+20,1.103420990215615e+20
2020-10-31,113,654825,654937,1.123302449498779e+20,1.123302449498779e+20
2020-11-01,125,654938,655062,1.242591205197764e+20,1.2425912051977639e+20
2020-11-02,95,655063,655157,9.443693159503015e+19,9.443693159503015e+19
2020-11-03,140,655158,655297,1.2353451948211518e+20,1.2353451948211516e+20
2020-11-04,159,655298,655456,1.326894830919157e+20,1.3268948309191572e+20
2020-11-05,147,655457,655603,1.2267518248120518e+20,1.2267518248120517e+20
2020-11-06,153,655604,655756,1.2768233278656043e+20,1.276823327865603e+20
2020-11-07,146,655757,655902,1.2184065743031263e+20,1.2184065743031262e+20
2020-11-08,138,655903,656040,1.151644570231723e+20,1.1516445702317228e+20
2020-11-09,185,656041,656225,1.543871344151218e+20,1.543871344151218e+20
2020-11-10,147,656226,656372,1.2267518248120518e+20,1.2267518248120517e+20
2020-11-11,147,656373,656519,1.2267518248120518e+20,1.2267518248120517e+20
2020-11-12,160,656520,656679,1.3352400814280824e+20,1.3352400814280824e+20
2020-11-13,139,656680,656818,1.1599898207406483e+20,1.159989823411126e+20
2020-11-14,142,656819,656960,1.1850255722674246e+20,1.1850255709321824e+20
2020-11-15,150,656961,657110,1.251787576338828e+20,1.251787576338828e+20
2020-11-16,160,657111,657270,1.3573592523468184e+20,1.3573592523468184e+20
2020-11-17,157,657271,657427,1.373344508705692e+20,1.3733445115048629e+20
2020-11-18,169,657428,657596,1.4783135157405224e+20,1.478313515740522e+20
2020-11-19,137,657597,657733,1.1983961636476417e+20,1.1983961650472265e+20
2020-11-20,168,657734,657901,1.4695660984876197e+20,1.469566102686377e+20
2020-11-21,169,657902,658070,1.4783135157405224e+20,1.478313515740522e+20
2020-11-22,174,658071,658244,1.5220506020050348e+20,1.5220506020050348e+20
2020-11-23,147,658245,658391,1.2858703361766669e+20,1.2858703361766667e+20
2020-11-24,136,658392,658527,1.1896487463947392e+20,1.1896487463947392e+20
2020-11-25,155,658528,658682,1.355849674199887e+20,1.3558496755994714e+20
2020-11-26,150,658683,658832,1.3121125879353744e+20,1.3121125921341324e+20
2020-11-27,154,658833,658986,1.3471022569469846e+20,1.3471022569469846e+20
2020-11-28,154,658987,659140,1.3471022569469846e+20,1.3471022569469846e+20
2020-11-29,150,659141,659290,1.3578762927682319e+20,1.3578762927682322e+20
2020-11-30,113,659291,659403,1.0761072791731205e+20,1.0761072791731203e+20
2020-12-01,152,659404,659555,1.4475071365868492e+20,1.4475071365868492e+20
2020-12-02,131,659556,659686,1.2475225979794571e+20,1.247522597979457e+20
2020-12-03,157,659687,659843,1.4951225029219425e+20,1.4951225029219425e+20
2020-12-04,144,659844,659987,1.3713225504506998e+20,1.3713225504506996e+20
2020-12-05,144,659988,660131,1.3713225504506998e+20,1.3713225504506996e+20
2020-12-06,136,660132,660267,1.2951379643145504e+20,1.2951379643145503e+20
2020-12-07,150,660268,660417,1.4284609900528119e+20,1.428460990052812e+20
2020-12-08,144,660418,660561,1.3713225504506998e+20,1.3713225504506996e+20
2020-12-09,139,660562,660700,1.3237071841156065e+20,1.3237071871629885e+20
2020-12-10,130,660701,660830,1.2379995247124383e+20,1.2379995247124383e+20
2020-12-11,138,660831,660968,1.3141841108485879e+20,1.3141841108485877e+20
2020-12-12,132,660969,661100,1.2570456712464758e+20,1.2570456712464758e+20
2020-12-13,156,661101,661256,1.4834206904279364e+20,1.483420690427936e+20
2020-12-14,145,661257,661401,1.3457437139495784e+20,1.3457437080097473e+20
2020-12-15,140,661402,661541,1.2993387582961448e+20,1.2993387582961448e+20
2020-12-16,143,661542,661684,1.3271817316882049e+20,1.3271817376280425e+20
2020-12-17,129,661685,661813,1.1972478558585907e+20,1.1972478558585907e+20
2020-12-18,157,661814,661970,1.457115607517819e+20,1.4571156075178189e+20
2020-12-19,158,661971,662128,1.4663965986485058e+20,1.4663965956785927e+20
2020-12-20,151,662129,662279,1.4014296607336987e+20,1.4014296592487437e+20
2020-12-21,136,662280,662415,1.2622147937733978e+20,1.2622147878335665e+20
2020-12-22,143,662416,662558,1.3271817316882049e+20,1.3271817376280425e+20
2020-12-23,154,662559,662712,1.429272634125759e+20,1.429272634125759e+20
2020-12-24,126,662713,662838,1.1694048824665306e+20,1.1694048824665304e+20
2020-12-25,144,662839,662982,1.3364627228188916e+20,1.3364627228188918e+20
2020-12-26,137,662983,663119,1.2714957849040845e+20,1.2714957849040844e+20
2020-12-27,148,663120,663267,1.3734463542361858e+20,1.3734463542361855e+20
2020-12-28,160,663268,663427,1.4793452566917644e+20,1.4793452566917644e+20
2020-12-29,152,663428,663579,1.4053779938571764e+20,1.4053779938571764e+20
2020-12-30,172,663580,663751,1.590296150943647e+20,1.590296150943647e+20
2020-12-31,166,663752,663917,1.5348207038177057e+20,1.5348207067763953e+20
2021-01-01,149,663918,664066,1.3776402702942057e+20,1.3776402673355144e+20
2021-01-02,151,664067,664217,1.3961320860028528e+20,1.3961320860028527e+20
2021-01-03,158,664218,664375,1.4608534409831175e+20,1.4608534409831175e+20
2021-01-04,173,664376,664548,1.5995420587979706e+20,1.5995420602773147e+20
2021-01-05,157,664549,664705,1.451607533128794e+20,1.4516075360874838e+20
2021-01-06,177,664706,664882,1.6365256902152647e+20,1.6365256902152644e+20
2021-01-07,168,664883,665050,1.5533125195263528e+20,1.5533125239643878e+20
2021-01-08,148,665051,665198,1.3683943624398822e+20,1.3683943624398819e+20
2021-01-09,139,665199,665337,1.34307072196352e+20,1.3430707219635197e+20
2021-01-10,159,665338,665496,1.6287965092477036e+20,1.6287965092477036e+20
2021-01-11,154,665497,665650,1.5775764932336252e+20,1.5775764932336252e+20
2021-01-12,148,665651,665798,1.5161124740167313e+20,1.5161124772948112e+20
2021-01-13,152,665799,665950,1.557088486827994e+20,1.5570884933841555e+20
2021-01-14,147,665951,666097,1.5058684708139155e+20,1.5058684708139155e+20
2021-01-15,155,666098,666252,1.587820496436441e+20,1.5878204980754812e+20
2021-01-16,147,666253,666399,1.5058684708139155e+20,1.505868465896793e+20
2021-01-17,133,666400,666532,1.362452425974496e+20,1.3624524243354536e+20
2021-01-18,145,666533,666677,1.485380464408284e+20,1.485380464408284e+20
2021-01-19,149,666678,666826,1.5263564772195467e+20,1.526356477219547e+20
2021-01-20,141,666827,666967,1.4444044515970213e+20,1.4444044515970212e+20
2021-01-21,129,666968,667096,1.3214764131632333e+20,1.3214764082461096e+20
2021-01-22,141,667097,667237,1.4444044515970213e+20,1.4444044515970212e+20
2021-01-23,156,667238,667393,1.6085926669140872e+20,1.6085926669140872e+20
2021-01-24,139,667394,667532,1.4388492538771179e+20,1.4388492571895775e+20
2021-01-25,140,667533,667672,1.4492006873582482e+20,1.4492006840457904e+20
2021-01-26,161,667673,667833,1.6665807904619853e+20,1.6665807904619856e+20
2021-01-27,142,667834,667975,1.4699035543205088e+20,1.4699035543205088e+20
2021-01-28,145,667976,668120,1.5009578547639e+20,1.5009578547638996e+20
2021-01-29,152,668121,668272,1.5734178891318123e+20,1.5734178891318123e+20
2021-01-30,136,668273,668408,1.4077949534337268e+20,1.4077949468088102e+20
2021-01-31,144,668409,668552,1.4906064212827695e+20,1.4906064212827695e+20
2021-02-01,119,668553,668671,1.231820584254511e+20,1.2318205842545109e+20
2021-02-02,153,668672,668824,1.5837693226129428e+20,1.5837693226129428e+20
2021-02-03,150,668825,668974,1.5527150221695517e+20,1.552715022169552e+20
2021-02-04,160,668975,669134,1.656229356980855e+20,1.656229355324627e+20
2021-02-05,169,669135,669303,1.749392258311028e+20,1.7493922566548e+20
2021-02-06,159,669304,669462,1.6917309677552642e+20,1.691730972862373e+20
2021-02-07,156,669463,669618,1.6621949800355663e+20,1.6621949749211165e+20
2021-02-08,162,669619,669780,1.7261255561907805e+20,1.726125556190777e+20
2021-02-09,143,669781,669923,1.5236787316992688e+20,1.5236787385185275e+20
2021-02-10,143,669924,670066,1.5236787316992688e+20,1.5236787385185275e+20
2021-02-11,129,670067,670195,1.3745073873371023e+20,1.3745073822226538e+20
2021-02-12,142,670196,670337,1.5130236356733996e+20,1.5130236339685815e+20
2021-02-13,157,670338,670494,1.6728500760614352e+20,1.6728500794710625e+20
2021-02-14,148,670495,670642,1.576954211828614e+20,1.5769542152382415e+20
2021-02-15,152,670643,670794,1.6195745959320902e+20,1.6195746027513482e+20
2021-02-16,121,670795,670915,1.2892666191301501e+20,1.2892666225397788e+20
2021-02-17,138,670916,671053,1.4704032515699237e+20,1.4704032464554747e+20
2021-02-18,137,671054,671190,1.4597481555440547e+20,1.4597481572488672e+20
2021-02-19,153,671191,671343,1.632534172080344e+20,1.6325341720803394e+20
2021-02-20,146,671344,671489,1.5766724008936276e+20,1.5766724026214836e+20
2021-02-21,141,671490,671630,1.522676770726037e+20,1.522676775909614e+20
2021-02-22,133,671631,671763,1.4362837624578925e+20,1.4362837607300296e+20
2021-02-23,127,671764,671890,1.3714890062567839e+20,1.3714889993453414e+20
2021-02-24,159,671891,672049,1.7170610393293626e+20,1.7170610445129374e+20
2021-02-25,156,672050,672205,1.6846636612288083e+20,1.6846636560452226e+20
2021-02-26,139,672206,672344,1.501078518659001e+20,1.501078522114718e+20
2021-02-27,157,672345,672501,1.6954627872623264e+20,1.6954627907180413e+20
2021-02-28,131,672502,672632,1.4146855103908563e+20,1.4146855069351333e+20
2021-03-01,130,672633,672762,1.4038863843573382e+20,1.4038863878130562e+20
2021-03-02,143,672763,672905,1.5442750227930733e+20,1.54427502970451e+20
2021-03-03,152,672906,673057,1.641467157094736e+20,1.641467164006172e+20
2021-03-04,128,673058,673185,1.382288132290302e+20,1.38228813401816e+20
2021-03-05,149,673186,673334,1.609069778994182e+20,1.6090697755384568e+20
2021-03-06,152,673335,673486,1.6218576632503163e+20,1.621857670079194e+20
2021-03-07,146,673487,673632,1.556651519066459e+20,1.5566515207723814e+20
2021-03-08,155,673633,673787,1.6526094894198702e+20,1.6526094911257936e+20
2021-03-09,140,673788,673927,1.4926795388308518e+20,1.492679535419015e+20
2021-03-10,149,673928,674076,1.588637509184263e+20,1.588637505772427e+20
2021-03-11,132,674077,674208,1.4073835651833753e+20,1.407383570301135e+20
2021-03-12,150,674209,674358,1.5992995058901975e+20,1.5992995110079588e+20
2021-03-13,143,674359,674501,1.5246655289486554e+20,1.5246655357723358e+20
2021-03-14,157,674502,674658,1.6739334828317393e+20,1.673933486243582e+20
2021-03-15,148,674659,674806,1.5779755124783284e+20,1.57797551589017e+20
2021-03-16,149,674807,674955,1.588637509184263e+20,1.588637505772427e+20
2021-03-17,136,674956,675091,1.4500315520071134e+20,1.4500315451834371e+20
2021-03-18,152,675092,675243,1.6206234993020666e+20,1.620623506125748e+20
2021-03-19,148,675244,675391,1.5846133094083917e+20,1.5846133128345833e+20
2021-03-20,154,675392,675545,1.6738918904398548e+20,1.673891883483424e+20
2021-03-21,156,675546,675701,1.6956307461598527e+20,1.6956307409425305e+20
2021-03-22,151,675702,675852,1.6412836068598576e+20,1.641283605120752e+20
2021-03-23,161,675853,676013,1.749977885459848e+20,1.749977892416285e+20
2021-03-24,152,676014,676165,1.6521530347198566e+20,1.6521530416762932e+20
2021-03-25,154,676166,676319,1.6738918904398548e+20,1.673891883483424e+20
2021-03-26,136,676320,676455,1.4782421889598718e+20,1.4782421820034407e+20
2021-03-27,159,676456,676614,1.72823902973985e+20,1.7282390349571785e+20
2021-03-28,159,676615,676773,1.72823902973985e+20,1.7282390349571785e+20
2021-03-29,151,676774,676924,1.6412836068598576e+20,1.641283605120752e+20
2021-03-30,146,676925,677070,1.5869364675598624e+20,1.5869364692989736e+20
2021-03-31,157,677071,677227,1.7065001740198517e+20,1.7065001774980717e+20
2021-04-01,145,677228,677372,1.576067039699863e+20,1.5760670327434324e+20
2021-04-02,140,677373,677512,1.6083389427526648e+20,1.608338939076464e+20
2021-04-03,131,677513,677643,1.506720557311091e+20,1.5067205536305545e+20
2021-04-04,146,677644,677789,1.679245811965033e+20,1.679245813805305e+20
2021-04-05,156,677790,677945,1.794262648400994e+20,1.794262642880189e+20
2021-04-06,144,677946,678089,1.6562424446778406e+20,1.6562424446778432e+20
2021-04-07,157,678090,678246,1.80576433204459e+20,1.805764335725132e+20
2021-04-08,134,678247,678380,1.5412256082418794e+20,1.5412256156029593e+20
2021-04-09,152,678381,678532,1.7482559138266094e+20,1.74825592118769e+20
2021-04-10,157,678533,678689,1.80576433204459e+20,1.805764335725132e+20
2021-04-11,145,678690,678834,1.6677441283214367e+20,1.667744120960362e+20
2021-04-12,144,678835,678978,1.6562424446778406e+20,1.6562424446778432e+20
2021-04-13,142,678979,679120,1.6332390773906483e+20,1.6332390755503817e+20
2021-04-14,135,679121,679255,1.5527272918854756e+20,1.5527272918854782e+20
2021-04-15,172,679256,679427,1.9862449716766373e+20,1.986244964285958e+20
2021-04-16,103,679428,679530,1.2074346556444146e+20,1.2074346593956694e+20
2021-04-17,91,679531,679621,1.0667626569285601e+20,1.0667626494260553e+20
2021-04-18,124,679622,679745,1.4536106533971612e+20,1.4536106515215347e+20
2021-04-19,97,679746,679842,1.137098656286487e+20,1.1370986544108623e+20
2021-04-20,128,679843,679970,1.5005013196357796e+20,1.500501321511406e+20
2021-04-21,101,679971,680071,1.1839893225251054e+20,1.1839893244007337e+20
2021-04-22,143,680072,680214,1.6763413180305988e+20,1.6763413255331037e+20
2021-04-23,135,680215,680349,1.5825599855533618e+20,1.5825599855533608e+20
2021-04-24,145,680350,680494,1.6997866511499077e+20,1.6997866436473995e+20
2021-04-25,141,680495,680635,1.6528959849112895e+20,1.652895990538168e+20
2021-04-26,114,680636,680749,1.3363839878006152e+20,1.3363839934274958e+20
2021-04-27,142,680750,680891,1.664618651470944e+20,1.664618649595316e+20
2021-04-28,142,680892,681033,1.664618651470944e+20,1.664618649595316e+20
2021-04-29,122,681034,681155,1.430165320277852e+20,1.4301653165265989e+20
2021-04-30,145,681156,681300,1.6997866511499077e+20,1.6997866436473995e+20
2021-05-01,139,681301,681439,1.582156130964598e+20,1.5821561346069755e+20
2021-05-02,185,681440,681624,1.8952718650028088e+20,1.8952718617245044e+20
2021-05-03,177,681625,681801,1.8133141627324174e+20,1.8133141676498823e+20
2021-05-04,181,681802,681982,1.854293013867613e+20,1.8542930073110004e+20
2021-05-05,157,681983,682139,1.608419907056439e+20,1.6084199103347488e+20
2021-05-06,170,682140,682309,1.7416011732458252e+20,1.7416011798024438e+20
2021-05-07,172,682310,682481,1.7620905988134227e+20,1.762090592256809e+20
2021-05-08,171,682482,682652,1.7518458860296238e+20,1.7518458860296264e+20
2021-05-09,186,682653,682838,1.9055165777866077e+20,1.9055165827040736e+20
2021-05-10,180,682839,683018,1.844048301083814e+20,1.844048301083817e+20
2021-05-11,172,683019,683190,1.7620905988134227e+20,1.762090592256809e+20
2021-05-12,172,683191,683362,1.7620905988134227e+20,1.762090592256809e+20
2021-05-13,161,683363,683523,1.8699951311899564e+20,1.8699951386234706e+20
2021-05-14,134,683524,683657,1.668390652846808e+20,1.6683906608152366e+20
2021-05-15,123,683658,683780,1.5314332111952036e+20,1.531433217171525e+20
2021-05-16,132,683781,683912,1.6434892998192438e+20,1.643489305795564e+20
2021-05-17,121,683913,684033,1.5065318581676392e+20,1.5065318621518525e+20
2021-05-18,100,684034,684133,1.2450676513782122e+20,1.2450676434097786e+20
2021-05-19,125,684134,684258,1.5563345642227683e+20,1.5563345721911974e+20
2021-05-20,112,684259,684370,1.394475769543599e+20,1.3944757735278135e+20
2021-05-21,110,684371,684480,1.3695744165160346e+20,1.369574418508141e+20
2021-05-22,116,684481,684596,1.444278475598728e+20,1.4442784835671586e+20
2021-05-23,119,684597,684715,1.4816305051400746e+20,1.48163050713218e+20
2021-05-24,126,684716,684841,1.5687852407365504e+20,1.5687852407365468e+20
2021-05-25,123,684842,684964,1.5314332111952036e+20,1.531433217171525e+20
2021-05-26,122,684965,685086,1.5189825346814214e+20,1.518982530697202e+20
2021-05-27,117,685087,685203,1.4567291521125102e+20,1.4567291521125075e+20
2021-05-28,119,685204,685322,1.4816305051400746e+20,1.48163050713218e+20
2021-05-29,116,685323,685438,1.444278475598728e+20,1.4442784835671586e+20
2021-05-30,144,685439,685582,1.5086430339569418e+20,1.5086430339569444e+20
2021-05-31,141,685583,685723,1.4752665902061927e+20,1.475266595228379e+20
2021-06-01,142,685724,685865,1.4857294738246762e+20,1.485729472150617e+20
2021-06-02,166,685866,686031,1.7368386806682832e+20,1.7368386840164093e+20
2021-06-03,147,686032,686178,1.5380438919170943e+20,1.5380438868949126e+20
2021-06-04,131,686179,686309,1.3706377540213563e+20,1.3706377506732356e+20
2021-06-05,131,686310,686440,1.3706377540213563e+20,1.3706377506732356e+20
2021-06-06,150,686441,686590,1.569432542772545e+20,1.569432547794732e+20
2021-06-07,133,686591,686723,1.3915635212583236e+20,1.3915635195842645e+20
2021-06-08,149,686724,686872,1.5589696591540617e+20,1.5589696558059415e+20
2021-06-09,126,686873,686998,1.3183233359289382e+20,1.3183233359289403e+20
2021-06-10,118,686999,687116,1.2346202669810691e+20,1.2346202602848256e+20
2021-06-11,105,687117,687221,1.0986027799407819e+20,1.0986027849629676e+20
2021-06-12,132,687222,687353,1.3811006376398399e+20,1.3811006426620263e+20
2021-06-13,132,687354,687485,1.364473454016216e+20,1.3644734589779422e+20
2021-06-14,135,687486,687620,1.3376669621889933e+20,1.3376669621889953e+20
2021-06-15,131,687621,687751,1.298032385531542e+20,1.2980323823607774e+20
2021-06-16,123,687752,687874,1.2187632322166396e+20,1.2187632369727893e+20
2021-06-17,130,687875,688004,1.2881237413671793e+20,1.2881237445379467e+20
2021-06-18,124,688005,688128,1.2286718763810025e+20,1.22867187479562e+20
2021-06-19,103,688129,688231,1.0205903489293822e+20,1.0205903521001477e+20
2021-06-20,105,688232,688336,1.040407637258108e+20,1.0404076420142565e+20
2021-06-21,105,688337,688441,1.040407637258108e+20,1.0404076420142565e+20
2021-06-22,91,688442,688532,9.01686618957027e+19,9.016866126154942e+19
2021-06-23,101,688533,688633,1.0007730606006562e+20,1.0007730621860387e+20
2021-06-24,105,688634,688738,1.040407637258108e+20,1.0404076420142565e+20
2021-06-25,110,688739,688848,1.0899508580799227e+20,1.0899508596653051e+20
2021-06-26,89,688849,688937,8.818693306283011e+19,8.818693369698329e+19
2021-06-27,58,688938,688995,5.747013615330501e+19,5.747013647038159e+19
2021-06-28,88,688996,689083,8.71960686463938e+19,8.719606848785546e+19
2021-06-29,90,689084,689173,8.91777974792664e+19,8.917779747926635e+19
2021-06-30,88,689174,689261,8.71960686463938e+19,8.719606848785546e+19
2021-07-01,96,689262,689357,9.512298397788416e+19,9.512298445349903e+19
2021-07-02,90,689358,689447,8.91777974792664e+19,8.917779747926635e+19
2021-07-03,127,689448,689574,9.732170352476894e+19,9.732170303432866e+19
2021-07-04,115,689575,689689,8.210883607751701e+19,8.210883596327849e+19
2021-07-05,132,689690,689821,9.424666401941085e+19,9.424666436212582e+19
2021-07-06,142,689822,689963,1.0138656280876016e+20,1.0138656269452159e+20
2021-07-07,123,689964,690086,8.782075510899646e+19,8.782075545171144e+19
2021-07-08,139,690087,690225,9.924459317195535e+19,9.924459340043195e+19
2021-07-09,131,690226,690356,9.35326741404759e+19,9.353267391199899e+19
2021-07-10,161,690357,690517,1.1495237050852385e+20,1.1495237096547715e+20
2021-07-11,125,690518,690642,8.924873486686632e+19,8.92487353238197e+19
2021-07-12,126,690643,690768,8.996272474580125e+19,8.996272474580109e+19
2021-07-13,136,690769,690904,9.710262353515056e+19,9.710262307819687e+19
2021-07-14,170,690905,691074,1.2137827941893823e+20,1.2137827987589151e+20
2021-07-15,128,691075,691202,9.139070450367111e+19,9.139070461790934e+19
2021-07-16,150,691203,691352,1.070984818402396e+20,1.0709848218295455e+20
2021-07-17,143,691353,691495,1.0182598043892064e+20,1.018259808946451e+20
2021-07-18,144,691496,691639,9.78722420886897e+19,9.787224208868939e+19
2021-07-19,170,691640,691809,1.1554361913248091e+20,1.1554361956746827e+20
2021-07-20,122,691810,691931,8.291953843625091e+19,8.291953821875685e+19
2021-07-21,145,691932,692076,9.855191043652782e+19,9.855191000153976e+19
2021-07-22,153,692077,692229,1.0398925721923283e+20,1.0398925721923246e+20
2021-07-23,135,692230,692364,9.175522695814655e+19,9.17552269581463e+19
2021-07-24,154,692365,692518,1.0466892556707096e+20,1.0466892513208286e+20
2021-07-25,153,692519,692671,1.0398925721923283e+20,1.0398925721923246e+20
2021-07-26,150,692672,692821,1.0195025217571845e+20,1.0195025250195892e+20
2021-07-27,170,692822,692991,1.1554361913248091e+20,1.1554361956746827e+20
2021-07-28,157,692992,693148,1.0670793061058534e+20,1.0670793082807883e+20
2021-07-29,160,693149,693308,1.0874693565409971e+20,1.0874693554535239e+20
2021-07-30,166,693309,693474,1.1282494574112845e+20,1.128249459586219e+20
2021-07-31,158,693475,693632,1.1267063080199771e+20,1.1267063057380447e+20
2021-08-01,154,693633,693786,1.1097580079118305e+20,1.1097580032998534e+20
2021-08-02,143,693787,693929,1.0304895787752715e+20,1.0304895833872564e+20
2021-08-03,169,693930,694098,1.2178513203707745e+20,1.2178513192177844e+20
2021-08-04,136,694099,694234,9.800460329610976e+19,9.800460283491194e+19
2021-08-05,160,694235,694394,1.1529953328954081e+20,1.1529953317424174e+20
2021-08-06,159,694395,694553,1.1457891120648118e+20,1.1457891155238024e+20
2021-08-07,167,694554,694720,1.2034388787095819e+20,1.2034388764035963e+20
2021-08-08,158,694721,694878,1.1385828912342155e+20,1.1385828889282293e+20
2021-08-09,152,694879,695030,1.0953455662506379e+20,1.0953455708626235e+20
2021-08-10,165,695031,695195,1.1890264370483895e+20,1.1890264335894084e+20
2021-08-11,147,695196,695342,1.0593144620976565e+20,1.0593144586386745e+20
2021-08-12,151,695343,695493,1.0881393454200416e+20,1.0881393442670505e+20
2021-08-13,142,695494,695635,1.0843869727808084e+20,1.0843869715589666e+20
2021-08-14,164,695636,695799,1.2682080854688786e+20,1.2682080867061575e+20
2021-08-15,182,695800,695981,1.4074016558252188e+20,1.407401657062498e+20
2021-08-16,161,695982,696142,1.2450091570761553e+20,1.2450091620252628e+20
2021-08-17,172,696143,696314,1.330071894516141e+20,1.3300718895670392e+20
2021-08-18,135,696315,696449,1.0439517776725526e+20,1.0439517776725549e+20
2021-08-19,154,696450,696603,1.1908783241598008e+20,1.1908783192106985e+20
2021-08-20,160,696604,696763,1.2372761809452474e+20,1.237276179707974e+20
2021-08-21,170,696764,696933,1.3146059422543253e+20,1.314605947203433e+20
2021-08-22,164,696934,697097,1.2682080854688786e+20,1.2682080867061575e+20
2021-08-23,197,697098,697294,1.5233962977888358e+20,1.5233963027379438e+20
2021-08-24,154,697295,697448,1.1908783241598008e+20,1.1908783192106985e+20
2021-08-25,160,697449,697608,1.3119919939886758e+20,1.3119919926766805e+20
2021-08-26,146,697609,697754,1.2784461411993903e+20,1.2784461426004224e+20
2021-08-27,146,697755,697900,1.2784461411993903e+20,1.2784461426004224e+20
2021-08-28,141,697901,698041,1.2346637391035207e+20,1.2346637433066267e+20
2021-08-29,156,698042,698197,1.3660109453911297e+20,1.3660109411880136e+20
2021-08-30,135,698198,698332,1.182124856588477e+20,1.1821248565884728e+20
2021-08-31,144,698333,698476,1.2609331803610425e+20,1.2609331803610377e+20
2021-09-01,137,698477,698613,1.1996378174268249e+20,1.1996378188278574e+20
2021-09-02,149,698614,698762,1.3047155824569121e+20,1.3047155796548334e+20
2021-09-03,148,698763,698910,1.2959591020377383e+20,1.2959591048398068e+20
2021-09-04,155,698911,699065,1.3572544649719557e+20,1.357254466372987e+20
2021-09-05,164,699066,699229,1.4360627887445212e+20,1.4360627901455522e+20
2021-09-06,172,699230,699401,1.5061146320979126e+20,1.5061146264937585e+20
2021-09-07,153,699402,699554,1.3409347352179812e+20,1.3409347352179763e+20
2021-09-08,142,699555,699696,1.299899824183048e+20,1.2998998227183737e+20
2021-09-09,137,699697,699833,1.2541287036132229e+20,1.2541287050778998e+20
2021-09-10,136,699834,699969,1.244974479499258e+20,1.2449744736405553e+20
2021-09-11,148,699970,700117,1.3548251688668381e+20,1.354825171796192e+20
2021-09-12,147,700118,700264,1.3456709447528731e+20,1.3456709403588477e+20
2021-09-13,159,700265,700423,1.4555216341204533e+20,1.4555216385144845e+20
2021-09-14,168,700424,700591,1.5379096511461386e+20,1.5379096555401708e+20
2021-09-15,142,700592,700733,1.299899824183048e+20,1.2998998227183737e+20
2021-09-16,136,700734,700869,1.244974479499258e+20,1.2449744736405553e+20
2021-09-17,147,700870,701016,1.3456709447528731e+20,1.3456709403588477e+20
2021-09-18,155,701017,701171,1.4189047376645933e+20,1.418904739129272e+20
2021-09-19,160,701172,701331,1.4646758582344183e+20,1.4646758567697462e+20
2021-09-20,164,701332,701495,1.5012927546902784e+20,1.501292756154958e+20
2021-09-21,123,701496,701618,1.140736847089265e+20,1.1407368515409196e+20
2021-09-22,134,701619,701752,1.2654663384005059e+20,1.2654663444445217e+20
2021-09-23,165,701753,701917,1.5582234763886828e+20,1.5582234718556658e+20
2021-09-24,148,701918,702065,1.3976792394274244e+20,1.3976792424494308e+20
2021-09-25,144,702066,702209,1.3599041248483048e+20,1.359904124848302e+20
2021-09-26,139,702210,702348,1.3126852316244053e+20,1.3126852346464118e+20
2021-09-27,155,702349,702503,1.4637856899408837e+20,1.4637856914518853e+20
2021-09-28,152,702504,702655,1.435454354006544e+20,1.4354543600505594e+20
2021-09-29,130,702656,702785,1.2276912238213862e+20,1.227691226843393e+20
2021-09-30,171,702786,702956,1.614886148257362e+20,1.6148861482573588e+20
2021-10-01,140,702957,703096,1.3221290102691853e+20,1.3221290072471736e+20
2021-10-02,188,703097,703284,1.7754303852186206e+20,1.775430391262635e+20
2021-10-03,150,703285,703434,1.4165667967169842e+20,1.4165668012499952e+20
2021-10-04,156,703435,703590,1.4763452223905366e+20,1.4763452178479333e+20
2021-10-05,164,703591,703754,1.621777358315223e+20,1.6217773598974447e+20
2021-10-06,131,703755,703885,1.2954441093859425e+20,1.2954441062214964e+20
2021-10-07,141,703886,704026,1.3943329726978456e+20,1.3943329774445093e+20
2021-10-08,120,704027,704146,1.186666359742849e+20,1.1866663549961804e+20
2021-10-09,150,704147,704296,1.4833329496785584e+20,1.4833329544252228e+20
2021-10-10,159,704297,704455,1.5723329266592714e+20,1.572332931405936e+20
2021-10-11,146,704456,704601,1.4437774043537973e+20,1.4437774059360176e+20
2021-10-12,134,704602,704735,1.3251107683795134e+20,1.3251107747083985e+20
2021-10-13,169,704736,704904,1.6712217899711745e+20,1.671221788388953e+20
2021-10-14,137,704905,705041,1.3547774273730843e+20,1.3547774289553041e+20
2021-10-15,141,705042,705182,1.3943329726978456e+20,1.3943329774445093e+20
2021-10-16,133,705183,705315,1.3152218820483231e+20,1.315221880466099e+20
2021-10-17,160,705316,705475,1.582221812990462e+20,1.5822218114082393e+20
2021-10-18,148,705476,705623,1.4658149869707854e+20,1.4658149901401103e+20
2021-10-19,155,705624,705778,1.5473719872913283e+20,1.547371988888614e+20
2021-10-20,149,705779,705927,1.4874737168155345e+20,1.487473713620959e+20
2021-10-21,148,705928,706075,1.4774906717362356e+20,1.477490674930809e+20
2021-10-22,158,706076,706233,1.5773211225292253e+20,1.5773211193346487e+20
2021-10-23,145,706234,706378,1.4475415364983387e+20,1.4475415301091888e+20
2021-10-24,153,706379,706531,1.5274058971327303e+20,1.5274058971327286e+20
2021-10-25,182,706532,706713,1.8169142044324004e+20,1.8169142060296838e+20
2021-10-26,150,706714,706863,1.4974567618948334e+20,1.4974567666866936e+20
2021-10-27,157,706864,707020,1.5673380774499264e+20,1.5673380806444987e+20
2021-10-28,153,707021,707173,1.5274058971327303e+20,1.5274058971327286e+20
2021-10-29,171,707174,707344,1.707100708560112e+20,1.7071007085601086e+20
2021-10-30,155,707345,707499,1.5473719872913283e+20,1.547371988888614e+20
2021-10-31,139,707500,707638,1.4056723596810964e+20,1.4056723629171761e+20
2021-11-01,148,707639,707786,1.5935039700608283e+20,1.593503973506241e+20
2021-11-02,158,707787,707944,1.7011731572271012e+20,1.7011731537816853e+20
2021-11-03,161,707945,708105,1.733473913376983e+20,1.733473920267809e+20
2021-11-04,143,708106,708248,1.539669376477692e+20,1.5396693833685192e+20
2021-11-05,155,708249,708403,1.6688724010772195e+20,1.6688724027999247e+20
2021-11-06,154,708404,708557,1.658105482360592e+20,1.6581054754697622e+20
2021-11-07,153,708558,708710,1.6473385636439648e+20,1.6473385636439635e+20
2021-11-08,135,708711,708845,1.4535340267446736e+20,1.4535340267446736e+20
2021-11-09,152,708846,708997,1.6365716449273374e+20,1.636571651818164e+20
2021-11-10,149,708998,709146,1.6042708887774557e+20,1.6042708853320404e+20
2021-11-11,158,709147,709304,1.7011731572271012e+20,1.7011731537816853e+20
2021-11-12,142,709305,709446,1.5289024577610646e+20,1.528902456038357e+20
2021-11-13,153,709447,709599,1.6473385636439648e+20,1.6473385636439635e+20
2021-11-14,157,709600,709756,1.753463926815996e+20,1.7534639303899405e+20
2021-11-15,151,709757,709907,1.7019784136837828e+20,1.701978411880367e+20
2021-11-16,150,709908,710057,1.6907070334607114e+20,1.690707038870979e+20
2021-11-17,149,710058,710206,1.67943565323764e+20,1.6794356496308034e+20
2021-11-18,144,710207,710350,1.623078752122283e+20,1.623078752122288e+20
2021-11-19,137,710351,710487,1.5441790905607835e+20,1.5441790923642087e+20
2021-11-20,145,710488,710632,1.6343501323453546e+20,1.634350125131676e+20
2021-11-21,132,710633,710764,1.4878221894454264e+20,1.487822194855693e+20
2021-11-22,141,710765,710905,1.589264611453069e+20,1.589264616863336e+20
2021-11-23,132,710906,711037,1.4878221894454264e+20,1.487822194855693e+20
2021-11-24,157,711038,711194,1.7696066950222112e+20,1.7696066986290584e+20
2021-11-25,130,711195,711324,1.4652794289992837e+20,1.4652794326061294e+20
2021-11-26,132,711325,711456,1.4878221894454264e+20,1.487822194855693e+20
2021-11-27,143,711457,711599,1.6118073718992116e+20,1.6118073791128997e+20
2021-11-28,139,711600,711738,1.5514098473065057e+20,1.5514098508780916e+20
2021-11-29,143,711739,711881,1.5877456517985452e+20,1.587745658904535e+20
2021-11-30,134,711882,712015,1.487817603783252e+20,1.4878176108892422e+20
2021-12-01,137,712016,712152,1.5211269531216832e+20,1.5211269548981774e+20
2021-12-02,155,712153,712307,1.72098304915227e+20,1.7209830509287627e+20
2021-12-03,168,712308,712475,1.8653235629521378e+20,1.8653235682816275e+20
2021-12-04,155,712476,712630,1.72098304915227e+20,1.7209830509287627e+20
2021-12-05,166,712631,712796,1.8431173300598502e+20,1.8431173336128415e+20
2021-12-06,172,712797,712968,1.9097360287367125e+20,1.909736021630712e+20
2021-12-07,154,712969,713122,1.709879932706126e+20,1.7098799256001262e+20
2021-12-08,168,713123,713290,1.8653235629521378e+20,1.8653235682816275e+20
2021-12-09,163,713291,713453,1.8098079807214194e+20,1.809807973615419e+20
2021-12-10,156,713454,713609,1.7320861655984135e+20,1.732086160268912e+20
2021-12-11,151,713610,713760,1.766239900477144e+20,1.766239898605637e+20
2021-12-12,140,713761,713900,1.683855935401593e+20,1.683855931552785e+20
2021-12-13,141,713901,714041,1.6958834777973188e+20,1.6958834835705443e+20
2021-12-14,148,714042,714189,1.7800762745673984e+20,1.7800762784162175e+20
2021-12-15,141,714190,714330,1.6958834777973188e+20,1.6958834835705443e+20
2021-12-16,115,714331,714445,1.3831673755084521e+20,1.3831673735840491e+20
2021-12-17,149,714446,714594,1.792103816963124e+20,1.792103813114316e+20
2021-12-18,128,714595,714722,1.5395254266528855e+20,1.5395254285772967e+20
2021-12-19,149,714723,714871,1.792103816963124e+20,1.792103813114316e+20
2021-12-20,144,714872,715015,1.7319661049844957e+20,1.7319661049845013e+20
2021-12-21,161,715016,715176,1.9364343257118317e+20,1.9364343334094655e+20
2021-12-22,148,715177,715324,1.7800762745673984e+20,1.7800762784162175e+20
2021-12-23,152,715325,715476,1.828186444150301e+20,1.828186451847934e+20
2021-12-24,151,715477,715627,1.8161589017545753e+20,1.8161588998301745e+20
2021-12-25,147,715628,715774,1.7716871642820107e+20,1.7716871584969084e+20
2021-12-26,134,715775,715908,1.6168227852670812e+20,1.616822792989218e+20
2021-12-27,148,715909,716056,1.7857445688024482e+20,1.785744572663515e+20
2021-12-28,134,716057,716190,1.6168227852670812e+20,1.616822792989218e+20
2021-12-29,145,716191,716335,1.749547043759155e+20,1.7495470360370145e+20
2021-12-30,119,716336,716454,1.435835160050617e+20,1.4358351619811498e+20
2021-12-31,149,716455,716603,1.797810410483546e+20,1.797810406622474e+20
2022-01-01,172,716604,716775,2.075324769148791e+20,2.0753247614266497e+20
2022-01-02,158,716776,716933,1.9064029856134244e+20,1.9064029817523526e+20
2022-01-03,140,716934,717073,1.689217835353667e+20,1.6892178314925955e+20
2022-01-04,147,717074,717220,1.7736787271213505e+20,1.773678721329744e+20
2022-01-05,150,717221,717370,1.8098762521646432e+20,1.8098762579562453e+20
2022-01-06,146,717371,717516,1.7616128854402528e+20,1.7616128873707854e+20
2022-01-07,140,717517,717656,1.689217835353667e+20,1.6892178314925955e+20
2022-01-08,144,717657,717800,1.74267690694438e+20,1.7426769069443855e+20
2022-01-09,141,717801,717941,1.708260766426686e+20,1.7082607722420473e+20
2022-01-10,142,717942,718083,1.7203760910112725e+20,1.7203760890728258e+20
2022-01-11,158,718084,718241,1.914221284364655e+20,1.9142212804877573e+20
2022-01-12,139,718242,718380,1.6840301172575132e+20,1.6840301211344224e+20
2022-01-13,179,718381,718559,2.1686431006409694e+20,2.1686431083947845e+20
2022-01-14,159,718560,718718,1.9263366089492414e+20,1.9263366147646033e+20
2022-01-15,166,718719,718884,2.0111438810413462e+20,2.0111438849182568e+20
2022-01-16,175,718885,719059,2.120181802302624e+20,2.120181806179535e+20
2022-01-17,161,719060,719220,1.950567258118414e+20,1.9505672658722285e+20
2022-01-18,136,719221,719356,1.647684143503754e+20,1.647684135749951e+20
2022-01-19,173,719357,719529,2.095951153133451e+20,2.09595115507191e+20
2022-01-20,169,719530,719698,2.0474898547951052e+20,2.0474898528566605e+20
2022-01-21,134,719699,719832,1.7600715263020325e+20,1.7600715347083418e+20
2022-01-22,134,719833,719966,1.7747494966786998e+20,1.7747495051551133e+20
2022-01-23,141,719967,720107,1.8674602912813187e+20,1.867460297638628e+20
2022-01-24,150,720108,720257,1.9866598843418283e+20,1.9866598906991375e+20
2022-01-25,152,720258,720409,2.0131486827997194e+20,2.0131486912761322e+20
2022-01-26,130,720410,720539,1.7217718997629177e+20,1.7217719040011233e+20
2022-01-27,131,720540,720670,1.7350162989918634e+20,1.7350162947536536e+20
2022-01-28,154,720671,720824,2.0396374812576104e+20,2.0396374727811924e+20
2022-01-29,149,720825,720973,1.973415485112883e+20,1.9734154808746725e+20
2022-01-30,146,720974,721119,1.9336822874260462e+20,1.933682289545148e+20
2022-01-31,143,721120,721262,1.8939490897392098e+20,1.8939490982156226e+20
2022-02-01,154,721263,721416,2.0396374812576104e+20,2.0396374727811924e+20
2022-02-02,153,721417,721569,2.026393082028665e+20,2.026393082028662e+20
2022-02-03,147,721570,721716,1.946926686654992e+20,1.9469266802976775e+20
2022-02-04,130,721717,721846,1.7245723097445174e+20,1.724572313989618e+20
2022-02-05,119,721847,721965,1.5788839182261168e+20,1.5788839203489854e+20
2022-02-06,156,721966,722121,2.0697974054056657e+20,2.0697973990370578e+20
2022-02-07,136,722122,722257,1.8044387636869906e+20,1.8044387551955137e+20
2022-02-08,154,722258,722411,2.043261541233798e+20,2.043261532742321e+20
2022-02-09,140,722412,722551,1.8575104920307257e+20,1.8575104877849867e+20
2022-02-10,147,722552,722698,1.950386016632262e+20,1.950386010263654e+20
2022-02-11,142,722699,722840,1.884046356202593e+20,1.8840463540797237e+20
2022-02-12,187,722841,723027,2.4811033000696165e+20,2.4811032979467426e+20
2022-02-13,158,723028,723185,2.096333269577533e+20,2.0963332653317944e+20
2022-02-14,153,723186,723338,2.0299936091478645e+20,2.029993609147864e+20
2022-02-15,175,723339,723513,2.3218881150384085e+20,2.3218881192841445e+20
2022-02-16,156,723514,723669,2.0697974054056657e+20,2.0697973990370578e+20
2022-02-17,157,723670,723826,2.1357383696821256e+20,2.1357383740352312e+20
2022-02-18,134,723827,723960,1.862941288834776e+20,1.8629412977324114e+20
2022-02-19,149,723961,724109,2.071479492808817e+20,2.071479488360009e+20
2022-02-20,144,724110,724253,2.0019667581508033e+20,2.00196675815081e+20
2022-02-21,123,724254,724376,1.710013272587146e+20,1.7100132792603725e+20
2022-02-22,152,724377,724528,2.1131871336036254e+20,2.1131871425012626e+20
2022-02-23,150,724529,724678,2.08538203974042e+20,2.0853820464136493e+20
2022-02-24,132,724679,724810,1.8351361949715707e+20,1.835136201644798e+20
2022-02-25,134,724811,724944,1.862941288834776e+20,1.8629412977324114e+20
2022-02-26,125,724945,725069,1.7378183664503515e+20,1.7378183753479858e+20
2022-02-27,136,725070,725205,1.8907463826979815e+20,1.890746373800357e+20
2022-02-28,154,725206,725359,2.1409922274668308e+20,2.140992218569208e+20
2022-03-01,162,725360,725521,2.2522126029196526e+20,2.252212602919661e+20
2022-03-02,136,725522,725657,1.8907463826979815e+20,1.890746373800357e+20
2022-03-03,148,725658,725805,2.0480456277208338e+20,2.0480456321490384e+20
2022-03-04,139,725806,725944,1.903652866455013e+20,1.90365287083752e+20
2022-03-05,123,725945,726067,1.6845273566472408e+20,1.6845273632210043e+20
2022-03-06,131,726068,726198,1.794090111551127e+20,1.7940901071686143e+20
2022-03-07,148,726199,726346,2.0269109657218846e+20,2.0269109701043913e+20
2022-03-08,148,726347,726494,2.0269109657218846e+20,2.0269109701043913e+20
2022-03-09,138,726495,726632,1.889957522092027e+20,1.8899575155182587e+20
2022-03-10,145,726633,726777,1.9858249326329276e+20,1.9858249238679038e+20
2022-03-11,138,726778,726915,1.889957522092027e+20,1.8899575155182587e+20
2022-03-12,156,726916,727071,2.136473720625771e+20,2.1364737140520013e+20
2022-03-13,151,727072,727222,2.067996998810842e+20,2.0679969966195828e+20
2022-03-14,153,727223,727375,2.0953876875368137e+20,2.0953876875368094e+20
2022-03-15,139,727376,727514,1.903652866455013e+20,1.90365287083752e+20
2022-03-16,155,727515,727669,2.122778376262785e+20,2.1227783784540357e+20
2022-03-17,159,727670,727828,2.1749876983535046e+20,2.1749877049195017e+20
2022-03-18,143,727829,727971,1.951494547366302e+20,1.951494556100258e+20
2022-03-19,155,727972,728126,2.115256327564873e+20,2.1152563297483568e+20
2022-03-20,154,728127,728280,2.101609512548325e+20,2.1016095038143575e+20
2022-03-21,153,728281,728433,2.0879626975317777e+20,2.0879626975317718e+20
2022-03-22,149,728434,728582,2.0333754374655872e+20,2.0333754330986008e+20
2022-03-23,145,728583,728727,1.978788177399397e+20,1.9787881686654298e+20
2022-03-24,143,728728,728870,1.951494547366302e+20,1.951494556100258e+20
2022-03-25,156,728871,729026,2.1289031425814204e+20,2.128903136030943e+20
2022-03-26,161,729027,729187,2.1971372176641583e+20,2.1971372263981135e+20
2022-03-27,131,729188,729318,1.7877327671677308e+20,1.787732762800745e+20
2022-03-28,159,729319,729477,2.169843587631063e+20,2.169843594181528e+20
2022-03-29,151,729478,729628,2.0606690674986824e+20,2.060669065315186e+20
2022-03-30,135,729629,729763,1.8423200272339213e+20,1.8423200272339164e+20
2022-03-31,138,729764,729901,1.9452935645281894e+20,1.945293557761953e+20
2022-04-01,141,729902,730042,2.0037160628467738e+20,2.003716069667937e+20
2022-04-02,135,730043,730177,1.9184515495341454e+20,1.918451549534147e+20
2022-04-03,139,730178,730316,1.975294558409231e+20,1.9752945629566737e+20
2022-04-04,158,730317,730474,2.2452988505658874e+20,2.24529884601845e+20
2022-04-05,145,730475,730619,2.0605590717218593e+20,2.0605590626269803e+20
2022-04-06,150,730620,730769,2.131612832815716e+20,2.1316128396368803e+20
2022-04-07,138,730770,730907,1.9610838061904596e+20,1.9610837993693004e+20
2022-04-08,134,730908,731041,1.9042407973153738e+20,1.9042408064102574e+20
2022-04-09,153,731042,731194,2.1742450894720303e+20,2.1742450894720333e+20
2022-04-10,140,731195,731334,1.9895053106280022e+20,1.9895053060805637e+20
2022-04-11,137,731335,731471,1.946873053971688e+20,1.9468730562454104e+20
2022-04-12,153,731472,731624,2.1742450894720303e+20,2.1742450894720333e+20
2022-04-13,140,731625,731764,1.9895053106280022e+20,1.9895053060805637e+20
2022-04-14,138,731765,731902,1.9440249194032624e+20,1.944024912641441e+20
2022-04-15,158,731903,732060,2.216927228330341e+20,2.216927223840367e+20
2022-04-16,134,732061,732194,1.8801787885839604e+20,1.880178797563923e+20
2022-04-17,165,732195,732359,2.3151455232563685e+20,2.315145516521405e+20
2022-04-18,134,732360,732493,1.8801787885839604e+20,1.880178797563923e+20
2022-04-19,124,732494,732617,1.7398669386896353e+20,1.739866936444649e+20
2022-04-20,160,732618,732777,2.244989598309206e+20,2.2449895960642218e+20
2022-04-21,169,732778,732946,2.3712702632140987e+20,2.3712702609691148e+20
2022-04-22,135,732947,733081,1.8942099735733928e+20,1.894209973573397e+20
2022-04-23,163,733082,733244,2.2870831532775034e+20,2.2870831442975506e+20
2022-04-24,171,733245,733415,2.3993326331929638e+20,2.3993326331929697e+20
2022-04-25,162,733416,733577,2.273051968288071e+20,2.2730519682880766e+20
2022-04-26,140,733578,733717,1.9643658985205557e+20,1.9643658940305808e+20
2022-04-27,170,733718,733887,2.435201951100511e+20,2.435201960268335e+20
2022-04-28,132,733888,734019,1.9550362058301152e+20,1.955036212939341e+20
2022-04-29,150,734020,734169,2.221632052079676e+20,2.2216320591889023e+20
2022-04-30,150,734170,734319,2.221632052079676e+20,2.2216320591889023e+20
2022-05-01,167,734320,734486,2.4734170179820395e+20,2.4734170132425618e+20
2022-05-02,160,734487,734646,2.3697408555516546e+20,2.3697408531819178e+20
2022-05-03,150,734647,734796,2.221632052079676e+20,2.2216320591889023e+20
2022-05-04,146,734797,734942,2.1623885306908846e+20,2.1623885330606293e+20
2022-05-05,157,734943,735099,2.325308214510061e+20,2.3253082192495467e+20
2022-05-06,142,735100,735241,2.1031450093020935e+20,2.103145006932356e+20
2022-05-07,143,735242,735384,2.117955889649291e+20,2.1179558991282582e+20
2022-05-08,155,735385,735539,2.2956864538156653e+20,2.29568645618541e+20
2022-05-09,155,735540,735694,2.2956864538156653e+20,2.29568645618541e+20
2022-05-10,153,735695,735847,2.2718577043526776e+20,2.2718577043526815e+20
2022-05-11,145,735848,735992,2.2525759789129544e+20,2.252575968970556e+20
2022-05-12,135,735993,736127,2.097225911401716e+20,2.0972259114017217e+20
2022-05-13,152,736128,736279,2.361321026170821e+20,2.361321036113232e+20
2022-05-14,141,736280,736420,2.190435951908459e+20,2.190435959365268e+20
2022-05-15,122,736421,736542,1.8952708236371067e+20,1.895270818665909e+20
2022-05-16,164,736543,736706,2.5477411071843067e+20,2.547741109669915e+20
2022-05-17,147,736707,736853,2.283645992415202e+20,2.283645984958405e+20
2022-05-18,134,736854,736987,2.081690904650592e+20,2.0816909145930023e+20
2022-05-19,122,736988,737109,1.8952708236371067e+20,1.895270818665909e+20
2022-05-20,128,737110,737237,1.9884808641438492e+20,1.9884808666294557e+20
2022-05-21,135,737238,737372,2.097225911401716e+20,2.0972259114017217e+20
2022-05-22,122,737373,737494,1.8952708236371067e+20,1.895270818665909e+20
2022-05-23,160,737495,737654,2.4856010801798113e+20,2.4856010776942173e+20
2022-05-24,120,737655,737774,1.864200810134859e+20,1.8642008026780605e+20
2022-05-25,144,737775,737918,2.1946467738624616e+20,2.194646773862468e+20
2022-05-26,141,737919,738059,2.0955536985717817e+20,2.095553705705583e+20
2022-05-27,138,738060,738197,2.0509674496659993e+20,2.050967442532201e+20
2022-05-28,148,738198,738345,2.199588279351941e+20,2.1995882841078094e+20
2022-05-29,149,738346,738494,2.214450362320535e+20,2.2144503575646706e+20
2022-05-30,154,738495,738648,2.2887607771635063e+20,2.2887607676517748e+20
2022-05-31,146,738649,738794,2.1698641134147525e+20,2.169864115792688e+20
2022-06-01,136,738795,738930,2.021243283728811e+20,2.0212432742170794e+20
2022-06-02,125,738931,739055,1.8577603710742754e+20,1.857760380586009e+20
2022-06-03,143,739056,739198,2.12527786450897e+20,2.125277874020705e+20
2022-06-04,139,739199,739337,2.0658295326345934e+20,2.0658295373904616e+20
2022-06-05,146,739338,739483,2.1698641134147525e+20,2.169864115792688e+20
2022-06-06,150,739484,739633,2.229312445289129e+20,2.2293124524229313e+20
2022-06-07,162,739634,739795,2.4076574409122614e+20,2.4076574409122618e+20
2022-06-08,178,739796,739973,2.6650168068949983e+20,2.665016804499477e+20
2022-06-09,146,739974,740119,2.1978704037955663e+20,2.1978704062041968e+20
2022-06-10,147,740120,740266,2.2129243106708783e+20,2.2129243034450084e+20
2022-06-11,154,740267,740420,2.3183016587980643e+20,2.3183016491635684e+20
2022-06-12,127,740421,740547,1.9118461731646374e+20,1.911846163530141e+20
2022-06-13,133,740548,740680,2.0021696144165097e+20,2.002169612007889e+20
2022-06-14,146,740681,740826,2.1978704037955663e+20,2.1978704062041968e+20
2022-06-15,165,740827,740991,2.4838946344264994e+20,2.4838946272006272e+20
2022-06-16,119,740992,741110,1.791414918162141e+20,1.791414920570769e+20
2022-06-17,108,741111,741218,1.6258219425337085e+20,1.6258219425337105e+20
2022-06-18,156,741219,741374,2.3484094725486887e+20,2.3484094653228175e+20
2022-06-19,133,741375,741507,2.0021696144165097e+20,2.002169612007889e+20
2022-06-20,132,741508,741639,1.9871157075411976e+20,1.987115714767077e+20
2022-06-21,150,741640,741789,2.2580860312968148e+20,2.2580860385226955e+20
2022-06-22,129,741790,741918,1.93096460111175e+20,1.9309645939267663e+20
2022-06-23,152,741919,742070,2.2343104049786e+20,2.234310414386222e+20
2022-06-24,129,742071,742199,1.8962239621199957e+20,1.896223955064278e+20
2022-06-25,151,742200,742350,2.21961099441953e+20,2.2196109920676233e+20
2022-06-26,138,742351,742488,2.0285186571516235e+20,2.0285186500959057e+20
2022-06-27,136,742489,742624,1.999119836033484e+20,1.9991198266258604e+20
2022-06-28,146,742625,742770,2.1461139416241812e+20,2.146113943976086e+20
2022-06-29,151,742771,742921,2.21961099441953e+20,2.2196109920676233e+20
2022-06-30,171,742922,743092,2.5135992056009245e+20,2.5135992056009238e+20
2022-07-01,134,743093,743226,1.9697210149153446e+20,1.9697210243229667e+20
2022-07-02,138,743227,743364,2.0285186571516235e+20,2.0285186500959057e+20
2022-07-03,155,743365,743519,2.2784086366558087e+20,2.278408639007714e+20
2022-07-04,143,743520,743662,2.102015709946972e+20,2.102015719354594e+20
2022-07-05,118,743663,743780,1.734530445970229e+20,1.7345304365626052e+20
2022-07-06,127,743781,743907,1.8659952383342792e+20,1.8659952289308377e+20
2022-07-07,157,743908,744064,2.2752337780715454e+20,2.2752337827089573e+20
2022-07-08,148,744065,744212,2.1448063640419664e+20,2.144806368679379e+20
2022-07-09,134,744213,744346,1.9419192755515097e+20,1.9419192848263424e+20
2022-07-10,153,744347,744499,2.2172660385028437e+20,2.2172660385028365e+20
2022-07-11,123,744500,744622,1.7825079917375796e+20,1.7825079986937034e+20
2022-07-12,151,744623,744773,2.1882821687184926e+20,2.1882821663997762e+20
2022-07-13,110,744774,744883,1.5941128381392988e+20,1.5941128404580037e+20
2022-07-14,124,744884,745007,1.796999926629755e+20,1.7969999243110403e+20
2022-07-15,142,745008,745149,2.0578547546889136e+20,2.0578547523701978e+20
2022-07-16,148,745150,745297,2.1448063640419664e+20,2.144806368679379e+20
2022-07-17,124,745298,745421,1.796999926629755e+20,1.7969999243110403e+20
2022-07-18,131,745422,745552,1.8984434708749835e+20,1.8984434662375588e+20
2022-07-19,138,745553,745690,1.9998870151202115e+20,1.999887008164077e+20
2022-07-20,126,745691,745816,1.8259837964141062e+20,1.825983796414101e+20
2022-07-21,139,745817,745955,1.9882471010905925e+20,1.98824710566785e+20
2022-07-22,132,745956,746087,1.8171186263872504e+20,1.8171186329949582e+20
2022-07-23,154,746088,746241,2.119971730785125e+20,2.1199717219748574e+20
2022-07-24,157,746242,746398,2.161269881384835e+20,2.161269885789976e+20
2022-07-25,142,746399,746540,1.9547791283862844e+20,1.9547791261837204e+20
2022-07-26,160,746541,746700,2.2025680319845453e+20,2.2025680297819822e+20
2022-07-27,165,746701,746865,2.271398282984063e+20,2.2713982763763633e+20
2022-07-28,141,746866,747006,1.9410130781863808e+20,1.9410130847940893e+20
2022-07-29,146,747007,747152,2.009843329185898e+20,2.0098433313884704e+20
2022-07-30,129,747153,747281,1.7758204757875402e+20,1.7758204691798396e+20
2022-07-31,152,747282,747433,2.092439630385318e+20,2.0924396391955952e+20
2022-08-01,136,747434,747569,1.8721828271868638e+20,1.8721828183765955e+20
2022-08-02,155,747570,747724,2.1337377809850283e+20,2.133737783187601e+20
2022-08-03,145,747725,747869,1.9960772789859946e+20,1.9960772701757266e+20
2022-08-04,132,747870,748001,1.832935755367643e+20,1.832935762032862e+20
2022-08-05,150,748002,748151,2.100855550395491e+20,2.100855557118224e+20
2022-08-06,161,748152,748312,2.2549182907578266e+20,2.254918299721472e+20
2022-08-07,159,748313,748471,2.2269068834192205e+20,2.226906890141953e+20
2022-08-08,144,748472,748615,2.0168213283796713e+20,2.0168213283796664e+20
2022-08-09,143,748616,748758,2.0028156247103678e+20,2.0028156336740136e+20
2022-08-10,148,748759,748906,2.0728441430568842e+20,2.0728441475387045e+20
2022-08-11,140,748907,749046,1.960798513702458e+20,1.9607985092206284e+20
2022-08-12,154,749047,749200,2.156878365072704e+20,2.156878356109049e+20
2022-08-13,139,749201,749339,1.9467928100331546e+20,1.9467928145149755e+20
2022-08-14,133,749340,749472,1.862758588017335e+20,1.8627585857764183e+20
2022-08-15,145,749473,749617,2.0308270320489746e+20,2.0308270230853193e+20
2022-08-16,148,749618,749765,2.0728441430568842e+20,2.0728441475387045e+20
2022-08-17,129,749766,749894,1.8067357733401218e+20,1.80673576661738e+20
2022-08-18,144,749895,750038,2.0244735427677943e+20,2.0244735427677864e+20
2022-08-19,178,750039,750216,2.5086715078611062e+20,2.5086715056061098e+20
2022-08-20,149,750217,750365,2.0999553633219356e+20,2.099955358811957e+20
2022-08-21,146,750366,750511,2.0576743828523663e+20,2.0576743851073448e+20
2022-08-22,145,750512,750656,2.0435807226958433e+20,2.0435807136758936e+20
2022-08-23,172,750657,750828,2.4241095469219673e+20,2.424109537902015e+20
2022-08-24,146,750829,750974,2.0576743828523663e+20,2.0576743851073448e+20
2022-08-25,159,750975,751133,2.2408919648871668e+20,2.2408919716521152e+20
2022-08-26,176,751134,751309,2.48048418754806e+20,2.480484183038078e+20
2022-08-27,145,751310,751454,2.0435807226958433e+20,2.0435807136758936e+20
2022-08-28,161,751455,751615,2.269079285200213e+20,2.2690792942201468e+20
2022-08-29,157,751616,751772,2.212704644574121e+20,2.2127046490840836e+20
2022-08-30,162,751773,751934,2.283172945356736e+20,2.2831729453567273e+20
2022-08-31,146,751935,752080,2.2051524679033687e+20,2.2051524703199773e+20
2022-09-01,138,752081,752218,2.1250310815739753e+20,2.1250310741825657e+20
2022-09-02,129,752219,752347,1.9864420979930638e+20,1.9864420906016542e+20
2022-09-03,147,752348,752494,2.263620065154887e+20,2.2636200577634776e+20
2022-09-04,168,752495,752662,2.5869943601770136e+20,2.5869943675684294e+20
2022-09-05,153,752663,752815,2.3560127208754944e+20,2.3560127208754977e+20
2022-09-06,142,752816,752957,2.1866261853877135e+20,2.1866261829239128e+20
2022-09-07,146,752958,753103,2.2482212892014523e+20,2.2482212916652596e+20
2022-09-08,127,753104,753230,1.9556445460861947e+20,1.9556445362309808e+20
2022-09-09,147,753231,753377,2.263620065154887e+20,2.2636200577634776e+20
2022-09-10,157,753378,753534,2.417607824689233e+20,2.4176078296168448e+20
2022-09-11,183,753535,753717,2.8179759994785323e+20,2.817975992087124e+20
2022-09-12,153,753718,753870,2.3560127208754944e+20,2.3560127208754977e+20
2022-09-13,137,753871,754007,2.1223777141868246e+20,2.122377716665518e+20
2022-09-14,127,754008,754134,2.0230889997494534e+20,2.023088989554361e+20
2022-09-15,147,754135,754281,2.341685692623382e+20,2.3416856849770647e+20
2022-09-16,128,754282,754409,2.03901883439315e+20,2.0390188369419253e+20
2022-09-17,170,754410,754579,2.7080718894284e+20,2.708071899623499e+20
2022-09-18,154,754580,754733,2.4531945351292574e+20,2.4531945249341666e+20
2022-09-19,130,754734,754863,2.0708785036805426e+20,2.070878508778092e+20
2022-09-20,152,754864,755015,2.4213348658418644e+20,2.421334876036962e+20
2022-09-21,141,755016,755156,2.2461066847612037e+20,2.246106692407527e+20
2022-09-22,128,755157,755284,2.03901883439315e+20,2.0390188369419253e+20
2022-09-23,135,755285,755419,2.150527676899025e+20,2.1505276768990275e+20
2022-09-24,146,755420,755565,2.325755857979686e+20,2.3257558605284626e+20
2022-09-25,147,755566,755712,2.341685692623382e+20,2.3416856849770647e+20
2022-09-26,150,755713,755862,2.3894751965544717e+20,2.3894752042007957e+20
2022-09-27,129,755863,755991,2.054948669036846e+20,2.0549486613905277e+20
2022-09-28,150,755992,756141,2.3411353308460037e+20,2.3411353383376323e+20
2022-09-29,143,756142,756284,2.2292860667506318e+20,2.229286076727852e+20
2022-09-30,169,756285,756453,2.6346108061598384e+20,2.6346108036655265e+20
2022-10-01,181,756454,756634,2.8216837628102417e+20,2.8216837528330106e+20
2022-10-02,157,756635,756791,2.447537849509435e+20,2.4475378544980423e+20
2022-10-03,154,756792,756945,2.4007696103468345e+20,2.4007696003696053e+20
2022-10-04,163,756946,757108,2.5410743278346368e+20,2.541074317857407e+20
2022-10-05,175,757109,757283,2.72814728448504e+20,2.7281472894736463e+20
2022-10-06,159,757284,757442,2.4787166756178356e+20,2.478716683100749e+20
2022-10-07,171,757443,757613,2.665789632268239e+20,2.665789632268233e+20
2022-10-08,175,757614,757788,2.72814728448504e+20,2.7281472894736463e+20
2022-10-09,158,757789,757946,2.4631272625636354e+20,2.4631272575750183e+20
2022-10-10,168,757947,758114,2.828189458579608e+20,2.828189466660149e+20
2022-10-11,157,758115,758271,2.779248822028767e+20,2.7792488276934754e+20
2022-10-12,137,758272,758408,2.4252043861015324e+20,2.425204388933889e+20
2022-10-13,143,758409,758551,2.5314177168797028e+20,2.5314177282091247e+20
2022-10-14,156,758552,758707,2.7615466002324052e+20,2.7615465917353368e+20
2022-10-15,152,758708,758859,2.6907377130469582e+20,2.6907377243763786e+20
2022-10-16,144,758860,759003,2.5491199386760646e+20,2.5491199386760643e+20
2022-10-17,150,759004,759153,2.655333269454235e+20,2.6553332779513e+20
2022-10-18,142,759154,759295,2.513715495083341e+20,2.5137154922509858e+20
2022-10-19,151,759296,759446,2.6730354912505967e+20,2.67303548841824e+20
2022-10-20,145,759447,759591,2.566822160472426e+20,2.566822149143004e+20
2022-10-21,156,759592,759747,2.7615466002324052e+20,2.7615465917353368e+20
2022-10-22,136,759748,759883,2.4075021643051706e+20,2.40750215297575e+20
2022-10-23,155,759884,760038,2.7481066456589707e+20,2.748106648495725e+20
2022-10-24,136,760039,760174,2.4903119274934918e+20,2.4903119157743754e+20
2022-10-25,122,760175,760296,2.2339562878985735e+20,2.233956282039015e+20
2022-10-26,155,760297,760451,2.8382231526580237e+20,2.8382231555878008e+20
2022-10-27,135,760452,760586,2.472000810379569e+20,2.4720008103795678e+20
2022-10-28,159,760587,760745,2.9114676211137148e+20,2.9114676299030495e+20
2022-10-29,143,760746,760888,2.618489747290951e+20,2.6184897590100646e+20
2022-10-30,135,760889,761023,2.472000810379569e+20,2.4720008103795678e+20
2022-10-31,173,761024,761196,3.167823260708633e+20,3.16782326363841e+20
2022-11-01,144,761197,761340,2.6368008644048735e+20,2.6368008644048722e+20
2022-11-02,122,761341,761462,2.2339562878985735e+20,2.233956282039015e+20
2022-11-03,164,761463,761626,3.0030232066833285e+20,3.0030232096131056e+20
2022-11-04,129,761627,761755,2.3621341076960326e+20,2.3621340989066953e+20
2022-11-05,151,761756,761906,2.764978684202333e+20,2.7649786812725527e+20
2022-11-06,137,761907,762043,2.5086230446074144e+20,2.508623047537192e+20
2022-11-07,144,762044,762187,2.631686810077363e+20,2.63168681007737e+20
2022-11-08,163,762188,762350,2.978757869173803e+20,2.9787578574780754e+20
2022-11-09,149,762351,762499,2.7229136350116364e+20,2.722913629163776e+20
2022-11-10,147,762500,762646,2.6863644587027556e+20,2.6863644499309612e+20
2022-11-11,134,762647,762780,2.4487948126950297e+20,2.4487948243907723e+20
2022-11-12,167,762781,762947,3.0518562217915646e+20,3.051856215943707e+20
2022-11-13,129,762948,763076,2.3574218719228274e+20,2.3574218631510308e+20
2022-11-14,123,763077,763199,2.2477743429961846e+20,2.247774351767992e+20
2022-11-15,155,763200,763354,2.8325611639382793e+20,2.832561166862222e+20
2022-11-16,150,763355,763504,2.741188223166077e+20,2.741188231937887e+20
2022-11-17,138,763505,763642,2.5218931653127913e+20,2.521893156540996e+20
2022-11-18,139,763643,763781,2.540167753467232e+20,2.540167759315107e+20
2022-11-19,147,763782,763928,2.6863644587027556e+20,2.6863644499309612e+20
2022-11-20,149,763929,764077,2.724224064073619e+20,2.724224058222946e+20
2022-11-21,129,764078,764206,2.3694965397082587e+20,2.3694965308915247e+20
2022-11-22,126,764207,764332,2.3143919690173697e+20,2.314391969017366e+20
2022-11-23,141,764333,764473,2.589914822471815e+20,2.589914831288546e+20
2022-11-24,129,764474,764602,2.3694965397082587e+20,2.3694965308915247e+20
2022-11-25,123,764603,764725,2.2592873983264807e+20,2.2592874071432082e+20
2022-11-26,109,764726,764834,2.0021327351023285e+20,2.002132723346683e+20
2022-11-27,136,764835,764970,2.4980738713203334e+20,2.49807385956469e+20
2022-11-28,139,764971,765109,2.5531784420112223e+20,2.5531784478890426e+20
2022-11-29,131,765110,765240,2.4062329201688514e+20,2.4062329142910285e+20
2022-11-30,138,765241,765378,2.534810251780926e+20,2.534810242964194e+20
2022-12-01,153,765379,765531,2.8103331052353713e+20,2.8103331052353733e+20
2022-12-02,125,765532,765656,2.2960237787870734e+20,2.2960237905427117e+20
2022-12-03,131,765657,765787,2.4062329201688514e+20,2.4062329142910285e+20
2022-12-04,140,765788,765927,2.5715466322415187e+20,2.5715466263636974e+20
2022-12-05,146,765928,766073,2.6817557736232967e+20,2.6817557765622078e+20
2022-12-06,135,766074,766208,2.3061696369146685e+20,2.3061696369146737e+20
2022-12-07,172,766209,766380,2.9279473273771845e+20,2.9279473164825045e+20
2022-12-08,167,766381,766547,2.842832579488313e+20,2.842832574040977e+20
2022-12-09,152,766548,766699,2.5874883358216985e+20,2.5874883467163927e+20
2022-12-10,154,766700,766853,2.6215342349772472e+20,2.6215342240825662e+20
2022-12-11,147,766854,767000,2.502373587932827e+20,2.5023735797618174e+20
2022-12-12,143,767001,767143,2.43428178962173e+20,2.4342818005164232e+20
2022-12-13,165,767144,767308,2.8087866803327644e+20,2.8087866721617563e+20
2022-12-14,148,767309,767456,2.5193965375106014e+20,2.5193965429579514e+20
2022-12-15,139,767457,767595,2.366189991310633e+20,2.366189996757982e+20
2022-12-16,130,767596,767725,2.212983445110664e+20,2.2129834505580128e+20
2022-12-17,138,767726,767863,2.3491670417328587e+20,2.3491670335618482e+20
2022-12-18,145,767864,768008,2.4683276887772788e+20,2.4683276778825964e+20
2022-12-19,136,768009,768144,2.342395666311107e+20,2.342395655288072e+20
2022-12-20,140,768145,768284,2.461140151556394e+20,2.4611401459309366e+20
2022-12-21,143,768285,768427,2.513878869089745e+20,2.5138788803406778e+20
2022-12-22,135,768428,768562,2.3732422890008084e+20,2.3732422890008143e+20
2022-12-23,132,768563,768694,2.320503571467457e+20,2.3205035799056574e+20
2022-12-24,89,768695,768783,1.5645819534894226e+20,1.564581964740352e+20
2022-12-25,141,768784,768924,2.4787197240675107e+20,2.478719732505712e+20
2022-12-26,129,768925,769053,2.267764853934106e+20,2.2677648454959166e+20
2022-12-27,115,769054,769168,2.0216508387784668e+20,2.0216508359657397e+20
2022-12-28,168,769169,769336,2.9533681818676724e+20,2.953368190305875e+20
2022-12-29,141,769337,769477,2.4787197240675107e+20,2.478719732505712e+20
2022-12-30,158,769478,769635,2.7775724567565012e+20,2.7775724511310453e+20
2022-12-31,156,769636,769791,2.7424133117342672e+20,2.7424133032960796e+20
2023-01-01,155,769792,769946,2.72483373922315e+20,2.7248337420358884e+20
2023-01-02,156,769947,770102,2.7424133117342672e+20,2.7424133032960796e+20
2023-01-03,154,770103,770256,2.615676984178863e+20,2.615676973308511e+20
2023-01-04,143,770257,770399,2.423564820108755e+20,2.4235648309554735e+20
2023-01-05,157,770400,770556,2.6608369003991233e+20,2.660836905822479e+20
2023-01-06,180,770557,770736,3.0506410323047285e+20,3.0506410323047206e+20
2023-01-07,154,770737,770890,2.6099928831940444e+20,2.6099928723473147e+20
2023-01-08,153,770891,771043,2.593044877459018e+20,2.593044877459012e+20
2023-01-09,152,771044,771195,2.5760968717239917e+20,2.5760968825707096e+20
2023-01-10,169,771196,771364,2.864212969219439e+20,2.8642129665077507e+20
2023-01-11,147,771365,771511,2.49135684304886e+20,2.4913568349138118e+20
2023-01-12,151,771512,771662,2.5591488659889655e+20,2.5591488632772788e+20
2023-01-13,159,771663,771821,2.6947329118691757e+20,2.694732920004212e+20
2023-01-14,171,771822,771992,2.8981089806894914e+20,2.898108980689484e+20
2023-01-15,163,771993,772155,2.8111976185087033e+20,2.8111976074708687e+20
2023-01-16,147,772156,772302,2.746888432470835e+20,2.7468884235014082e+20
2023-01-17,156,772303,772458,2.9150652752751716e+20,2.9150652663057452e+20
2023-01-18,140,772459,772598,2.616084221400795e+20,2.6160842154211787e+20
2023-01-19,145,772599,772743,2.7095158007365376e+20,2.7095157887773e+20
2023-01-20,132,772744,772875,2.4665936944636068e+20,2.4665937034330427e+20
2023-01-21,138,772876,773013,2.578711589666498e+20,2.5787115806970708e+20
2023-01-22,151,773014,773164,2.821633695939429e+20,2.8216336929496236e+20
2023-01-23,158,773165,773322,2.9524379070094685e+20,2.9524379010298524e+20
2023-01-24,129,773323,773451,2.4105347468621614e+20,2.4105347378927337e+20
2023-01-25,175,773452,773626,3.270105276750994e+20,3.2701052827306204e+20
2023-01-26,155,773627,773781,2.896378959408023e+20,2.8963789623978387e+20
2023-01-27,154,773782,773935,2.8776926435408744e+20,2.8776926315816373e+20
2023-01-28,168,773936,774103,3.1393010656809537e+20,3.1393010746503915e+20
2023-01-29,161,774104,774264,3.114389246592103e+20,3.114389258972278e+20
2023-01-30,138,774265,774402,2.6994814251491708e+20,2.699481415759668e+20
2023-01-31,115,774403,774517,2.249567854290972e+20,2.24956785116114e+20
2023-02-01,137,774518,774654,2.6799199655466405e+20,2.6799199686764714e+20
2023-02-02,145,774655,774799,2.8364116423668836e+20,2.8364116298475458e+20
2023-02-03,133,774800,774932,2.601674127136519e+20,2.6016741240066834e+20
2023-02-04,136,774933,775068,2.6603585059441102e+20,2.6603584934247734e+20
2023-02-05,152,775069,775220,2.9733418595845964e+20,2.9733418721039254e+20
2023-02-06,148,775221,775368,2.8950960211744748e+20,2.8950960274341374e+20
2023-02-07,142,775369,775510,2.7777272635592924e+20,2.7777272604294555e+20
2023-02-08,138,775511,775648,2.6994814251491708e+20,2.699481415759668e+20
2023-02-09,162,775649,775810,3.1689564556099e+20,3.1689564556098935e+20
2023-02-10,147,775811,775957,2.8755345615719445e+20,2.8755345521824396e+20
2023-02-11,148,775958,776105,2.8950960211744748e+20,2.8950960274341374e+20
2023-02-12,162,776106,776267,3.158512039583582e+20,3.1585120395835893e+20
2023-02-13,156,776268,776423,3.036501319290044e+20,3.03650130994697e+20
2023-02-14,154,776424,776577,2.997571815196582e+20,2.997571802739148e+20
2023-02-15,163,776578,776740,3.172754583617161e+20,3.1727545711597276e+20
2023-02-16,179,776741,776919,3.4841906163648574e+20,3.484190628822308e+20
2023-02-17,165,776920,777084,3.2116840877106233e+20,3.2116840783675503e+20
2023-02-18,168,777085,777252,3.270078343850816e+20,3.270078353193905e+20
2023-02-19,162,777253,777414,3.15328983157043e+20,3.153289831570438e+20
2023-02-20,147,777415,777561,2.861318550869465e+20,2.8613185415263902e+20
2023-02-21,167,777562,777728,3.250613591804085e+20,3.250613585575373e+20
2023-02-22,140,777729,777868,2.7250652865423478e+20,2.725065280313633e+20
2023-02-23,171,777869,778039,3.328472599991009e+20,3.3284725999910185e+20
2023-02-24,135,778040,778174,2.627741526308693e+20,2.6277415263086982e+20
2023-02-25,107,778175,778281,2.288096047727315e+20,2.288096061413121e+20
2023-02-26,168,778282,778449,3.5955665818333636e+20,3.5955665921064226e+20
2023-02-27,140,778450,778589,2.9963054848611405e+20,2.996305478012448e+20
2023-02-28,137,778590,778726,2.9320989387569735e+20,2.9320989421813278e+20
2023-03-01,170,778727,778896,3.6383709459028076e+20,3.638370959600217e+20
2023-03-02,144,778897,779040,3.081914213000029e+20,3.081914213000036e+20
2023-03-03,168,779041,779208,3.5955665818333636e+20,3.5955665921064226e+20
2023-03-04,152,779209,779360,3.253131669277807e+20,3.2531316829752125e+20
2023-03-05,155,779361,779515,3.3173382153819744e+20,3.3173382188063326e+20
2023-03-06,132,779516,779647,2.8250880285833622e+20,2.825088038856414e+20
2023-03-07,165,779648,779812,3.531360035729196e+20,3.53136002545616e+20
2023-03-08,133,779813,779945,2.8464902106180846e+20,2.8464902071937394e+20
2023-03-09,135,779946,780080,2.8892945746875292e+20,2.889294574687534e+20
2023-03-10,136,780081,780216,2.9168841693722673e+20,2.9168841556457574e+20
2023-03-11,165,780217,780381,3.572196959219298e+20,3.5721969488274614e+20
2023-03-12,161,780382,780542,3.4855982450564065e+20,3.485598258912209e+20
2023-03-13,157,780543,780699,3.3989995308935145e+20,3.39899953782142e+20
2023-03-14,146,780700,780845,3.160853066945563e+20,3.160853070409517e+20
2023-03-15,147,780846,780992,3.182502745486286e+20,3.182502735094446e+20
2023-03-16,134,780993,781126,2.9010569244568882e+20,2.901056938312686e+20
2023-03-17,147,781127,781273,3.182502745486286e+20,3.182502735094446e+20
2023-03-18,162,781274,781435,3.507247923597129e+20,3.507247923597138e+20
2023-03-19,148,781436,781583,3.2041524240270085e+20,3.2041524309549115e+20
2023-03-20,154,781584,781737,3.334050495271346e+20,3.334050481415559e+20
2023-03-21,145,781738,781882,3.13920338840484e+20,3.1392033745490516e+20
2023-03-22,159,781883,782041,3.4422988879749605e+20,3.442298898366814e+20
2023-03-23,183,782042,782224,3.989708307721936e+20,3.9897082972571324e+20
2023-03-24,162,782225,782386,3.772328854931166e+20,3.7723288549311526e+20
2023-03-25,145,782387,782531,3.376467184969251e+20,3.376467170066214e+20
2023-03-26,144,782532,782675,3.353181204383256e+20,3.3531812043832466e+20
2023-03-27,148,782676,782823,3.4463251267272357e+20,3.44632513417874e+20
2023-03-28,134,782824,782957,3.1203213985233057e+20,3.1203214134263264e+20
2023-03-29,147,782958,783104,3.4230391461412405e+20,3.42303913496396e+20
2023-03-30,155,783105,783259,3.609326990829201e+20,3.6093269945549455e+20
2023-03-31,141,783260,783400,3.283323262625271e+20,3.2833232738025334e+20
2023-04-01,140,783401,783540,3.260037282039276e+20,3.260037274587754e+20
2023-04-02,149,783541,783689,3.469611107313231e+20,3.4696110998617063e+20
2023-04-03,131,783690,783820,3.050463456765321e+20,3.050463449313801e+20
2023-04-04,162,783821,783982,3.772328854931166e+20,3.7723288549311526e+20
2023-04-05,139,783983,784121,3.236751301453281e+20,3.236751308904787e+20
2023-04-06,160,784122,784281,3.7558679525641624e+20,3.7558679488083014e+20
2023-04-07,142,784282,784423,3.380329421664883e+20,3.380329417856073e+20
2023-04-08,147,784424,784570,3.499355105526323e+20,3.499355094099869e+20
2023-04-09,146,784571,784716,3.4755499687540346e+20,3.475549972562868e+20
2023-04-10,123,784717,784839,2.928031822991414e+20,2.9280318344178886e+20
2023-04-11,154,784840,784993,3.665991062932338e+20,3.665991047697063e+20
2023-04-12,160,784994,785153,3.808821883566065e+20,3.808821879757257e+20
2023-04-13,142,785154,785295,3.380329421664883e+20,3.380329417856073e+20
2023-04-14,140,785296,785435,3.332719148120308e+20,3.332719140502675e+20
2023-04-15,158,785436,785593,3.7612116100214895e+20,3.761211602403859e+20
2023-04-16,124,785594,785717,2.951836959763702e+20,2.9518369559548894e+20
2023-04-17,155,785718,785872,3.689796199704626e+20,3.689796203513461e+20
2023-04-18,166,785873,786038,3.9516527041997924e+20,3.9516527118174506e+20
2023-04-19,139,786039,786177,3.30891401134802e+20,3.3089140189656744e+20
2023-04-20,133,786178,786310,3.195188332190467e+20,3.1951883283466394e+20
2023-04-21,145,786311,786455,3.5111849096443553e+20,3.51118489414672e+20
2023-04-22,149,786456,786604,3.608045183013854e+20,3.6080451752650414e+20
2023-04-23,147,786605,786751,3.5596150463291045e+20,3.559615034705881e+20
2023-04-24,141,786752,786892,3.4143246362748564e+20,3.414324647898097e+20
2023-04-25,125,786893,787017,3.026883542796861e+20,3.026883558294509e+20
2023-04-26,130,787018,787147,3.1479588845087346e+20,3.1479588922575625e+20
2023-04-27,130,787148,787277,3.1479588845087346e+20,3.1479588922575625e+20
2023-04-28,147,787278,787424,3.5596150463291045e+20,3.559615034705881e+20
2023-04-29,137,787425,787561,3.3174643629053575e+20,3.317464366779776e+20
2023-04-30,148,787562,787709,3.5838301146714794e+20,3.583830122420311e+20
2023-05-01,182,787710,787891,4.40714243831222e+20,4.407142442186647e+20
2023-05-02,129,787892,788020,3.12374381616636e+20,3.123743804543132e+20
2023-05-03,141,788021,788161,3.4143246362748564e+20,3.414324647898097e+20
2023-05-04,146,788162,788307,3.5171278124933186e+20,3.517127816347697e+20
2023-05-05,119,788308,788426,2.8397779847865087e+20,2.8397779886046904e+20
2023-05-06,149,788427,788575,3.555688401119243e+20,3.555688393482855e+20
2023-05-07,139,788576,788714,3.3170515956749985e+20,3.3170516033113666e+20
2023-05-08,137,788715,788851,3.2693242345861494e+20,3.269324238404329e+20
2023-05-09,151,788852,789002,3.603415762208092e+20,3.603415758389893e+20
2023-05-10,170,789003,789172,4.0568256925521576e+20,4.0568257078249003e+20
2023-05-11,151,789173,789323,3.603415762208092e+20,3.603415758389893e+20
2023-05-12,141,789324,789464,3.364778956763848e+20,3.364778968218404e+20
2023-05-13,145,789465,789609,3.4602336789415454e+20,3.46023366366878e+20
2023-05-14,174,789610,789783,4.152280414729856e+20,4.152280403275276e+20
2023-05-15,147,789784,789930,3.5079610400303946e+20,3.507961028575817e+20
2023-05-16,153,789931,790083,3.6511431232969415e+20,3.6511431232969304e+20
2023-05-17,160,790084,790243,3.818188887107913e+20,3.818188883289712e+20
2023-05-18,141,790244,790384,3.45151894397972e+20,3.451518955729567e+20
2023-05-19,150,790385,790534,3.6946936576139434e+20,3.694693669436957e+20
2023-05-20,131,790535,790665,3.2266991276495084e+20,3.226699119767492e+20
2023-05-21,151,790666,790816,3.7193249486647034e+20,3.71932494472369e+20
2023-05-22,144,790817,790960,3.546905911309385e+20,3.54690591130938e+20
2023-05-23,154,790961,791114,3.7932188218169826e+20,3.793218806052949e+20
2023-05-24,141,791115,791255,3.473012038157106e+20,3.473012049980121e+20
2023-05-25,151,791256,791406,3.7193249486647034e+20,3.71932494472369e+20
2023-05-26,153,791407,791559,3.7685875307662226e+20,3.768587530766216e+20
2023-05-27,145,791560,791704,3.571537202360145e+20,3.571537186596113e+20
2023-05-28,160,791705,791864,3.941006568121541e+20,3.941006564180527e+20
2023-05-29,162,791865,792026,3.990269150223061e+20,3.990269150223052e+20
2023-05-30,154,792027,792180,3.7932188218169826e+20,3.793218806052949e+20
2023-05-31,141,792181,792321,3.501484894158446e+20,3.5014849060783935e+20
2023-06-01,132,792322,792453,3.361872094940782e+20,3.3618721071657655e+20
2023-06-02,164,792454,792617,4.176871390684003e+20,4.1768713947589915e+20
2023-06-03,130,792618,792747,3.310934638956831e+20,3.310934647106818e+20
2023-06-04,148,792748,792895,3.7693717428123927e+20,3.769371750962378e+20
2023-06-05,138,792896,793033,3.5146844628926366e+20,3.51468445066764e+20
2023-06-06,151,793034,793184,3.84577792678832e+20,3.845777922713316e+20
2023-06-07,135,793185,793319,3.4382782789167094e+20,3.438278278916703e+20
2023-06-08,154,793320,793473,3.922184110764246e+20,3.922184094464253e+20
2023-06-09,169,793474,793642,4.304215030643881e+20,4.3042150265688765e+20
2023-06-10,154,793643,793796,3.922184110764246e+20,3.922184094464253e+20
2023-06-11,163,793797,793959,4.151402662692027e+20,4.151402646392034e+20
2023-06-12,157,793960,794116,3.9985902947401735e+20,3.998590302890159e+20
2023-06-13,147,794117,794263,3.743903014820417e+20,3.7439030025954204e+20
2023-06-14,121,794264,794384,3.1266562327341426e+20,3.1266562410029915e+20
2023-06-15,148,794385,794532,3.8514846016315746e+20,3.8514846099591214e+20
2023-06-16,153,794533,794685,3.9816023246596676e+20,3.9816023246596814e+20
2023-06-17,140,794686,794825,3.643296244786625e+20,3.643296236459102e+20
2023-06-18,151,794826,794976,3.92955523544843e+20,3.9295552312846765e+20
2023-06-19,142,794977,795118,3.6953433339978626e+20,3.695343329834107e+20
2023-06-20,136,795119,795254,3.539202066364151e+20,3.5392020497090924e+20
2023-06-21,121,795255,795375,3.148848897279872e+20,3.148848905607413e+20
2023-06-22,137,795376,795512,3.5652256109697696e+20,3.565225615133547e+20
2023-06-23,125,795513,795637,3.252943075702346e+20,3.252943092357423e+20
2023-06-24,146,795638,795783,3.799437512420337e+20,3.7994375165841166e+20
2023-06-25,153,795784,795936,3.9816023246596676e+20,3.9816023246596814e+20
2023-06-26,146,795937,796082,3.799437512420337e+20,3.7994375165841166e+20
2023-06-27,140,796083,796222,3.643296244786625e+20,3.643296236459102e+20
2023-06-28,108,796223,796330,2.8012238502596608e+20,2.801223850259662e+20
2023-06-29,146,796331,796476,3.675749403012433e+20,3.6757494070406565e+20
2023-06-30,158,796477,796634,3.977865792301127e+20,3.9778657842446945e+20
2023-07-01,133,796635,796767,3.3484566479496826e+20,3.3484566439214685e+20
2023-07-02,171,796768,796938,4.3051585473638774e+20,4.305158547363883e+20
2023-07-03,137,796939,797075,3.449162111045914e+20,3.4491621150741365e+20
2023-07-04,141,797076,797216,3.549867574142145e+20,3.549867586226805e+20
2023-07-05,156,797217,797372,3.927513060753011e+20,3.9275130486683605e+20
2023-07-06,139,797373,797511,3.499514842594029e+20,3.499514850650471e+20
2023-07-07,175,797512,797686,4.4058640104601086e+20,4.405864018516551e+20
2023-07-08,178,797687,797864,4.481393107782282e+20,4.481393103754069e+20
2023-07-09,169,797865,798033,4.254805815815762e+20,4.2548058117875486e+20
2023-07-10,154,798034,798187,3.8771603292048956e+20,3.8771603130920265e+20
2023-07-11,135,798188,798322,3.398809379497798e+20,3.3988093794978025e+20
2023-07-12,144,798323,798466,3.838012774233724e+20,3.8380127742337135e+20
2023-07-13,120,798467,798586,3.215926735118444e+20,3.215926722254732e+20
2023-07-14,138,798587,798724,3.6983157453862135e+20,3.6983157325224975e+20
2023-07-15,138,798725,798862,3.6983157453862135e+20,3.6983157325224975e+20
2023-07-16,155,798863,799017,4.153905366194663e+20,4.1539053704825523e+20
2023-07-17,136,799018,799153,3.644716966467572e+20,3.644716949315955e+20
2023-07-18,162,799154,799315,4.341501092409906e+20,4.3415010924098925e+20
2023-07-19,148,799316,799463,3.966309639979419e+20,3.966309648555213e+20
2023-07-20,128,799464,799591,3.430321850793008e+20,3.4303218550809035e+20
2023-07-21,112,799592,799703,3.0015316194438794e+20,3.001531628019681e+20
2023-07-22,134,799704,799837,3.5911181875489315e+20,3.591118204700533e+20
2023-07-23,147,799838,799984,3.939510250520098e+20,3.939510237656381e+20
2023-07-24,150,799985,800134,4.01990841889806e+20,4.019908431761756e+20
2023-07-25,138,800135,800272,3.6983157453862135e+20,3.6983157325224975e+20
2023-07-26,144,800273,800416,3.8079671935454845e+20,3.807967193545481e+20
2023-07-27,138,800417,800554,3.5897312126733346e+20,3.589731200187306e+20
2023-07-28,140,800555,800694,3.6417563027120783e+20,3.641756294388057e+20
2023-07-29,132,800695,800826,3.433655942557102e+20,3.433655955043117e+20
2023-07-30,168,800827,800994,4.3701075632544947e+20,4.370107575740507e+20
2023-07-31,141,800995,801135,3.66776884773145e+20,3.667768860217465e+20
2023-08-01,139,801136,801274,3.6157437576927065e+20,3.615743766016714e+20
2023-08-02,154,801275,801428,4.005931932983287e+20,4.0059319163352495e+20
2023-08-03,151,801429,801579,3.9278942979251706e+20,3.9278942937631556e+20
2023-08-04,121,801580,801700,3.14751794734401e+20,3.147517955668019e+20
2023-08-05,154,801701,801854,4.005931932983287e+20,4.0059319163352495e+20
2023-08-06,164,801855,802018,4.2660573831770066e+20,4.2660573873390046e+20
2023-08-07,146,802019,802164,3.797831572828311e+20,3.79783157699031e+20
2023-08-08,125,802165,802289,3.251568127421498e+20,3.2515681440695216e+20
2023-08-09,162,802290,802451,4.216657403548985e+20,4.2166574035489954e+20
2023-08-10,127,802452,802578,3.3075621343907565e+20,3.307562117722732e+20
2023-08-11,151,802579,802729,3.9326132464016045e+20,3.932613242234607e+20
2023-08-12,167,802730,802896,4.3493139877421705e+20,4.349313979408168e+20
2023-08-13,135,802897,803031,3.515912505061039e+20,3.515912505061046e+20
2023-08-14,171,803032,803202,4.4534891730773115e+20,4.4534891730773246e+20
2023-08-15,171,803203,803373,4.4534891730773115e+20,4.4534891730773246e+20
2023-08-16,163,803374,803536,4.245138802407029e+20,4.245138785739011e+20
2023-08-17,156,803537,803692,4.0628322280705314e+20,4.062832215569519e+20
2023-08-18,139,803693,803831,3.620087690396181e+20,3.6200876987302026e+20
2023-08-19,140,803832,803971,3.646131486729966e+20,3.646131478395959e+20
2023-08-20,162,803972,804133,4.2190950060732436e+20,4.219095006073255e+20
2023-08-21,165,804134,804298,4.2972263950746e+20,4.297226382573589e+20
2023-08-22,143,804299,804441,3.8173977398808314e+20,3.8173977569656734e+20
2023-08-23,142,804442,804583,3.9262389192118174e+20,3.926238914787874e+20
2023-08-24,139,804584,804722,3.843290209651004e+20,3.8432902184988554e+20
2023-08-25,135,804723,804857,3.732691930236586e+20,3.7326919302365754e+20
2023-08-26,137,804858,804994,3.787991069943795e+20,3.7879910743677154e+20
2023-08-27,116,804995,805110,3.207350103018101e+20,3.207350120713819e+20
2023-08-28,118,805111,805228,3.26264924272531e+20,3.262649225029578e+20
2023-08-29,158,805229,805386,4.368632036869489e+20,4.3686320280216116e+20
2023-08-30,126,805387,805512,3.4838458015541454e+20,3.4838458015541376e+20
2023-08-31,144,805513,805656,3.9815380589190264e+20,3.9815380589190146e+20
2023-09-01,151,805657,805807,4.175085047894258e+20,4.175085043470313e+20
2023-09-02,152,805808,805959,4.202734617747862e+20,4.202734635443573e+20
2023-09-03,158,805960,806117,4.368632036869489e+20,4.3686320280216116e+20
2023-09-04,149,806118,806266,4.119785908187049e+20,4.119785899339173e+20
2023-09-05,124,806267,806390,3.4285466618469365e+20,3.4285466574229976e+20
2023-09-06,135,806391,806525,3.640537032546238e+20,3.640537032546238e+20
2023-09-07,146,806526,806671,3.930054539397736e+20,3.930054543704645e+20
2023-09-08,133,806672,806804,3.580118176300677e+20,3.580118171993768e+20
2023-09-09,151,806805,806955,4.06464544828122e+20,4.064645443974311e+20
2023-09-10,147,806956,807102,3.956972721174433e+20,3.956972708253705e+20
2023-09-11,159,807103,807261,4.279990902494795e+20,4.279990915415522e+20
2023-09-12,141,807262,807402,3.795463630514252e+20,3.7954636434349785e+20
2023-09-13,147,807403,807549,3.956972721174433e+20,3.956972708253705e+20
2023-09-14,162,807550,807711,4.360745447824885e+20,4.3607454478248844e+20
2023-09-15,188,807712,807899,5.060618174019003e+20,5.0606181912466384e+20
2023-09-16,155,807900,808054,4.172318175388008e+20,4.172318179694916e+20
2023-09-17,149,808055,808203,4.010809084727827e+20,4.0108090761140077e+20
2023-09-18,156,808204,808359,4.199236357164704e+20,4.199236344243976e+20
2023-09-19,139,808360,808498,3.864156868618443e+20,3.8641568775143496e+20
2023-09-20,146,808499,808644,4.1455885374942144e+20,4.145588542037332e+20
2023-09-21,138,808645,808782,3.918433001193162e+20,3.918432987563836e+20
2023-09-22,129,808783,808911,3.662883022854479e+20,3.662883009225151e+20
2023-09-23,156,808912,809067,4.429532957870529e+20,4.429532944241206e+20
2023-09-24,146,809068,809213,4.1455885374942144e+20,4.145588542037332e+20
2023-09-25,145,809214,809358,4.117194095456583e+20,4.117194077284147e+20
2023-09-26,136,809359,809494,3.861644117117899e+20,3.861644098945462e+20
2023-09-27,157,809495,809651,4.457927399908161e+20,4.457927408994391e+20
2023-09-28,146,809652,809797,4.1455885374942144e+20,4.145588542037332e+20
2023-09-29,147,809798,809944,4.173982979531846e+20,4.173982965902521e+20
2023-09-30,138,809945,810082,3.918433001193162e+20,3.918432987563836e+20
2023-10-01,141,810083,810223,4.003616327306057e+20,4.003616340935395e+20
2023-10-02,157,810224,810380,4.457927399908161e+20,4.457927408994391e+20
2023-10-03,164,810381,810544,4.6680149654276125e+20,4.668014969981775e+20
2023-10-04,131,810545,810675,3.732802594846019e+20,3.732802585727724e+20
2023-10-05,141,810676,810816,4.0177493578113633e+20,4.0177493714888104e+20
2023-10-06,160,810817,810976,4.559148207445519e+20,4.559148202886373e+20
2023-10-07,171,810977,811147,4.8725896467073984e+20,4.8725896467074004e+20
2023-10-08,148,811148,811295,4.217212091887105e+20,4.217212101005403e+20
2023-10-09,156,811296,811451,4.445169502259381e+20,4.4451694885819384e+20
2023-10-10,162,811452,811613,4.6161375600385884e+20,4.61613756003859e+20
2023-10-11,160,811614,811773,4.559148207445519e+20,4.559148202886373e+20
2023-10-12,165,811774,811938,4.7016215889281915e+20,4.701621575250749e+20
2023-10-13,138,811939,812076,3.9322653289217596e+20,3.932265315244317e+20
2023-10-14,146,812077,812222,4.1602227392940356e+20,4.160222743853186e+20
2023-10-15,167,812223,812389,4.758610941521261e+20,4.758610932402966e+20
2023-10-16,141,812390,812530,4.170788100561998e+20,4.170788114760414e+20
2023-10-17,162,812531,812692,4.914839684443433e+20,4.914839684443417e+20
2023-10-18,145,812693,812837,4.3990849027425776e+20,4.3990848833259137e+20
2023-10-19,140,812838,812977,4.2473923198893844e+20,4.247392310181047e+20
2023-10-20,134,812978,813111,4.065361220465553e+20,4.0653612398821927e+20
2023-10-21,150,813112,813261,4.55077748559577e+20,4.550777500158244e+20
2023-10-22,153,813262,813414,4.641793035307686e+20,4.641793035307671e+20
2023-10-23,157,813415,813571,4.7631471015902406e+20,4.7631471112985503e+20
2023-10-24,126,813572,813697,3.822653087900444e+20,3.822653087900435e+20
2023-10-25,144,813698,813841,4.368746386171939e+20,4.3687463861719256e+20
2023-10-26,150,813842,813991,4.55077748559577e+20,4.550777500158244e+20
2023-10-27,154,813992,814145,4.6721315518783246e+20,4.672131532461659e+20
2023-10-28,160,814146,814305,4.854162651302156e+20,4.854162646447977e+20
2023-10-29,137,814306,814442,4.156376770177469e+20,4.15637677503162e+20
2023-10-30,156,814443,814598,4.828961473034028e+20,4.828961458175682e+20
2023-10-31,155,814599,814753,4.812867828761826e+20,4.812867833729944e+20
2023-11-01,149,814754,814902,4.6265632676484665e+20,4.6265632577122186e+20
2023-11-02,144,814903,815046,4.4713094667206676e+20,4.471309466720661e+20
2023-11-03,136,815047,815182,4.222903385236185e+20,4.222903365363693e+20
2023-11-04,168,815183,815350,5.216527711174103e+20,5.216527726078469e+20
2023-11-05,163,815351,815513,5.061273910246304e+20,5.061273890373817e+20
2023-11-06,127,815514,815640,3.943446543566143e+20,3.9434465236936524e+20
2023-11-07,133,815641,815773,4.129751104679504e+20,4.129751099711378e+20
2023-11-08,149,815774,815922,4.6265632676484665e+20,4.6265632577122186e+20
2023-11-09,143,815923,816065,4.440258706535107e+20,4.440258726407588e+20
2023-11-10,154,816066,816219,4.781817068576266e+20,4.781817048703776e+20
2023-11-11,160,816220,816379,4.9681216296896247e+20,4.968121624721502e+20
2023-11-12,161,816380,816540,5.066341942331067e+20,5.06634196247056e+20
2023-11-13,121,816541,816661,3.890379947160351e+20,3.890379957448952e+20
2023-11-14,138,816662,816799,4.436962253786188e+20,4.436962238353265e+20
2023-11-15,148,816800,816947,4.7584812576837344e+20,4.758481267972334e+20
2023-11-16,148,816948,817095,4.7584812576837344e+20,4.758481267972334e+20
2023-11-17,150,817096,817245,4.822785058463243e+20,4.822785073896148e+20
2023-11-18,149,817246,817394,4.790633158073489e+20,4.7906331477848726e+20
2023-11-19,170,817395,817564,5.465823066258336e+20,5.46582308683555e+20
2023-11-20,166,817565,817730,5.3372154646993175e+20,5.337215474987922e+20
2023-11-21,152,817731,817882,4.887088859242753e+20,4.887088879819962e+20
2023-11-22,142,817883,818024,4.565569855345207e+20,4.5655698502008924e+20
2023-11-23,147,818025,818171,4.7263293572939796e+20,4.726329341861059e+20
2023-11-24,168,818172,818339,5.4015192654788264e+20,5.4015192809117365e+20
2023-11-25,159,818340,818498,5.1170424631775324e+20,5.1170424786252025e+20
2023-11-26,146,818499,818644,4.93217211562039e+20,4.9321721210255016e+20
2023-11-27,130,818645,818774,4.3916601029496616e+20,4.391660113759895e+20
2023-11-28,147,818775,818921,4.96595411641231e+20,4.9659541001969415e+20
2023-11-29,136,818922,819057,4.594352107701185e+20,4.5943520860806965e+20
2023-11-30,134,819058,819191,4.5267881061173435e+20,4.526788127737817e+20
2023-12-01,169,819192,819360,5.709158133834561e+20,5.709158128429431e+20
2023-12-02,127,819361,819487,4.2903141005739006e+20,4.290314078953413e+20
2023-12-03,165,819488,819652,5.574030130666879e+20,5.5740301144515084e+20
2023-12-04,155,819653,819807,5.236210122747674e+20,5.236210128152785e+20
2023-12-05,138,819808,819945,4.6619161092850254e+20,4.6619160930696574e+20
2023-12-06,136,819946,820081,4.594352107701185e+20,4.5943520860806965e+20
2023-12-07,115,820082,820196,3.884930091070854e+20,3.884930085665729e+20
2023-12-08,135,820197,820331,4.5605701069092644e+20,4.5605701069092566e+20
2023-12-09,157,820332,820488,5.3037741243315146e+20,5.3037741351417466e+20
2023-12-10,140,820489,820628,4.691565910541236e+20,4.6915658998176645e+20
2023-12-11,158,820629,820786,5.286355752031431e+20,5.28635574132489e+20
2023-12-12,144,820787,820930,4.8179444828640844e+20,4.8179444828640916e+20
2023-12-13,149,820931,821079,4.985234221852422e+20,4.9852342111458846e+20
2023-12-14,146,821080,821225,4.88486037845942e+20,4.8848603838126975e+20
2023-12-15,163,821226,821388,5.453645491019769e+20,5.453645469606683e+20
2023-12-16,152,821389,821540,5.085608065245425e+20,5.085608086658516e+20
2023-12-17,150,821541,821690,5.01869216965009e+20,5.01869218570991e+20
2023-12-18,168,821691,821858,5.6209352300081073e+20,5.620935246067921e+20
2023-12-19,162,821859,822020,5.4201875432221016e+20,5.420187543222103e+20
2023-12-20,145,822021,822165,4.851402430661752e+20,4.851402409248672e+20
2023-12-21,146,822166,822311,4.88486037845942e+20,4.8848603838126975e+20
2023-12-22,168,822312,822479,5.6209352300081073e+20,5.620935246067921e+20
2023-12-23,160,822480,822639,5.61495984550104e+20,5.614959839886068e+20
2023-12-24,171,822640,822810,6.120850875512717e+20,6.120850875512702e+20
2023-12-25,139,822811,822949,4.975428489451846e+20,4.9754285009060685e+20
2023-12-26,139,822950,823088,4.975428489451846e+20,4.9754285009060685e+20
2023-12-27,129,823089,823217,4.617483993807824e+20,4.617483976626491e+20
2023-12-28,121,823218,823338,4.3311283972926086e+20,4.331128408746837e+20
2023-12-29,151,823339,823489,5.404961884224673e+20,5.404961878497554e+20
2023-12-30,145,823490,823634,5.1901951868382596e+20,5.190195163929808e+20
2023-12-31,156,823635,823790,5.583934132046684e+20,5.583934114865339e+20
2024-01-01,155,823791,823945,5.5481396824822815e+20,5.548139688209385e+20
2024-01-02,131,823946,824076,4.6890728929366285e+20,4.689072881482407e+20
2024-01-03,158,824077,824234,5.655523031175488e+20,5.655523019721254e+20
2024-01-04,170,824235,824404,6.085056425948314e+20,6.085056448856747e+20
2024-01-05,138,824405,824542,4.939634039887444e+20,4.9396340227061075e+20
2024-01-06,140,824543,824682,5.093551493952822e+20,5.093551482310429e+20
2024-01-07,118,824683,824800,4.293635476531179e+20,4.293635453243672e+20
2024-01-08,123,824801,824923,4.4755691831638557e+20,4.475569200629499e+20
2024-01-09,152,824924,825075,5.53078468163338e+20,5.530784704920907e+20
2024-01-10,133,825076,825208,4.839436596429209e+20,4.83943659060734e+20
2024-01-11,173,825209,825381,6.294906249490622e+20,6.294906255312515e+20
2024-01-12,168,825382,825549,6.112972542857945e+20,6.112972560323595e+20
2024-01-13,159,825550,825708,5.785491870919127e+20,5.785491888384776e+20
2024-01-14,128,825709,825836,4.657502889796532e+20,4.6575028956184196e+20
2024-01-15,114,825837,825950,4.1480885112250375e+20,4.14808852869068e+20
2024-01-16,125,825951,826075,4.5483426658169265e+20,4.548342689104449e+20
2024-01-17,121,826076,826196,4.402795700510785e+20,4.40279571215455e+20
2024-01-18,142,826197,826338,5.166917268368027e+20,5.166917262546159e+20
2024-01-19,132,826339,826470,4.803049855102674e+20,4.803049872568318e+20
2024-01-20,143,826471,826613,5.1266894622924505e+20,5.126689485237081e+20
2024-01-21,140,826614,826753,4.8955134776354105e+20,4.895513466445661e+20
2024-01-22,160,826754,826913,5.5948725458690317e+20,5.5948725402741624e+20
2024-01-23,154,826914,827067,5.3850648253989454e+20,5.385064803019457e+20
2024-01-24,150,827068,827217,5.2451930117522214e+20,5.2451930285368384e+20
2024-01-25,181,827218,827398,6.329199567514335e+20,6.329199545134855e+20
2024-01-26,152,827399,827550,5.315128918575583e+20,5.315128940955074e+20
2024-01-27,171,827551,827721,5.979520033397523e+20,5.979520033397531e+20
2024-01-28,160,827722,827881,5.5948725458690317e+20,5.5948725402741624e+20
2024-01-29,156,827882,828037,5.455000732222308e+20,5.455000715437693e+20
2024-01-30,144,828038,828181,5.0353852912821345e+20,5.035385291282132e+20
2024-01-31,131,828182,828312,4.580801896930281e+20,4.580801885740528e+20
2024-02-01,153,828313,828465,5.350096871987264e+20,5.3500968719872655e+20
2024-02-02,188,828466,828653,6.773996623697054e+20,6.77399664675745e+20
2024-02-03,151,828654,828804,5.667381846284922e+20,5.667381840279739e+20
2024-02-04,155,828805,828959,5.81751116671631e+20,5.817511172721473e+20
2024-02-05,156,828960,829115,5.8550434968241576e+20,5.85504347880863e+20
2024-02-06,170,829116,829285,6.380496118334019e+20,6.380496142354699e+20
2024-02-07,160,829286,829445,6.005172817255546e+20,6.005172811250362e+20
2024-02-08,138,829446,829583,5.1794615548829073e+20,5.1794615368673814e+20
2024-02-09,166,829584,829749,6.23036679790263e+20,6.230366809912965e+20
2024-02-10,152,829750,829901,5.704914176392769e+20,5.70491420041345e+20
2024-02-11,137,829902,830038,5.14192922477506e+20,5.141929230780225e+20
2024-02-12,179,830039,830217,6.718287089304644e+20,6.718287113325322e+20
2024-02-13,135,830218,830352,5.0668645645593654e+20,5.066864564559358e+20
2024-02-14,139,830353,830491,5.2169938849907547e+20,5.2169938970010924e+20
2024-02-15,157,830492,830648,6.068907423922898e+20,6.068907436292629e+20
2024-02-16,134,830649,830782,5.443866164219562e+20,5.4438661902201166e+20
2024-02-17,150,830783,830932,6.093880034574143e+20,6.093880054074552e+20
2024-02-18,121,830933,831053,4.915729894556465e+20,4.9157299075567465e+20
2024-02-19,136,831054,831189,5.5251178980138844e+20,5.5251178720133284e+20
2024-02-20,141,831190,831330,5.728247232499691e+20,5.728247252000104e+20
2024-02-21,138,831331,831468,5.606369631808207e+20,5.606369612307789e+20
2024-02-22,135,831469,831603,5.4844920311167235e+20,5.4844920311167215e+20
2024-02-23,159,831604,831762,6.459512836648594e+20,6.459512856149e+20
2024-02-24,137,831763,831899,5.565743764911046e+20,5.565743771411183e+20
2024-02-25,164,831900,832063,6.6626421711344e+20,6.662642177634527e+20
2024-02-26,133,832064,832196,5.403240297322401e+20,5.403240290822261e+20
2024-02-27,129,832197,832325,5.240736829733755e+20,5.240736810233341e+20
2024-02-28,149,832326,832474,6.053254167676981e+20,6.053254154676698e+20
2024-02-29,133,832475,832607,5.403240297322401e+20,5.403240290822261e+20
2024-03-01,154,832608,832761,6.074639256595227e+20,6.074639231349979e+20
2024-03-02,127,832762,832888,5.009605101218151e+20,5.009605075972892e+20
2024-03-03,155,832889,833043,6.114084966053637e+20,6.114084972364956e+20
2024-03-04,129,833044,833172,5.088496520134971e+20,5.088496501201027e+20
2024-03-05,167,833173,833339,6.58743347955456e+20,6.587433466931944e+20
2024-03-06,140,833340,833479,5.522399324177484e+20,5.5223993115548575e+20
2024-03-07,180,833480,833659,7.100227702513892e+20,7.100227702513908e+20
2024-03-08,154,833660,833813,6.074639256595227e+20,6.074639231349979e+20
2024-03-09,163,833814,833976,6.429650641720919e+20,6.429650616475674e+20
2024-03-10,143,833977,834119,5.6407364525527145e+20,5.6407364777979694e+20
2024-03-11,170,834120,834289,6.70577060792979e+20,6.705770633175056e+20
2024-03-12,141,834290,834430,5.561845033635894e+20,5.561845052569835e+20
2024-03-13,160,834431,834590,6.311313513345689e+20,6.311313507034383e+20
2024-03-14,141,834591,834731,5.8086276831450084e+20,5.808627702919041e+20
2024-03-15,127,834732,834858,5.2998032168445975e+20,5.299803190136912e+20
2024-03-16,144,834859,835002,6.009225694689939e+20,6.009225694689919e+20
2024-03-17,146,835003,835148,6.092687162671744e+20,6.09268716934864e+20
2024-03-18,144,835149,835292,6.009225694689939e+20,6.009225694689919e+20
2024-03-19,157,835293,835449,6.551725236571671e+20,6.551725249925482e+20
2024-03-20,149,835450,835598,6.217879364644451e+20,6.217879351290596e+20
2024-03-21,120,835599,835718,5.00768807890828e+20,5.0076880588775136e+20
2024-03-22,135,835719,835853,5.633649088771817e+20,5.6336490887717985e+20
2024-03-23,156,835854,836009,6.509994502580769e+20,6.509994482549993e+20
2024-03-24,170,836010,836179,7.094224778453402e+20,7.094224805161046e+20
2024-03-25,132,836180,836311,5.508456886799109e+20,5.508456906829845e+20
2024-03-26,134,836312,836445,5.591918354780914e+20,5.5919183814885664e+20
2024-03-27,136,836446,836581,5.675379822762719e+20,5.675379796055032e+20
2024-03-28,152,836582,836733,6.304712095670006e+20,6.304712122216165e+20
2024-03-29,144,836734,836877,5.950462249834742e+20,5.950462249834744e+20
2024-03-30,155,836878,837032,6.405011449474892e+20,6.405011456086523e+20
2024-03-31,137,837033,837169,5.661203668245555e+20,5.6612036748571804e+20
2024-04-01,150,837170,837319,6.198398176911188e+20,6.198398196746065e+20
2024-04-02,148,837320,837467,6.115752867885706e+20,6.115752881108959e+20
2024-04-03,142,837468,837609,5.86781694080926e+20,5.8678169341976366e+20
2024-04-04,138,837610,837747,5.702526322758296e+20,5.702526302923423e+20
2024-04-05,148,837748,837895,6.115752867885706e+20,6.115752881108959e+20
2024-04-06,155,837896,838050,6.405011449474892e+20,6.405011456086523e+20
2024-04-07,170,838051,838220,7.024851267166007e+20,7.024851293612516e+20
2024-04-08,158,838221,838378,6.528979413013116e+20,6.528979399789874e+20
2024-04-09,146,838379,838524,6.033107558860224e+20,6.033107565471852e+20
2024-04-10,151,838525,838675,6.272147452586198e+20,6.272147445940203e+20
2024-04-11,132,838676,838807,5.6686060953527386e+20,5.668606115965838e+20
2024-04-12,136,838808,838943,5.8403820376361566e+20,5.840382010151991e+20
2024-04-13,164,838944,839107,7.042813633620081e+20,7.04281364049109e+20
2024-04-14,157,839108,839264,6.7422057346241e+20,6.74220574836615e+20
2024-04-15,141,839265,839405,6.05510196549043e+20,6.055101986103525e+20
2024-04-16,165,839406,839570,7.085757619190936e+20,7.085757598577793e+20
2024-04-17,137,839571,839707,5.883326023207011e+20,5.883326030078033e+20
2024-04-18,145,839708,839852,6.226877907773847e+20,6.226877880289676e+20
2024-04-19,151,839853,840003,6.484541821198974e+20,6.484541814327914e+20
2024-04-20,130,840004,840133,5.58271812421103e+20,5.582718137953093e+20
2024-04-21,140,840134,840273,6.012157979919575e+20,6.012157966177483e+20
2024-04-22,152,840274,840425,6.527485806769828e+20,6.527485834253957e+20
2024-04-23,168,840426,840593,7.2145895759035e+20,7.214589596516581e+20
2024-04-24,155,840594,840748,6.721986858458664e+20,6.721986865397469e+20
2024-04-25,143,840749,840891,6.26294682730236e+20,6.26294685533232e+20
2024-04-26,133,840892,841024,5.824978517700792e+20,5.824978510693291e+20
2024-04-27,140,841025,841164,6.13155633442189e+20,6.131556320406894e+20
2024-04-28,140,841165,841304,6.13155633442189e+20,6.131556320406894e+20
2024-04-29,131,841305,841435,5.737384855780479e+20,5.737384841765486e+20
2024-04-30,141,841436,841576,6.175353165382046e+20,6.175353186404514e+20
2024-05-01,132,841577,841708,5.7811816867406355e+20,5.781181707763108e+20
2024-05-02,145,841709,841853,6.350540489222673e+20,6.350540461192688e+20
2024-05-03,129,841854,841982,5.6497911938601655e+20,5.649791172837681e+20
2024-05-04,141,841983,842123,6.175353165382046e+20,6.175353186404514e+20
2024-05-05,139,842124,842262,6.087759503461733e+20,6.087759517476709e+20
2024-05-06,122,842263,842384,5.343213377139069e+20,5.34321336312408e+20
2024-05-07,122,842385,842506,5.343213377139069e+20,5.34321336312408e+20
2024-05-08,127,842507,842633,5.562197531939852e+20,5.562197503909875e+20
2024-05-09,145,842634,842778,6.12635658355121e+20,6.126356556510732e+20
2024-05-10,145,842779,842923,5.99332437579013e+20,5.993324349336824e+20
2024-05-11,159,842924,843082,6.571990177590558e+20,6.571990197430513e+20
2024-05-12,132,843083,843214,5.455991845546877e+20,5.455991865386836e+20
2024-05-13,147,843215,843361,6.075990918904477e+20,6.075990899064494e+20
2024-05-14,136,843362,843497,5.621324931775571e+20,5.6213249053222647e+20
2024-05-15,141,843498,843638,5.827991289561437e+20,5.827991309401395e+20
2024-05-16,142,843639,843780,5.869324561118611e+20,5.869324554505274e+20
2024-05-17,155,843781,843935,6.406657091361864e+20,6.406657097975173e+20
2024-05-18,128,843936,844063,5.290658759318184e+20,5.290658765931497e+20
2024-05-19,154,844064,844217,6.365323819804691e+20,6.365323793351383e+20
2024-05-20,156,844218,844373,6.447990362919038e+20,6.447990343079053e+20
2024-05-21,138,844374,844511,5.703991474889918e+20,5.7039914550499344e+20
2024-05-22,153,844512,844664,6.323990548247518e+20,6.323990548247503e+20
2024-05-23,169,844665,844833,7.065010373174394e+20,7.065010366485612e+20
2024-05-24,160,844834,844993,6.711400347624163e+20,6.711400340912753e+20
2024-05-25,160,844994,845153,6.711400347624163e+20,6.711400340912753e+20
2024-05-26,168,845154,845321,7.046970365005374e+20,7.04697038513956e+20
2024-05-27,123,845322,845444,5.159389017236066e+20,5.159389037370268e+20
2024-05-28,134,845445,845578,5.62079779113523e+20,5.62079781798083e+20
2024-05-29,137,845579,845715,5.7466365476531844e+20,5.746636554364581e+20
2024-05-30,123,845716,845838,5.159389017236066e+20,5.159389037370268e+20
2024-05-31,148,845839,845986,6.208045321552348e+20,6.208045334975142e+20
2024-06-01,141,845987,846127,5.914421556343789e+20,5.914421576477986e+20
2024-06-02,140,846128,846267,5.872475304171138e+20,5.872475290748333e+20
2024-06-03,157,846268,846424,6.58556159110621e+20,6.585561604529e+20
2024-06-04,134,846425,846558,5.62079779113523e+20,5.62079781798083e+20
2024-06-05,123,846559,846681,5.159389017236066e+20,5.159389037370268e+20
2024-06-06,133,846682,846814,5.547456193918863e+20,5.547456187245225e+20
2024-06-07,142,846815,846956,5.909440029608984e+20,5.909440022950456e+20
2024-06-08,172,846957,847128,7.157913275301014e+20,7.157913248666921e+20
2024-06-09,153,847129,847281,6.367213553029395e+20,6.367213553029393e+20
2024-06-10,139,847282,847420,5.7845927050397804e+20,5.784592718356823e+20
2024-06-11,123,847421,847543,5.118740307337365e+20,5.118740327312927e+20
2024-06-12,146,847544,847689,6.075903129034588e+20,6.075903135693107e+20
2024-06-13,145,847690,847834,6.034287354178187e+20,6.034287327544088e+20
2024-06-14,128,847835,847962,5.32681918161937e+20,5.326819188277885e+20
2024-06-15,134,847963,848096,5.5765138307577754e+20,5.5765138573918654e+20
2024-06-16,163,848097,848259,6.783371301593405e+20,6.78337127495931e+20
2024-06-17,140,848260,848399,5.826208479896182e+20,5.826208466579128e+20
2024-06-18,152,848400,848551,6.325597778172994e+20,6.325597804807088e+20
2024-06-19,137,848552,848688,5.701361155326979e+20,5.701361161985496e+20
2024-06-20,133,848689,848821,5.5331284892658355e+20,5.533128482609435e+20
2024-06-21,140,848822,848961,5.823327790024379e+20,5.823327776713909e+20
2024-06-22,152,848962,849113,6.322470172026469e+20,6.322470198647388e+20
2024-06-23,112,849114,849225,4.658662232019503e+20,4.6586622453299616e+20
2024-06-24,152,849226,849377,6.322470172026469e+20,6.322470198647388e+20
2024-06-25,124,849378,849501,5.1578046140215925e+20,5.1578046073663554e+20
2024-06-26,121,849502,849622,5.03301901852107e+20,5.033019031831529e+20
2024-06-27,130,849623,849752,5.407375805022638e+20,5.407375818333095e+20
2024-06-28,135,849753,849887,5.615351797523508e+20,5.615351797523502e+20
2024-06-29,157,849888,850044,6.530446164527339e+20,6.530446177837797e+20
2024-06-30,121,850045,850165,5.03301901852107e+20,5.033019031831529e+20
2024-07-01,141,850166,850306,5.8649229885245535e+20,5.864923008490242e+20
2024-07-02,148,850307,850454,6.156089378025772e+20,6.15608939133623e+20
2024-07-03,145,850455,850599,6.03130378252525e+20,6.031303755904316e+20
2024-07-04,140,850600,850739,5.823327790024379e+20,5.823327776713909e+20
2024-07-05,121,850740,850860,4.8065254592091626e+20,4.806525471920645e+20
2024-07-06,165,850861,851025,6.520350529717145e+20,6.520350510748853e+20
2024-07-07,141,851026,851166,5.571935907212828e+20,5.571935926181126e+20
2024-07-08,159,851167,851325,6.283246874091066e+20,6.28324689305936e+20
2024-07-09,154,851326,851479,6.085660494402666e+20,6.085660469111612e+20
2024-07-10,136,851480,851615,5.374349527524428e+20,5.3743495022333775e+20
2024-07-11,140,851616,851755,5.5324186312751474e+20,5.532418618629625e+20
2024-07-12,150,851756,851905,5.927591390651946e+20,5.927591409620242e+20
2024-07-13,154,851906,852059,6.085660494402666e+20,6.085660469111612e+20
2024-07-14,167,852060,852226,6.599385081592506e+20,6.599385068946977e+20
2024-07-15,153,852227,852379,6.046143218464986e+20,6.04614321846499e+20
2024-07-16,147,852380,852526,5.809039562838907e+20,5.8090395438706183e+20
2024-07-17,159,852527,852685,6.283246874091066e+20,6.28324689305936e+20
2024-07-18,129,852686,852814,5.157365537883415e+20,5.1573655186932256e+20
2024-07-19,147,852815,852961,5.99556361523558e+20,5.995563595658232e+20
2024-07-20,165,852962,853126,6.729714261999114e+20,6.729714242421774e+20
2024-07-21,169,853127,853295,6.892858850168787e+20,6.892858843643015e+20
2024-07-22,179,853296,853474,7.300720320592974e+20,7.300720346696122e+20
2024-07-23,169,853475,853643,6.892858850168787e+20,6.892858843643015e+20
2024-07-24,140,853644,853783,5.71006058593865e+20,5.710060572887083e+20
2024-07-25,163,853784,853946,6.648141967914276e+20,6.648141941811152e+20
2024-07-26,160,853947,854106,6.52578352678702e+20,6.525783520261246e+20
2024-07-27,154,854107,854260,6.28106664453251e+20,6.281066618429382e+20
2024-07-28,148,854261,854408,6.036349762277999e+20,6.036349775329569e+20
2024-07-29,178,854409,854586,7.259934173550555e+20,7.259934167024786e+20
2024-07-30,150,854587,854736,6.117922056362835e+20,6.117922075940191e+20
2024-07-31,141,854737,854877,6.153581819297961e+20,6.153581840246311e+20
2024-08-01,140,854878,855017,6.3098787996021e+20,6.309878785179506e+20
2024-08-02,125,855018,855142,5.633820356787589e+20,5.633820385632738e+20
2024-08-03,135,855143,855277,6.084525985330596e+20,6.084525985330585e+20
2024-08-04,143,855278,855420,6.445090488165002e+20,6.445090517010148e+20
2024-08-05,156,855421,855576,7.031007805270912e+20,7.031007783637026e+20
2024-08-06,140,855577,855716,6.3098787996021e+20,6.309878785179506e+20
2024-08-07,122,855717,855838,5.4986086682246867e+20,5.498608653802096e+20
2024-08-08,129,855839,855967,5.814102608204792e+20,5.81410258657091e+20
2024-08-09,130,855968,856097,5.8591731710590924e+20,5.8591731854816615e+20
2024-08-10,129,856098,856226,5.814102608204792e+20,5.81410258657091e+20
2024-08-11,161,856227,856387,7.256360619542416e+20,7.256360648387561e+20
2024-08-12,137,856388,856524,6.174667111039198e+20,6.174667118250475e+20
2024-08-13,149,856525,856673,6.715513865290807e+20,6.715513850868211e+20
2024-08-14,132,856674,856805,5.937995184317524e+20,5.937995205910221e+20
2024-08-15,160,856806,856965,6.909447058016884e+20,6.909447051107434e+20
2024-08-16,142,856966,857107,6.132134263989986e+20,6.132134257080534e+20
2024-08-17,149,857108,857256,6.434422572778224e+20,6.434422558959327e+20
2024-08-18,156,857257,857412,6.736710881566463e+20,6.736710860838117e+20
2024-08-19,130,857413,857542,5.613925734638719e+20,5.61392574845761e+20
2024-08-20,150,857543,857692,6.47760661689083e+20,6.477606637619168e+20
2024-08-21,147,857693,857839,6.348054484553012e+20,6.348054463824668e+20
2024-08-22,160,857840,857999,6.909447058016884e+20,6.909447051107434e+20
2024-08-23,164,858000,858163,7.082183234467307e+20,7.08218324137675e+20
2024-08-24,153,858164,858316,6.607158749228646e+20,6.607158749228643e+20
2024-08-25,133,858317,858449,5.7434778669765355e+20,5.743477860067085e+20
2024-08-26,134,858450,858583,5.786661911089141e+20,5.786661938726926e+20
2024-08-27,142,858584,858725,6.132134263989986e+20,6.132134257080534e+20
2024-08-28,161,858726,858886,7.044402982129765e+20,7.044403010132379e+20
2024-08-29,132,858887,859018,5.8709119659630664e+20,5.87091198731184e+20
2024-08-30,142,859019,859160,6.315678023990567e+20,6.315678016874318e+20
2024-08-31,147,859161,859307,6.538061053004318e+20,6.538061031655557e+20
2024-09-01,142,859308,859449,6.315678023990567e+20,6.315678016874318e+20
2024-09-02,167,859450,859616,7.427593169059321e+20,7.427593154826825e+20
2024-09-03,149,859617,859765,6.627014264609819e+20,6.627014250377316e+20
2024-09-04,151,859766,859916,6.715967476215319e+20,6.715967469099072e+20
2024-09-05,155,859917,860071,6.89387389942632e+20,6.893873906542589e+20
2024-09-06,145,860072,860216,6.449107841398819e+20,6.449107812933798e+20
2024-09-07,158,860217,860374,7.02730371683457e+20,7.027303702602069e+20
2024-09-08,167,860375,860541,7.427593169059321e+20,7.427593154826825e+20
2024-09-09,145,860542,860686,6.449107841398819e+20,6.449107812933798e+20
2024-09-10,137,860687,860823,6.093294994976816e+20,6.093295002093078e+20
2024-09-11,108,860824,860931,4.962541889565949e+20,4.962541889565946e+20
2024-09-12,152,860932,861083,7.002228145578815e+20,7.002228175061857e+20
2024-09-13,123,861084,861206,5.666276723067058e+20,5.666276745179347e+20
2024-09-14,139,861207,861345,6.403353369970096e+20,6.403353384711611e+20
2024-09-15,151,861346,861496,6.956160855147375e+20,6.956160847776585e+20
2024-09-16,125,861497,861621,5.758411303929938e+20,5.758411333412993e+20
2024-09-17,150,861622,861771,6.910093564715935e+20,6.910093586828211e+20
2024-09-18,138,861772,861909,6.357286079538657e+20,6.35728605742634e+20
2024-09-19,122,861910,862031,5.620209432635618e+20,5.620209417894076e+20
2024-09-20,145,862032,862176,6.679757112558736e+20,6.679757083075649e+20
2024-09-21,135,862177,862311,6.219084208244337e+20,6.219084208244321e+20
2024-09-22,136,862312,862447,6.265151498675776e+20,6.265151469192695e+20
2024-09-23,146,862448,862593,6.725824402990175e+20,6.72582441036092e+20
2024-09-24,145,862594,862738,6.679757112558736e+20,6.679757083075649e+20
2024-09-25,144,862739,862882,6.559446994434937e+20,6.559446994434932e+20
2024-09-26,130,862883,863012,5.712988681801282e+20,5.712988695864017e+20
2024-09-27,137,863013,863149,6.020611149282889e+20,6.020611156314254e+20
2024-09-28,129,863150,863278,5.669042615018195e+20,5.6690425939240767e+20
2024-09-29,155,863279,863433,6.811640351378452e+20,6.811640358409815e+20
2024-09-30,137,863434,863570,6.020611149282889e+20,6.020611156314254e+20
2024-10-01,157,863571,863727,6.899532484944624e+20,6.899532499007359e+20
2024-10-02,155,863728,863882,6.811640351378452e+20,6.811640358409815e+20
2024-10-03,158,863883,864040,6.943478551727711e+20,6.943478537664964e+20
2024-10-04,169,864041,864209,7.426885286341666e+20,7.426885279310287e+20
2024-10-05,151,864210,864360,6.635856084246105e+20,6.635856077214726e+20
2024-10-06,152,864361,864512,6.679802151029191e+20,6.679802179154667e+20
2024-10-07,155,864513,864667,6.811640351378452e+20,6.811640358409815e+20
2024-10-08,167,864668,864834,7.338993152775493e+20,7.338993138712744e+20
2024-10-09,127,864835,864961,5.758729897726745e+20,5.7587298687063766e+20
2024-10-10,155,864962,865116,7.092505754670116e+20,7.092505761991408e+20
2024-10-11,140,865117,865256,6.406134230024618e+20,6.406134215382024e+20
2024-10-12,143,865257,865399,6.543408534953718e+20,6.543408564238902e+20
2024-10-13,138,865400,865537,6.314618026738551e+20,6.314618004774662e+20
2024-10-14,139,865538,865676,6.360376128381585e+20,6.360376143024176e+20
2024-10-15,156,865677,865832,7.13826385631315e+20,7.138263834349256e+20
2024-10-16,141,865833,865973,6.451892331667651e+20,6.45189235363154e+20
2024-10-17,157,865974,866130,7.184021957956183e+20,7.184021972598771e+20
2024-10-18,136,866131,866266,6.223101823452485e+20,6.223101794167301e+20
2024-10-19,173,866267,866439,7.916151584244715e+20,7.916151591566001e+20
2024-10-20,173,866440,866612,7.916151584244715e+20,7.916151591566001e+20
2024-10-21,171,866613,866783,7.824635380958648e+20,7.824635380958639e+20
2024-10-22,138,866784,866921,6.390262428430884e+20,6.390262406203893e+20
2024-10-23,151,866922,867072,7.181432982753785e+20,7.181432975144314e+20
2024-10-24,147,867073,867219,6.991196347449048e+20,6.991196324620648e+20
2024-10-25,153,867220,867372,7.276551300406152e+20,7.276551300406148e+20
2024-10-26,146,867373,867518,6.943637188622864e+20,6.943637196232325e+20
2024-10-27,161,867519,867679,7.657024571015624e+20,7.657024601453481e+20
2024-10-28,168,867680,867847,7.989938682798912e+20,7.989938705627303e+20
2024-10-29,157,867848,868004,7.466787935710889e+20,7.466787950929814e+20
2024-10-30,169,868005,868173,8.037497841625097e+20,8.037497834015626e+20
2024-10-31,158,868174,868331,7.514347094537071e+20,7.514347079318138e+20
2024-11-01,153,868332,868484,7.276551300406152e+20,7.276551300406148e+20
2024-11-02,141,868485,868625,6.705841394491944e+20,6.705841417320336e+20
2024-11-03,132,868626,868757,6.277808965056289e+20,6.27780898788468e+20
2024-11-04,151,868758,868908,7.220039878660896e+20,7.220039871010514e+20
2024-11-05,139,868909,869047,7.02351988692327e+20,7.023519903092509e+20
2024-11-06,153,869048,869200,7.730924767620581e+20,7.730924767620562e+20
2024-11-07,156,869201,869356,7.882511527770005e+20,7.882511503516102e+20
2024-11-08,142,869357,869498,7.175106647072693e+20,7.17510663898805e+20
2024-11-09,139,869499,869637,7.02351988692327e+20,7.023519903092509e+20
2024-11-10,148,869638,869785,7.478280167371541e+20,7.478280183540778e+20
2024-11-11,136,869786,869921,6.871933126773846e+20,6.871933094435324e+20
2024-11-12,146,869922,870067,7.377222327271925e+20,7.377222335356535e+20
2024-11-13,138,870068,870205,6.97299096687346e+20,6.972990942619566e+20
2024-11-14,127,870206,870332,6.417172846325573e+20,6.417172813987055e+20
2024-11-15,150,870333,870482,7.579338007471157e+20,7.57933803172502e+20
2024-11-16,157,870483,870639,7.933040447819813e+20,7.933040463989046e+20
2024-11-17,150,870640,870789,7.579338007471157e+20,7.57933803172502e+20
2024-11-18,156,870790,870945,7.893371816015993e+20,7.893371791728685e+20
2024-11-19,175,870946,871120,8.898459551158984e+20,8.898459567430437e+20
2024-11-20,147,871121,871267,7.474706022973546e+20,7.47470599856633e+20
2024-11-21,144,871268,871411,7.322161002096534e+20,7.322161002096523e+20
2024-11-22,143,871412,871554,7.271312661804198e+20,7.271312694347124e+20
2024-11-23,138,871555,871692,7.017070960342512e+20,7.017070935935298e+20
2024-11-24,134,871693,871826,6.813677599173164e+20,6.813677631716091e+20
2024-11-25,169,871827,871995,8.593369509404962e+20,8.593369501269213e+20
2024-11-26,139,871996,872134,7.06791930063485e+20,7.067919316906306e+20
2024-11-27,133,872135,872267,6.762829258880827e+20,6.762829250745082e+20
2024-11-28,142,872268,872409,7.22046432151186e+20,7.220464313376114e+20
2024-11-29,121,872410,872530,6.152649175372783e+20,6.152649191644242e+20
2024-11-30,164,872531,872694,8.339127807943276e+20,8.339127816078996e+20
2024-12-01,158,872695,872852,8.034037766189254e+20,8.034037749917771e+20
2024-12-02,127,872853,872979,6.499879513812137e+20,6.49987948105684e+20
2024-12-03,157,872980,873136,8.110420706273793e+20,8.110420722804599e+20
2024-12-04,147,873137,873283,7.593833400141705e+20,7.593833375345525e+20
2024-12-05,155,873284,873438,8.007103245047376e+20,8.007103253312784e+20
2024-12-06,136,873439,873574,7.025587363396408e+20,7.02558733033483e+20
2024-12-07,142,873575,873716,7.335539747075661e+20,7.335539738810274e+20
2024-12-08,146,873717,873862,7.542174669528497e+20,7.542174677793905e+20
2024-12-09,167,873863,874029,8.627008012405882e+20,8.627007995875101e+20
2024-12-10,154,874030,874183,7.955444514434168e+20,7.955444481372591e+20
2024-12-11,142,874184,874325,7.335539747075661e+20,7.335539738810274e+20
2024-12-12,148,874326,874473,7.645492130754914e+20,7.645492147285718e+20
2024-12-13,170,874474,874643,8.781984204245509e+20,8.78198423730711e+20
2024-12-14,159,874644,874802,8.213738167500211e+20,8.213738192296414e+20
2024-12-15,137,874803,874939,7.077246094009616e+20,7.077246102275023e+20
2024-12-16,148,874940,875087,7.974988629838952e+20,7.974988647082183e+20
2024-12-17,136,875088,875223,7.33677850142022e+20,7.336778466894216e+20
2024-12-18,144,875224,875367,7.768353707386117e+20,7.768353707386128e+20
2024-12-19,145,875368,875512,7.822300608131853e+20,7.822300573605849e+20
2024-12-20,151,875513,875663,8.145982012606275e+20,8.145982003974782e+20
2024-12-21,145,875664,875808,7.822300608131853e+20,7.822300573605849e+20
2024-12-22,155,875809,875963,8.361769615589221e+20,8.361769624220739e+20
2024-12-23,139,875964,876102,7.498619203657432e+20,7.49861922092045e+20
2024-12-24,132,876103,876234,7.120990898437274e+20,7.120990924331796e+20
2024-12-25,151,876235,876385,8.145982012606275e+20,8.145982003974782e+20
2024-12-26,131,876386,876516,7.067043997691536e+20,7.067043980428538e+20
2024-12-27,158,876517,876674,8.523610317826433e+20,8.523610300563436e+20
2024-12-28,143,876675,876817,7.714406806640379e+20,7.714406841166407e+20
2024-12-29,158,876818,876975,8.533627358458163e+20,8.533627341174872e+20
2024-12-30,159,876976,877134,8.677101559849943e+20,8.67710158604494e+20
2024-12-31,129,877135,877263,7.039912586293342e+20,7.039912560098306e+20
